ISO-10303-21;
HEADER;
/* Generated by software containing ST-Developer
 * from STEP Tools, Inc. (www.steptools.com) 
 */

FILE_DESCRIPTION(
/* description */ (''),
/* implementation_level */ '2;1');

FILE_NAME(
/* name */ 'electronics box bottom.step',
/* time_stamp */ '2025-10-17T09:03:23-04:00',
/* author */ (''),
/* organization */ (''),
/* preprocessor_version */ 'ST-DEVELOPER v20.1',
/* originating_system */ 'Autodesk Translation Framework v14.10.0.0',
/* authorisation */ '');

FILE_SCHEMA (('AUTOMOTIVE_DESIGN { 1 0 10303 214 3 1 1 }'));
ENDSEC;

DATA;
#10=MECHANICAL_DESIGN_GEOMETRIC_PRESENTATION_REPRESENTATION('',(#13),#2458);
#11=SHAPE_REPRESENTATION_RELATIONSHIP('SRR','None',#2464,#12);
#12=ADVANCED_BREP_SHAPE_REPRESENTATION('',(#14),#2457);
#13=STYLED_ITEM('',(#2477),#14);
#14=MANIFOLD_SOLID_BREP('electronics box bottom',#1529);
#15=FACE_BOUND('',#189,.T.);
#16=FACE_BOUND('',#190,.T.);
#17=FACE_BOUND('',#191,.T.);
#18=FACE_BOUND('',#192,.T.);
#19=FACE_BOUND('',#194,.T.);
#20=FACE_BOUND('',#195,.T.);
#21=FACE_BOUND('',#196,.T.);
#22=FACE_BOUND('',#197,.T.);
#23=FACE_BOUND('',#198,.T.);
#24=FACE_BOUND('',#199,.T.);
#25=FACE_BOUND('',#202,.T.);
#26=FACE_BOUND('',#204,.T.);
#27=FACE_BOUND('',#206,.T.);
#28=FACE_BOUND('',#217,.T.);
#29=FACE_BOUND('',#227,.T.);
#30=FACE_BOUND('',#228,.T.);
#31=FACE_BOUND('',#246,.T.);
#32=FACE_BOUND('',#247,.T.);
#33=FACE_BOUND('',#264,.T.);
#34=FACE_BOUND('',#267,.T.);
#35=FACE_BOUND('',#268,.T.);
#36=FACE_BOUND('',#269,.T.);
#37=FACE_BOUND('',#270,.T.);
#38=FACE_BOUND('',#271,.T.);
#39=FACE_BOUND('',#272,.T.);
#40=FACE_BOUND('',#273,.T.);
#41=FACE_BOUND('',#274,.T.);
#42=FACE_BOUND('',#275,.T.);
#43=FACE_BOUND('',#276,.T.);
#44=FACE_BOUND('',#277,.T.);
#45=FACE_BOUND('',#278,.T.);
#46=FACE_BOUND('',#279,.T.);
#47=FACE_BOUND('',#280,.T.);
#48=FACE_BOUND('',#286,.T.);
#49=PLANE('',#1543);
#50=PLANE('',#1544);
#51=PLANE('',#1545);
#52=PLANE('',#1546);
#53=PLANE('',#1547);
#54=PLANE('',#1548);
#55=PLANE('',#1553);
#56=PLANE('',#1554);
#57=PLANE('',#1556);
#58=PLANE('',#1558);
#59=PLANE('',#1561);
#60=PLANE('',#1562);
#61=PLANE('',#1563);
#62=PLANE('',#1564);
#63=PLANE('',#1565);
#64=PLANE('',#1566);
#65=PLANE('',#1567);
#66=PLANE('',#1568);
#67=PLANE('',#1569);
#68=PLANE('',#1570);
#69=PLANE('',#1572);
#70=PLANE('',#1575);
#71=PLANE('',#1587);
#72=PLANE('',#1592);
#73=PLANE('',#1593);
#74=PLANE('',#1602);
#75=PLANE('',#1603);
#76=PLANE('',#1604);
#77=PLANE('',#1605);
#78=PLANE('',#1606);
#79=PLANE('',#1607);
#80=PLANE('',#1608);
#81=PLANE('',#1609);
#82=PLANE('',#1610);
#83=PLANE('',#1611);
#84=PLANE('',#1612);
#85=PLANE('',#1613);
#86=PLANE('',#1616);
#87=PLANE('',#1617);
#88=PLANE('',#1618);
#89=PLANE('',#1619);
#90=PLANE('',#1620);
#91=PLANE('',#1621);
#92=PLANE('',#1622);
#93=PLANE('',#1623);
#94=PLANE('',#1624);
#95=PLANE('',#1625);
#96=PLANE('',#1626);
#97=PLANE('',#1627);
#98=PLANE('',#1628);
#99=PLANE('',#1629);
#100=PLANE('',#1630);
#101=PLANE('',#1634);
#102=PLANE('',#1635);
#103=PLANE('',#1636);
#104=PLANE('',#1637);
#105=PLANE('',#1638);
#106=FACE_OUTER_BOUND('',#180,.T.);
#107=FACE_OUTER_BOUND('',#181,.T.);
#108=FACE_OUTER_BOUND('',#182,.T.);
#109=FACE_OUTER_BOUND('',#183,.T.);
#110=FACE_OUTER_BOUND('',#184,.T.);
#111=FACE_OUTER_BOUND('',#185,.T.);
#112=FACE_OUTER_BOUND('',#186,.T.);
#113=FACE_OUTER_BOUND('',#187,.T.);
#114=FACE_OUTER_BOUND('',#188,.T.);
#115=FACE_OUTER_BOUND('',#193,.T.);
#116=FACE_OUTER_BOUND('',#200,.T.);
#117=FACE_OUTER_BOUND('',#201,.T.);
#118=FACE_OUTER_BOUND('',#203,.T.);
#119=FACE_OUTER_BOUND('',#205,.T.);
#120=FACE_OUTER_BOUND('',#207,.T.);
#121=FACE_OUTER_BOUND('',#208,.T.);
#122=FACE_OUTER_BOUND('',#209,.T.);
#123=FACE_OUTER_BOUND('',#210,.T.);
#124=FACE_OUTER_BOUND('',#211,.T.);
#125=FACE_OUTER_BOUND('',#212,.T.);
#126=FACE_OUTER_BOUND('',#213,.T.);
#127=FACE_OUTER_BOUND('',#214,.T.);
#128=FACE_OUTER_BOUND('',#215,.T.);
#129=FACE_OUTER_BOUND('',#216,.T.);
#130=FACE_OUTER_BOUND('',#218,.T.);
#131=FACE_OUTER_BOUND('',#219,.T.);
#132=FACE_OUTER_BOUND('',#220,.T.);
#133=FACE_OUTER_BOUND('',#221,.T.);
#134=FACE_OUTER_BOUND('',#222,.T.);
#135=FACE_OUTER_BOUND('',#223,.T.);
#136=FACE_OUTER_BOUND('',#224,.T.);
#137=FACE_OUTER_BOUND('',#225,.T.);
#138=FACE_OUTER_BOUND('',#226,.T.);
#139=FACE_OUTER_BOUND('',#229,.T.);
#140=FACE_OUTER_BOUND('',#230,.T.);
#141=FACE_OUTER_BOUND('',#231,.T.);
#142=FACE_OUTER_BOUND('',#232,.T.);
#143=FACE_OUTER_BOUND('',#233,.T.);
#144=FACE_OUTER_BOUND('',#234,.T.);
#145=FACE_OUTER_BOUND('',#235,.T.);
#146=FACE_OUTER_BOUND('',#236,.T.);
#147=FACE_OUTER_BOUND('',#237,.T.);
#148=FACE_OUTER_BOUND('',#238,.T.);
#149=FACE_OUTER_BOUND('',#239,.T.);
#150=FACE_OUTER_BOUND('',#240,.T.);
#151=FACE_OUTER_BOUND('',#241,.T.);
#152=FACE_OUTER_BOUND('',#242,.T.);
#153=FACE_OUTER_BOUND('',#243,.T.);
#154=FACE_OUTER_BOUND('',#244,.T.);
#155=FACE_OUTER_BOUND('',#245,.T.);
#156=FACE_OUTER_BOUND('',#248,.T.);
#157=FACE_OUTER_BOUND('',#249,.T.);
#158=FACE_OUTER_BOUND('',#250,.T.);
#159=FACE_OUTER_BOUND('',#251,.T.);
#160=FACE_OUTER_BOUND('',#252,.T.);
#161=FACE_OUTER_BOUND('',#253,.T.);
#162=FACE_OUTER_BOUND('',#254,.T.);
#163=FACE_OUTER_BOUND('',#255,.T.);
#164=FACE_OUTER_BOUND('',#256,.T.);
#165=FACE_OUTER_BOUND('',#257,.T.);
#166=FACE_OUTER_BOUND('',#258,.T.);
#167=FACE_OUTER_BOUND('',#259,.T.);
#168=FACE_OUTER_BOUND('',#260,.T.);
#169=FACE_OUTER_BOUND('',#261,.T.);
#170=FACE_OUTER_BOUND('',#262,.T.);
#171=FACE_OUTER_BOUND('',#263,.T.);
#172=FACE_OUTER_BOUND('',#265,.T.);
#173=FACE_OUTER_BOUND('',#266,.T.);
#174=FACE_OUTER_BOUND('',#281,.T.);
#175=FACE_OUTER_BOUND('',#282,.T.);
#176=FACE_OUTER_BOUND('',#283,.T.);
#177=FACE_OUTER_BOUND('',#284,.T.);
#178=FACE_OUTER_BOUND('',#285,.T.);
#179=FACE_OUTER_BOUND('',#287,.T.);
#180=EDGE_LOOP('',(#1020,#1021,#1022,#1023));
#181=EDGE_LOOP('',(#1024,#1025,#1026,#1027));
#182=EDGE_LOOP('',(#1028,#1029,#1030,#1031));
#183=EDGE_LOOP('',(#1032,#1033,#1034,#1035));
#184=EDGE_LOOP('',(#1036,#1037,#1038,#1039));
#185=EDGE_LOOP('',(#1040,#1041,#1042,#1043));
#186=EDGE_LOOP('',(#1044,#1045,#1046,#1047));
#187=EDGE_LOOP('',(#1048,#1049,#1050,#1051));
#188=EDGE_LOOP('',(#1052,#1053,#1054,#1055));
#189=EDGE_LOOP('',(#1056));
#190=EDGE_LOOP('',(#1057));
#191=EDGE_LOOP('',(#1058));
#192=EDGE_LOOP('',(#1059));
#193=EDGE_LOOP('',(#1060,#1061,#1062,#1063,#1064,#1065,#1066,#1067,#1068,
#1069,#1070,#1071,#1072,#1073,#1074,#1075,#1076,#1077,#1078,#1079,#1080,
#1081,#1082,#1083));
#194=EDGE_LOOP('',(#1084,#1085,#1086,#1087));
#195=EDGE_LOOP('',(#1088,#1089,#1090,#1091));
#196=EDGE_LOOP('',(#1092,#1093,#1094,#1095));
#197=EDGE_LOOP('',(#1096));
#198=EDGE_LOOP('',(#1097));
#199=EDGE_LOOP('',(#1098));
#200=EDGE_LOOP('',(#1099,#1100,#1101,#1102));
#201=EDGE_LOOP('',(#1103,#1104,#1105,#1106));
#202=EDGE_LOOP('',(#1107));
#203=EDGE_LOOP('',(#1108,#1109,#1110,#1111));
#204=EDGE_LOOP('',(#1112));
#205=EDGE_LOOP('',(#1113,#1114,#1115,#1116));
#206=EDGE_LOOP('',(#1117));
#207=EDGE_LOOP('',(#1118,#1119,#1120,#1121));
#208=EDGE_LOOP('',(#1122,#1123,#1124,#1125));
#209=EDGE_LOOP('',(#1126,#1127,#1128,#1129));
#210=EDGE_LOOP('',(#1130,#1131,#1132,#1133));
#211=EDGE_LOOP('',(#1134,#1135,#1136,#1137));
#212=EDGE_LOOP('',(#1138,#1139,#1140,#1141));
#213=EDGE_LOOP('',(#1142,#1143,#1144,#1145));
#214=EDGE_LOOP('',(#1146,#1147,#1148,#1149));
#215=EDGE_LOOP('',(#1150,#1151,#1152,#1153));
#216=EDGE_LOOP('',(#1154,#1155,#1156,#1157));
#217=EDGE_LOOP('',(#1158));
#218=EDGE_LOOP('',(#1159,#1160,#1161,#1162));
#219=EDGE_LOOP('',(#1163,#1164,#1165,#1166));
#220=EDGE_LOOP('',(#1167,#1168,#1169,#1170));
#221=EDGE_LOOP('',(#1171,#1172,#1173,#1174));
#222=EDGE_LOOP('',(#1175,#1176,#1177,#1178));
#223=EDGE_LOOP('',(#1179,#1180,#1181,#1182));
#224=EDGE_LOOP('',(#1183,#1184,#1185,#1186));
#225=EDGE_LOOP('',(#1187,#1188,#1189,#1190));
#226=EDGE_LOOP('',(#1191,#1192,#1193,#1194,#1195,#1196,#1197,#1198));
#227=EDGE_LOOP('',(#1199));
#228=EDGE_LOOP('',(#1200,#1201,#1202));
#229=EDGE_LOOP('',(#1203,#1204,#1205,#1206));
#230=EDGE_LOOP('',(#1207,#1208,#1209,#1210));
#231=EDGE_LOOP('',(#1211,#1212,#1213,#1214));
#232=EDGE_LOOP('',(#1215,#1216,#1217,#1218));
#233=EDGE_LOOP('',(#1219,#1220,#1221,#1222));
#234=EDGE_LOOP('',(#1223,#1224,#1225,#1226));
#235=EDGE_LOOP('',(#1227,#1228,#1229,#1230));
#236=EDGE_LOOP('',(#1231,#1232,#1233,#1234));
#237=EDGE_LOOP('',(#1235,#1236,#1237,#1238));
#238=EDGE_LOOP('',(#1239,#1240,#1241,#1242));
#239=EDGE_LOOP('',(#1243,#1244,#1245,#1246));
#240=EDGE_LOOP('',(#1247,#1248,#1249,#1250));
#241=EDGE_LOOP('',(#1251,#1252,#1253,#1254));
#242=EDGE_LOOP('',(#1255,#1256,#1257,#1258));
#243=EDGE_LOOP('',(#1259,#1260,#1261,#1262));
#244=EDGE_LOOP('',(#1263,#1264,#1265));
#245=EDGE_LOOP('',(#1266,#1267,#1268,#1269));
#246=EDGE_LOOP('',(#1270,#1271,#1272));
#247=EDGE_LOOP('',(#1273));
#248=EDGE_LOOP('',(#1274,#1275,#1276,#1277));
#249=EDGE_LOOP('',(#1278,#1279,#1280,#1281));
#250=EDGE_LOOP('',(#1282,#1283,#1284,#1285));
#251=EDGE_LOOP('',(#1286,#1287,#1288,#1289));
#252=EDGE_LOOP('',(#1290,#1291,#1292,#1293,#1294,#1295));
#253=EDGE_LOOP('',(#1296,#1297,#1298,#1299));
#254=EDGE_LOOP('',(#1300,#1301,#1302,#1303));
#255=EDGE_LOOP('',(#1304,#1305,#1306,#1307,#1308,#1309,#1310,#1311));
#256=EDGE_LOOP('',(#1312,#1313,#1314,#1315));
#257=EDGE_LOOP('',(#1316,#1317,#1318,#1319));
#258=EDGE_LOOP('',(#1320,#1321,#1322,#1323));
#259=EDGE_LOOP('',(#1324,#1325,#1326,#1327,#1328,#1329,#1330,#1331,#1332,
#1333,#1334,#1335));
#260=EDGE_LOOP('',(#1336,#1337,#1338,#1339));
#261=EDGE_LOOP('',(#1340,#1341,#1342,#1343));
#262=EDGE_LOOP('',(#1344,#1345,#1346,#1347));
#263=EDGE_LOOP('',(#1348,#1349,#1350,#1351));
#264=EDGE_LOOP('',(#1352));
#265=EDGE_LOOP('',(#1353,#1354,#1355,#1356,#1357,#1358,#1359,#1360,#1361,
#1362,#1363,#1364,#1365,#1366,#1367,#1368,#1369,#1370,#1371,#1372,#1373,
#1374,#1375,#1376));
#266=EDGE_LOOP('',(#1377,#1378,#1379,#1380,#1381,#1382,#1383,#1384,#1385,
#1386,#1387,#1388));
#267=EDGE_LOOP('',(#1389));
#268=EDGE_LOOP('',(#1390));
#269=EDGE_LOOP('',(#1391));
#270=EDGE_LOOP('',(#1392));
#271=EDGE_LOOP('',(#1393));
#272=EDGE_LOOP('',(#1394));
#273=EDGE_LOOP('',(#1395));
#274=EDGE_LOOP('',(#1396));
#275=EDGE_LOOP('',(#1397));
#276=EDGE_LOOP('',(#1398));
#277=EDGE_LOOP('',(#1399));
#278=EDGE_LOOP('',(#1400));
#279=EDGE_LOOP('',(#1401));
#280=EDGE_LOOP('',(#1402,#1403,#1404,#1405));
#281=EDGE_LOOP('',(#1406,#1407,#1408,#1409));
#282=EDGE_LOOP('',(#1410,#1411,#1412,#1413,#1414));
#283=EDGE_LOOP('',(#1415,#1416,#1417,#1418));
#284=EDGE_LOOP('',(#1419,#1420,#1421,#1422,#1423,#1424,#1425,#1426));
#285=EDGE_LOOP('',(#1427,#1428,#1429,#1430));
#286=EDGE_LOOP('',(#1431));
#287=EDGE_LOOP('',(#1432,#1433,#1434,#1435,#1436,#1437));
#288=LINE('',#2037,#463);
#289=LINE('',#2043,#464);
#290=LINE('',#2049,#465);
#291=LINE('',#2055,#466);
#292=LINE('',#2060,#467);
#293=LINE('',#2062,#468);
#294=LINE('',#2064,#469);
#295=LINE('',#2065,#470);
#296=LINE('',#2068,#471);
#297=LINE('',#2070,#472);
#298=LINE('',#2071,#473);
#299=LINE('',#2074,#474);
#300=LINE('',#2076,#475);
#301=LINE('',#2077,#476);
#302=LINE('',#2079,#477);
#303=LINE('',#2080,#478);
#304=LINE('',#2085,#479);
#305=LINE('',#2087,#480);
#306=LINE('',#2089,#481);
#307=LINE('',#2091,#482);
#308=LINE('',#2093,#483);
#309=LINE('',#2095,#484);
#310=LINE('',#2097,#485);
#311=LINE('',#2099,#486);
#312=LINE('',#2101,#487);
#313=LINE('',#2103,#488);
#314=LINE('',#2105,#489);
#315=LINE('',#2107,#490);
#316=LINE('',#2109,#491);
#317=LINE('',#2111,#492);
#318=LINE('',#2113,#493);
#319=LINE('',#2115,#494);
#320=LINE('',#2117,#495);
#321=LINE('',#2121,#496);
#322=LINE('',#2123,#497);
#323=LINE('',#2125,#498);
#324=LINE('',#2127,#499);
#325=LINE('',#2129,#500);
#326=LINE('',#2130,#501);
#327=LINE('',#2133,#502);
#328=LINE('',#2135,#503);
#329=LINE('',#2137,#504);
#330=LINE('',#2138,#505);
#331=LINE('',#2141,#506);
#332=LINE('',#2143,#507);
#333=LINE('',#2145,#508);
#334=LINE('',#2146,#509);
#335=LINE('',#2155,#510);
#336=LINE('',#2157,#511);
#337=LINE('',#2158,#512);
#338=LINE('',#2162,#513);
#339=LINE('',#2164,#514);
#340=LINE('',#2166,#515);
#341=LINE('',#2167,#516);
#342=LINE('',#2173,#517);
#343=LINE('',#2175,#518);
#344=LINE('',#2177,#519);
#345=LINE('',#2178,#520);
#346=LINE('',#2184,#521);
#347=LINE('',#2186,#522);
#348=LINE('',#2188,#523);
#349=LINE('',#2195,#524);
#350=LINE('',#2197,#525);
#351=LINE('',#2199,#526);
#352=LINE('',#2200,#527);
#353=LINE('',#2203,#528);
#354=LINE('',#2205,#529);
#355=LINE('',#2206,#530);
#356=LINE('',#2209,#531);
#357=LINE('',#2211,#532);
#358=LINE('',#2212,#533);
#359=LINE('',#2215,#534);
#360=LINE('',#2217,#535);
#361=LINE('',#2218,#536);
#362=LINE('',#2221,#537);
#363=LINE('',#2223,#538);
#364=LINE('',#2224,#539);
#365=LINE('',#2227,#540);
#366=LINE('',#2229,#541);
#367=LINE('',#2230,#542);
#368=LINE('',#2233,#543);
#369=LINE('',#2235,#544);
#370=LINE('',#2236,#545);
#371=LINE('',#2239,#546);
#372=LINE('',#2241,#547);
#373=LINE('',#2242,#548);
#374=LINE('',#2245,#549);
#375=LINE('',#2247,#550);
#376=LINE('',#2248,#551);
#377=LINE('',#2252,#552);
#378=LINE('',#2254,#553);
#379=LINE('',#2256,#554);
#380=LINE('',#2257,#555);
#381=LINE('',#2263,#556);
#382=LINE('',#2264,#557);
#383=LINE('',#2265,#558);
#384=LINE('',#2269,#559);
#385=LINE('',#2272,#560);
#386=LINE('',#2273,#561);
#387=LINE('',#2276,#562);
#388=LINE('',#2280,#563);
#389=LINE('',#2286,#564);
#390=LINE('',#2290,#565);
#391=LINE('',#2294,#566);
#392=LINE('',#2299,#567);
#393=LINE('',#2301,#568);
#394=LINE('',#2302,#569);
#395=LINE('',#2304,#570);
#396=LINE('',#2306,#571);
#397=LINE('',#2308,#572);
#398=LINE('',#2309,#573);
#399=LINE('',#2316,#574);
#400=LINE('',#2317,#575);
#401=LINE('',#2321,#576);
#402=LINE('',#2324,#577);
#403=LINE('',#2326,#578);
#404=LINE('',#2327,#579);
#405=LINE('',#2330,#580);
#406=LINE('',#2331,#581);
#407=LINE('',#2336,#582);
#408=LINE('',#2340,#583);
#409=LINE('',#2344,#584);
#410=LINE('',#2348,#585);
#411=LINE('',#2350,#586);
#412=LINE('',#2351,#587);
#413=LINE('',#2354,#588);
#414=LINE('',#2355,#589);
#415=LINE('',#2358,#590);
#416=LINE('',#2359,#591);
#417=LINE('',#2361,#592);
#418=LINE('',#2363,#593);
#419=LINE('',#2364,#594);
#420=LINE('',#2366,#595);
#421=LINE('',#2368,#596);
#422=LINE('',#2372,#597);
#423=LINE('',#2373,#598);
#424=LINE('',#2376,#599);
#425=LINE('',#2377,#600);
#426=LINE('',#2379,#601);
#427=LINE('',#2382,#602);
#428=LINE('',#2383,#603);
#429=LINE('',#2387,#604);
#430=LINE('',#2390,#605);
#431=LINE('',#2391,#606);
#432=LINE('',#2393,#607);
#433=LINE('',#2395,#608);
#434=LINE('',#2396,#609);
#435=LINE('',#2398,#610);
#436=LINE('',#2400,#611);
#437=LINE('',#2403,#612);
#438=LINE('',#2404,#613);
#439=LINE('',#2405,#614);
#440=LINE('',#2407,#615);
#441=LINE('',#2409,#616);
#442=LINE('',#2411,#617);
#443=LINE('',#2412,#618);
#444=LINE('',#2414,#619);
#445=LINE('',#2416,#620);
#446=LINE('',#2419,#621);
#447=LINE('',#2421,#622);
#448=LINE('',#2422,#623);
#449=LINE('',#2425,#624);
#450=LINE('',#2426,#625);
#451=LINE('',#2429,#626);
#452=LINE('',#2430,#627);
#453=LINE('',#2432,#628);
#454=LINE('',#2434,#629);
#455=LINE('',#2435,#630);
#456=LINE('',#2437,#631);
#457=LINE('',#2443,#632);
#458=LINE('',#2446,#633);
#459=LINE('',#2447,#634);
#460=LINE('',#2449,#635);
#461=LINE('',#2451,#636);
#462=LINE('',#2453,#637);
#463=VECTOR('',#1645,1.00000000000001);
#464=VECTOR('',#1652,1.00000000000001);
#465=VECTOR('',#1659,1.00000000000001);
#466=VECTOR('',#1666,1.00000000000001);
#467=VECTOR('',#1671,10.);
#468=VECTOR('',#1672,10.);
#469=VECTOR('',#1673,10.);
#470=VECTOR('',#1674,10.);
#471=VECTOR('',#1677,10.);
#472=VECTOR('',#1678,10.);
#473=VECTOR('',#1679,10.);
#474=VECTOR('',#1682,10.);
#475=VECTOR('',#1683,10.);
#476=VECTOR('',#1684,10.);
#477=VECTOR('',#1687,10.);
#478=VECTOR('',#1688,10.);
#479=VECTOR('',#1693,10.);
#480=VECTOR('',#1694,10.);
#481=VECTOR('',#1695,10.);
#482=VECTOR('',#1696,10.);
#483=VECTOR('',#1697,10.);
#484=VECTOR('',#1698,10.);
#485=VECTOR('',#1699,10.);
#486=VECTOR('',#1700,10.);
#487=VECTOR('',#1701,10.);
#488=VECTOR('',#1702,10.);
#489=VECTOR('',#1703,10.);
#490=VECTOR('',#1704,10.);
#491=VECTOR('',#1705,10.);
#492=VECTOR('',#1706,10.);
#493=VECTOR('',#1707,10.);
#494=VECTOR('',#1708,10.);
#495=VECTOR('',#1709,10.);
#496=VECTOR('',#1712,10.);
#497=VECTOR('',#1713,10.);
#498=VECTOR('',#1714,10.);
#499=VECTOR('',#1715,10.);
#500=VECTOR('',#1716,10.);
#501=VECTOR('',#1717,10.);
#502=VECTOR('',#1718,10.);
#503=VECTOR('',#1719,10.);
#504=VECTOR('',#1720,10.);
#505=VECTOR('',#1721,10.);
#506=VECTOR('',#1722,10.);
#507=VECTOR('',#1723,10.);
#508=VECTOR('',#1724,10.);
#509=VECTOR('',#1725,10.);
#510=VECTOR('',#1734,10.);
#511=VECTOR('',#1735,10.);
#512=VECTOR('',#1736,10.);
#513=VECTOR('',#1739,10.);
#514=VECTOR('',#1740,10.);
#515=VECTOR('',#1741,10.);
#516=VECTOR('',#1742,10.);
#517=VECTOR('',#1747,10.);
#518=VECTOR('',#1748,10.);
#519=VECTOR('',#1749,10.);
#520=VECTOR('',#1750,10.);
#521=VECTOR('',#1755,10.);
#522=VECTOR('',#1756,10.);
#523=VECTOR('',#1757,10.);
#524=VECTOR('',#1764,10.);
#525=VECTOR('',#1765,10.);
#526=VECTOR('',#1766,10.);
#527=VECTOR('',#1767,10.);
#528=VECTOR('',#1770,10.);
#529=VECTOR('',#1771,10.);
#530=VECTOR('',#1772,10.);
#531=VECTOR('',#1775,10.);
#532=VECTOR('',#1776,10.);
#533=VECTOR('',#1777,10.);
#534=VECTOR('',#1780,10.);
#535=VECTOR('',#1781,10.);
#536=VECTOR('',#1782,10.);
#537=VECTOR('',#1785,10.);
#538=VECTOR('',#1786,10.);
#539=VECTOR('',#1787,10.);
#540=VECTOR('',#1790,10.);
#541=VECTOR('',#1791,10.);
#542=VECTOR('',#1792,10.);
#543=VECTOR('',#1795,10.);
#544=VECTOR('',#1796,10.);
#545=VECTOR('',#1797,10.);
#546=VECTOR('',#1800,10.);
#547=VECTOR('',#1801,10.);
#548=VECTOR('',#1802,10.);
#549=VECTOR('',#1805,10.);
#550=VECTOR('',#1806,10.);
#551=VECTOR('',#1807,10.);
#552=VECTOR('',#1810,10.);
#553=VECTOR('',#1811,10.);
#554=VECTOR('',#1812,10.);
#555=VECTOR('',#1813,10.);
#556=VECTOR('',#1818,10.);
#557=VECTOR('',#1819,10.);
#558=VECTOR('',#1820,10.);
#559=VECTOR('',#1825,10.);
#560=VECTOR('',#1828,10.);
#561=VECTOR('',#1829,10.);
#562=VECTOR('',#1832,1.35);
#563=VECTOR('',#1837,1.35);
#564=VECTOR('',#1844,1.35);
#565=VECTOR('',#1849,1.35000000000002);
#566=VECTOR('',#1854,1.65000000000003);
#567=VECTOR('',#1859,10.);
#568=VECTOR('',#1860,10.);
#569=VECTOR('',#1861,10.);
#570=VECTOR('',#1862,10.);
#571=VECTOR('',#1863,10.);
#572=VECTOR('',#1864,10.);
#573=VECTOR('',#1865,10.);
#574=VECTOR('',#1870,10.);
#575=VECTOR('',#1871,10.);
#576=VECTOR('',#1876,1.35000000000002);
#577=VECTOR('',#1879,10.);
#578=VECTOR('',#1880,10.);
#579=VECTOR('',#1881,10.);
#580=VECTOR('',#1884,10.);
#581=VECTOR('',#1885,10.);
#582=VECTOR('',#1892,1.64999999999999);
#583=VECTOR('',#1897,1.64999999999999);
#584=VECTOR('',#1902,1.64999999999999);
#585=VECTOR('',#1907,10.);
#586=VECTOR('',#1908,10.);
#587=VECTOR('',#1909,10.);
#588=VECTOR('',#1912,10.);
#589=VECTOR('',#1913,10.);
#590=VECTOR('',#1916,10.);
#591=VECTOR('',#1917,10.);
#592=VECTOR('',#1920,10.);
#593=VECTOR('',#1923,10.);
#594=VECTOR('',#1924,10.);
#595=VECTOR('',#1927,10.);
#596=VECTOR('',#1930,10.);
#597=VECTOR('',#1935,10.);
#598=VECTOR('',#1936,10.);
#599=VECTOR('',#1939,10.);
#600=VECTOR('',#1940,10.);
#601=VECTOR('',#1943,10.);
#602=VECTOR('',#1946,10.);
#603=VECTOR('',#1947,10.);
#604=VECTOR('',#1952,10.);
#605=VECTOR('',#1955,10.);
#606=VECTOR('',#1956,10.);
#607=VECTOR('',#1959,10.);
#608=VECTOR('',#1960,10.);
#609=VECTOR('',#1961,10.);
#610=VECTOR('',#1964,10.);
#611=VECTOR('',#1967,10.);
#612=VECTOR('',#1970,10.);
#613=VECTOR('',#1971,10.);
#614=VECTOR('',#1972,10.);
#615=VECTOR('',#1975,10.);
#616=VECTOR('',#1978,10.);
#617=VECTOR('',#1981,10.);
#618=VECTOR('',#1982,10.);
#619=VECTOR('',#1985,10.);
#620=VECTOR('',#1988,10.);
#621=VECTOR('',#1991,10.);
#622=VECTOR('',#1992,10.);
#623=VECTOR('',#1993,10.);
#624=VECTOR('',#1996,10.);
#625=VECTOR('',#1997,10.);
#626=VECTOR('',#2000,10.);
#627=VECTOR('',#2001,10.);
#628=VECTOR('',#2004,10.);
#629=VECTOR('',#2005,10.);
#630=VECTOR('',#2006,10.);
#631=VECTOR('',#2009,10.);
#632=VECTOR('',#2016,1.35);
#633=VECTOR('',#2019,10.);
#634=VECTOR('',#2020,10.);
#635=VECTOR('',#2023,10.);
#636=VECTOR('',#2026,10.);
#637=VECTOR('',#2029,10.);
#638=CIRCLE('',#1532,0.800000000000014);
#639=CIRCLE('',#1533,0.800000000000014);
#640=CIRCLE('',#1535,0.800000000000014);
#641=CIRCLE('',#1536,0.800000000000014);
#642=CIRCLE('',#1538,0.800000000000014);
#643=CIRCLE('',#1539,0.800000000000014);
#644=CIRCLE('',#1541,0.800000000000014);
#645=CIRCLE('',#1542,0.800000000000014);
#646=CIRCLE('',#1549,4.5);
#647=CIRCLE('',#1550,1.64999999999999);
#648=CIRCLE('',#1551,1.64999999999999);
#649=CIRCLE('',#1552,1.64999999999999);
#650=CIRCLE('',#1555,1.35000000000002);
#651=CIRCLE('',#1557,1.35000000000002);
#652=CIRCLE('',#1559,4.5);
#653=CIRCLE('',#1560,1.65000000000003);
#654=CIRCLE('',#1571,1.35000000000002);
#655=CIRCLE('',#1574,4.5);
#656=CIRCLE('',#1577,1.35);
#657=CIRCLE('',#1579,1.35);
#658=CIRCLE('',#1581,1.35000000000002);
#659=CIRCLE('',#1582,1.35);
#660=CIRCLE('',#1584,1.35000000000002);
#661=CIRCLE('',#1586,1.65000000000003);
#662=CIRCLE('',#1588,1.35000000000002);
#663=CIRCLE('',#1589,3.65000000000003);
#664=CIRCLE('',#1591,1.35000000000002);
#665=CIRCLE('',#1595,3.65000000000003);
#666=CIRCLE('',#1597,1.64999999999999);
#667=CIRCLE('',#1599,1.64999999999999);
#668=CIRCLE('',#1601,1.64999999999999);
#669=CIRCLE('',#1615,4.5);
#670=CIRCLE('',#1631,1.35);
#671=CIRCLE('',#1633,1.35000000000002);
#672=VERTEX_POINT('',#2034);
#673=VERTEX_POINT('',#2036);
#674=VERTEX_POINT('',#2040);
#675=VERTEX_POINT('',#2042);
#676=VERTEX_POINT('',#2046);
#677=VERTEX_POINT('',#2048);
#678=VERTEX_POINT('',#2052);
#679=VERTEX_POINT('',#2054);
#680=VERTEX_POINT('',#2058);
#681=VERTEX_POINT('',#2059);
#682=VERTEX_POINT('',#2061);
#683=VERTEX_POINT('',#2063);
#684=VERTEX_POINT('',#2067);
#685=VERTEX_POINT('',#2069);
#686=VERTEX_POINT('',#2073);
#687=VERTEX_POINT('',#2075);
#688=VERTEX_POINT('',#2083);
#689=VERTEX_POINT('',#2084);
#690=VERTEX_POINT('',#2086);
#691=VERTEX_POINT('',#2088);
#692=VERTEX_POINT('',#2090);
#693=VERTEX_POINT('',#2092);
#694=VERTEX_POINT('',#2094);
#695=VERTEX_POINT('',#2096);
#696=VERTEX_POINT('',#2098);
#697=VERTEX_POINT('',#2100);
#698=VERTEX_POINT('',#2102);
#699=VERTEX_POINT('',#2104);
#700=VERTEX_POINT('',#2106);
#701=VERTEX_POINT('',#2108);
#702=VERTEX_POINT('',#2110);
#703=VERTEX_POINT('',#2112);
#704=VERTEX_POINT('',#2114);
#705=VERTEX_POINT('',#2116);
#706=VERTEX_POINT('',#2118);
#707=VERTEX_POINT('',#2120);
#708=VERTEX_POINT('',#2122);
#709=VERTEX_POINT('',#2124);
#710=VERTEX_POINT('',#2126);
#711=VERTEX_POINT('',#2128);
#712=VERTEX_POINT('',#2131);
#713=VERTEX_POINT('',#2132);
#714=VERTEX_POINT('',#2134);
#715=VERTEX_POINT('',#2136);
#716=VERTEX_POINT('',#2139);
#717=VERTEX_POINT('',#2140);
#718=VERTEX_POINT('',#2142);
#719=VERTEX_POINT('',#2144);
#720=VERTEX_POINT('',#2147);
#721=VERTEX_POINT('',#2149);
#722=VERTEX_POINT('',#2151);
#723=VERTEX_POINT('',#2154);
#724=VERTEX_POINT('',#2156);
#725=VERTEX_POINT('',#2160);
#726=VERTEX_POINT('',#2161);
#727=VERTEX_POINT('',#2163);
#728=VERTEX_POINT('',#2165);
#729=VERTEX_POINT('',#2168);
#730=VERTEX_POINT('',#2171);
#731=VERTEX_POINT('',#2172);
#732=VERTEX_POINT('',#2174);
#733=VERTEX_POINT('',#2176);
#734=VERTEX_POINT('',#2179);
#735=VERTEX_POINT('',#2182);
#736=VERTEX_POINT('',#2183);
#737=VERTEX_POINT('',#2185);
#738=VERTEX_POINT('',#2187);
#739=VERTEX_POINT('',#2190);
#740=VERTEX_POINT('',#2193);
#741=VERTEX_POINT('',#2194);
#742=VERTEX_POINT('',#2196);
#743=VERTEX_POINT('',#2198);
#744=VERTEX_POINT('',#2202);
#745=VERTEX_POINT('',#2204);
#746=VERTEX_POINT('',#2208);
#747=VERTEX_POINT('',#2210);
#748=VERTEX_POINT('',#2214);
#749=VERTEX_POINT('',#2216);
#750=VERTEX_POINT('',#2220);
#751=VERTEX_POINT('',#2222);
#752=VERTEX_POINT('',#2226);
#753=VERTEX_POINT('',#2228);
#754=VERTEX_POINT('',#2232);
#755=VERTEX_POINT('',#2234);
#756=VERTEX_POINT('',#2238);
#757=VERTEX_POINT('',#2240);
#758=VERTEX_POINT('',#2244);
#759=VERTEX_POINT('',#2246);
#760=VERTEX_POINT('',#2250);
#761=VERTEX_POINT('',#2251);
#762=VERTEX_POINT('',#2253);
#763=VERTEX_POINT('',#2255);
#764=VERTEX_POINT('',#2258);
#765=VERTEX_POINT('',#2261);
#766=VERTEX_POINT('',#2262);
#767=VERTEX_POINT('',#2267);
#768=VERTEX_POINT('',#2271);
#769=VERTEX_POINT('',#2275);
#770=VERTEX_POINT('',#2279);
#771=VERTEX_POINT('',#2283);
#772=VERTEX_POINT('',#2285);
#773=VERTEX_POINT('',#2289);
#774=VERTEX_POINT('',#2293);
#775=VERTEX_POINT('',#2297);
#776=VERTEX_POINT('',#2298);
#777=VERTEX_POINT('',#2300);
#778=VERTEX_POINT('',#2303);
#779=VERTEX_POINT('',#2305);
#780=VERTEX_POINT('',#2307);
#781=VERTEX_POINT('',#2310);
#782=VERTEX_POINT('',#2312);
#783=VERTEX_POINT('',#2313);
#784=VERTEX_POINT('',#2315);
#785=VERTEX_POINT('',#2319);
#786=VERTEX_POINT('',#2323);
#787=VERTEX_POINT('',#2325);
#788=VERTEX_POINT('',#2329);
#789=VERTEX_POINT('',#2335);
#790=VERTEX_POINT('',#2339);
#791=VERTEX_POINT('',#2343);
#792=VERTEX_POINT('',#2347);
#793=VERTEX_POINT('',#2349);
#794=VERTEX_POINT('',#2353);
#795=VERTEX_POINT('',#2357);
#796=VERTEX_POINT('',#2371);
#797=VERTEX_POINT('',#2375);
#798=VERTEX_POINT('',#2381);
#799=VERTEX_POINT('',#2385);
#800=VERTEX_POINT('',#2389);
#801=VERTEX_POINT('',#2394);
#802=VERTEX_POINT('',#2402);
#803=VERTEX_POINT('',#2418);
#804=VERTEX_POINT('',#2420);
#805=VERTEX_POINT('',#2424);
#806=VERTEX_POINT('',#2428);
#807=VERTEX_POINT('',#2433);
#808=VERTEX_POINT('',#2438);
#809=VERTEX_POINT('',#2441);
#810=VERTEX_POINT('',#2445);
#811=EDGE_CURVE('',#672,#672,#638,.F.);
#812=EDGE_CURVE('',#672,#673,#288,.T.);
#813=EDGE_CURVE('',#673,#673,#639,.T.);
#814=EDGE_CURVE('',#674,#674,#640,.F.);
#815=EDGE_CURVE('',#674,#675,#289,.T.);
#816=EDGE_CURVE('',#675,#675,#641,.T.);
#817=EDGE_CURVE('',#676,#676,#642,.F.);
#818=EDGE_CURVE('',#676,#677,#290,.T.);
#819=EDGE_CURVE('',#677,#677,#643,.T.);
#820=EDGE_CURVE('',#678,#678,#644,.F.);
#821=EDGE_CURVE('',#678,#679,#291,.T.);
#822=EDGE_CURVE('',#679,#679,#645,.T.);
#823=EDGE_CURVE('',#680,#681,#292,.T.);
#824=EDGE_CURVE('',#680,#682,#293,.T.);
#825=EDGE_CURVE('',#683,#682,#294,.T.);
#826=EDGE_CURVE('',#681,#683,#295,.T.);
#827=EDGE_CURVE('',#681,#684,#296,.T.);
#828=EDGE_CURVE('',#685,#683,#297,.T.);
#829=EDGE_CURVE('',#684,#685,#298,.T.);
#830=EDGE_CURVE('',#684,#686,#299,.T.);
#831=EDGE_CURVE('',#687,#685,#300,.T.);
#832=EDGE_CURVE('',#686,#687,#301,.T.);
#833=EDGE_CURVE('',#686,#680,#302,.T.);
#834=EDGE_CURVE('',#682,#687,#303,.T.);
#835=EDGE_CURVE('',#688,#689,#304,.T.);
#836=EDGE_CURVE('',#689,#690,#305,.T.);
#837=EDGE_CURVE('',#690,#691,#306,.T.);
#838=EDGE_CURVE('',#691,#692,#307,.T.);
#839=EDGE_CURVE('',#692,#693,#308,.T.);
#840=EDGE_CURVE('',#693,#694,#309,.T.);
#841=EDGE_CURVE('',#694,#695,#310,.T.);
#842=EDGE_CURVE('',#695,#696,#311,.T.);
#843=EDGE_CURVE('',#696,#697,#312,.T.);
#844=EDGE_CURVE('',#697,#698,#313,.T.);
#845=EDGE_CURVE('',#698,#699,#314,.T.);
#846=EDGE_CURVE('',#699,#700,#315,.T.);
#847=EDGE_CURVE('',#700,#701,#316,.T.);
#848=EDGE_CURVE('',#701,#702,#317,.T.);
#849=EDGE_CURVE('',#702,#703,#318,.T.);
#850=EDGE_CURVE('',#703,#704,#319,.T.);
#851=EDGE_CURVE('',#704,#705,#320,.T.);
#852=EDGE_CURVE('',#705,#706,#646,.T.);
#853=EDGE_CURVE('',#706,#707,#321,.T.);
#854=EDGE_CURVE('',#708,#707,#322,.T.);
#855=EDGE_CURVE('',#708,#709,#323,.T.);
#856=EDGE_CURVE('',#709,#710,#324,.T.);
#857=EDGE_CURVE('',#710,#711,#325,.T.);
#858=EDGE_CURVE('',#711,#688,#326,.T.);
#859=EDGE_CURVE('',#712,#713,#327,.T.);
#860=EDGE_CURVE('',#713,#714,#328,.T.);
#861=EDGE_CURVE('',#714,#715,#329,.T.);
#862=EDGE_CURVE('',#715,#712,#330,.T.);
#863=EDGE_CURVE('',#716,#717,#331,.T.);
#864=EDGE_CURVE('',#717,#718,#332,.T.);
#865=EDGE_CURVE('',#718,#719,#333,.T.);
#866=EDGE_CURVE('',#719,#716,#334,.T.);
#867=EDGE_CURVE('',#720,#720,#647,.T.);
#868=EDGE_CURVE('',#721,#721,#648,.T.);
#869=EDGE_CURVE('',#722,#722,#649,.T.);
#870=EDGE_CURVE('',#723,#689,#335,.T.);
#871=EDGE_CURVE('',#724,#723,#336,.F.);
#872=EDGE_CURVE('',#690,#724,#337,.F.);
#873=EDGE_CURVE('',#725,#726,#338,.T.);
#874=EDGE_CURVE('',#726,#727,#339,.T.);
#875=EDGE_CURVE('',#727,#728,#340,.T.);
#876=EDGE_CURVE('',#728,#725,#341,.T.);
#877=EDGE_CURVE('',#729,#729,#650,.T.);
#878=EDGE_CURVE('',#730,#731,#342,.T.);
#879=EDGE_CURVE('',#731,#732,#343,.F.);
#880=EDGE_CURVE('',#732,#733,#344,.F.);
#881=EDGE_CURVE('',#733,#730,#345,.T.);
#882=EDGE_CURVE('',#734,#734,#651,.T.);
#883=EDGE_CURVE('',#735,#736,#346,.T.);
#884=EDGE_CURVE('',#737,#736,#347,.T.);
#885=EDGE_CURVE('',#737,#738,#348,.T.);
#886=EDGE_CURVE('',#738,#735,#652,.T.);
#887=EDGE_CURVE('',#739,#739,#653,.T.);
#888=EDGE_CURVE('',#740,#741,#349,.T.);
#889=EDGE_CURVE('',#741,#742,#350,.F.);
#890=EDGE_CURVE('',#742,#743,#351,.T.);
#891=EDGE_CURVE('',#743,#740,#352,.T.);
#892=EDGE_CURVE('',#741,#744,#353,.F.);
#893=EDGE_CURVE('',#745,#740,#354,.T.);
#894=EDGE_CURVE('',#745,#744,#355,.T.);
#895=EDGE_CURVE('',#744,#746,#356,.F.);
#896=EDGE_CURVE('',#747,#745,#357,.T.);
#897=EDGE_CURVE('',#747,#746,#358,.T.);
#898=EDGE_CURVE('',#746,#748,#359,.F.);
#899=EDGE_CURVE('',#749,#747,#360,.T.);
#900=EDGE_CURVE('',#748,#749,#361,.T.);
#901=EDGE_CURVE('',#749,#750,#362,.T.);
#902=EDGE_CURVE('',#750,#751,#363,.T.);
#903=EDGE_CURVE('',#751,#748,#364,.F.);
#904=EDGE_CURVE('',#751,#752,#365,.F.);
#905=EDGE_CURVE('',#753,#750,#366,.T.);
#906=EDGE_CURVE('',#753,#752,#367,.T.);
#907=EDGE_CURVE('',#752,#754,#368,.F.);
#908=EDGE_CURVE('',#755,#753,#369,.T.);
#909=EDGE_CURVE('',#755,#754,#370,.T.);
#910=EDGE_CURVE('',#754,#756,#371,.F.);
#911=EDGE_CURVE('',#757,#755,#372,.T.);
#912=EDGE_CURVE('',#756,#757,#373,.T.);
#913=EDGE_CURVE('',#757,#758,#374,.T.);
#914=EDGE_CURVE('',#758,#759,#375,.T.);
#915=EDGE_CURVE('',#759,#756,#376,.F.);
#916=EDGE_CURVE('',#760,#761,#377,.T.);
#917=EDGE_CURVE('',#761,#762,#378,.F.);
#918=EDGE_CURVE('',#762,#763,#379,.F.);
#919=EDGE_CURVE('',#763,#760,#380,.T.);
#920=EDGE_CURVE('',#764,#764,#654,.T.);
#921=EDGE_CURVE('',#765,#766,#381,.T.);
#922=EDGE_CURVE('',#766,#738,#382,.T.);
#923=EDGE_CURVE('',#765,#737,#383,.T.);
#924=EDGE_CURVE('',#767,#766,#655,.T.);
#925=EDGE_CURVE('',#767,#735,#384,.T.);
#926=EDGE_CURVE('',#768,#767,#385,.T.);
#927=EDGE_CURVE('',#736,#768,#386,.T.);
#928=EDGE_CURVE('',#764,#769,#387,.T.);
#929=EDGE_CURVE('',#769,#769,#656,.T.);
#930=EDGE_CURVE('',#734,#770,#388,.T.);
#931=EDGE_CURVE('',#770,#770,#657,.T.);
#932=EDGE_CURVE('',#771,#771,#658,.T.);
#933=EDGE_CURVE('',#771,#772,#389,.T.);
#934=EDGE_CURVE('',#772,#772,#659,.T.);
#935=EDGE_CURVE('',#729,#773,#390,.T.);
#936=EDGE_CURVE('',#773,#773,#660,.T.);
#937=EDGE_CURVE('',#739,#774,#391,.T.);
#938=EDGE_CURVE('',#774,#774,#661,.T.);
#939=EDGE_CURVE('',#775,#776,#392,.T.);
#940=EDGE_CURVE('',#776,#777,#393,.T.);
#941=EDGE_CURVE('',#777,#708,#394,.T.);
#942=EDGE_CURVE('',#707,#778,#395,.T.);
#943=EDGE_CURVE('',#779,#778,#396,.T.);
#944=EDGE_CURVE('',#779,#780,#397,.T.);
#945=EDGE_CURVE('',#775,#780,#398,.T.);
#946=EDGE_CURVE('',#781,#781,#662,.T.);
#947=EDGE_CURVE('',#782,#783,#663,.F.);
#948=EDGE_CURVE('',#783,#784,#399,.F.);
#949=EDGE_CURVE('',#784,#782,#400,.F.);
#950=EDGE_CURVE('',#785,#785,#664,.T.);
#951=EDGE_CURVE('',#785,#781,#401,.T.);
#952=EDGE_CURVE('',#784,#786,#402,.F.);
#953=EDGE_CURVE('',#787,#786,#403,.T.);
#954=EDGE_CURVE('',#782,#787,#404,.T.);
#955=EDGE_CURVE('',#783,#788,#405,.T.);
#956=EDGE_CURVE('',#786,#788,#406,.T.);
#957=EDGE_CURVE('',#788,#787,#665,.T.);
#958=EDGE_CURVE('',#722,#789,#407,.T.);
#959=EDGE_CURVE('',#789,#789,#666,.T.);
#960=EDGE_CURVE('',#721,#790,#408,.T.);
#961=EDGE_CURVE('',#790,#790,#667,.T.);
#962=EDGE_CURVE('',#720,#791,#409,.T.);
#963=EDGE_CURVE('',#791,#791,#668,.T.);
#964=EDGE_CURVE('',#719,#792,#410,.T.);
#965=EDGE_CURVE('',#793,#792,#411,.T.);
#966=EDGE_CURVE('',#716,#793,#412,.T.);
#967=EDGE_CURVE('',#718,#794,#413,.F.);
#968=EDGE_CURVE('',#792,#794,#414,.F.);
#969=EDGE_CURVE('',#717,#795,#415,.F.);
#970=EDGE_CURVE('',#794,#795,#416,.F.);
#971=EDGE_CURVE('',#795,#793,#417,.T.);
#972=EDGE_CURVE('',#715,#726,#418,.T.);
#973=EDGE_CURVE('',#712,#725,#419,.T.);
#974=EDGE_CURVE('',#714,#727,#420,.T.);
#975=EDGE_CURVE('',#713,#728,#421,.T.);
#976=EDGE_CURVE('',#796,#710,#422,.T.);
#977=EDGE_CURVE('',#796,#711,#423,.T.);
#978=EDGE_CURVE('',#709,#797,#424,.T.);
#979=EDGE_CURVE('',#797,#796,#425,.T.);
#980=EDGE_CURVE('',#777,#797,#426,.T.);
#981=EDGE_CURVE('',#778,#798,#427,.T.);
#982=EDGE_CURVE('',#798,#706,#428,.T.);
#983=EDGE_CURVE('',#798,#799,#669,.T.);
#984=EDGE_CURVE('',#799,#705,#429,.T.);
#985=EDGE_CURVE('',#800,#799,#430,.T.);
#986=EDGE_CURVE('',#800,#704,#431,.T.);
#987=EDGE_CURVE('',#703,#731,#432,.F.);
#988=EDGE_CURVE('',#801,#730,#433,.T.);
#989=EDGE_CURVE('',#800,#801,#434,.T.);
#990=EDGE_CURVE('',#702,#732,#435,.T.);
#991=EDGE_CURVE('',#701,#733,#436,.T.);
#992=EDGE_CURVE('',#801,#802,#437,.T.);
#993=EDGE_CURVE('',#700,#761,#438,.F.);
#994=EDGE_CURVE('',#802,#760,#439,.T.);
#995=EDGE_CURVE('',#699,#762,#440,.F.);
#996=EDGE_CURVE('',#698,#763,#441,.T.);
#997=EDGE_CURVE('',#696,#759,#442,.F.);
#998=EDGE_CURVE('',#697,#758,#443,.T.);
#999=EDGE_CURVE('',#695,#742,#444,.T.);
#1000=EDGE_CURVE('',#694,#743,#445,.T.);
#1001=EDGE_CURVE('',#692,#803,#446,.F.);
#1002=EDGE_CURVE('',#804,#803,#447,.F.);
#1003=EDGE_CURVE('',#693,#804,#448,.F.);
#1004=EDGE_CURVE('',#691,#805,#449,.T.);
#1005=EDGE_CURVE('',#803,#805,#450,.F.);
#1006=EDGE_CURVE('',#806,#804,#451,.T.);
#1007=EDGE_CURVE('',#805,#806,#452,.T.);
#1008=EDGE_CURVE('',#802,#768,#453,.T.);
#1009=EDGE_CURVE('',#807,#806,#454,.T.);
#1010=EDGE_CURVE('',#765,#807,#455,.T.);
#1011=EDGE_CURVE('',#807,#779,#456,.T.);
#1012=EDGE_CURVE('',#808,#808,#670,.T.);
#1013=EDGE_CURVE('',#809,#809,#671,.T.);
#1014=EDGE_CURVE('',#809,#808,#457,.T.);
#1015=EDGE_CURVE('',#776,#810,#458,.T.);
#1016=EDGE_CURVE('',#796,#810,#459,.T.);
#1017=EDGE_CURVE('',#810,#688,#460,.T.);
#1018=EDGE_CURVE('',#780,#724,#461,.T.);
#1019=EDGE_CURVE('',#775,#723,#462,.T.);
#1020=ORIENTED_EDGE('',*,*,#811,.F.);
#1021=ORIENTED_EDGE('',*,*,#812,.T.);
#1022=ORIENTED_EDGE('',*,*,#813,.F.);
#1023=ORIENTED_EDGE('',*,*,#812,.F.);
#1024=ORIENTED_EDGE('',*,*,#814,.F.);
#1025=ORIENTED_EDGE('',*,*,#815,.T.);
#1026=ORIENTED_EDGE('',*,*,#816,.F.);
#1027=ORIENTED_EDGE('',*,*,#815,.F.);
#1028=ORIENTED_EDGE('',*,*,#817,.F.);
#1029=ORIENTED_EDGE('',*,*,#818,.T.);
#1030=ORIENTED_EDGE('',*,*,#819,.F.);
#1031=ORIENTED_EDGE('',*,*,#818,.F.);
#1032=ORIENTED_EDGE('',*,*,#820,.F.);
#1033=ORIENTED_EDGE('',*,*,#821,.T.);
#1034=ORIENTED_EDGE('',*,*,#822,.F.);
#1035=ORIENTED_EDGE('',*,*,#821,.F.);
#1036=ORIENTED_EDGE('',*,*,#823,.F.);
#1037=ORIENTED_EDGE('',*,*,#824,.T.);
#1038=ORIENTED_EDGE('',*,*,#825,.F.);
#1039=ORIENTED_EDGE('',*,*,#826,.F.);
#1040=ORIENTED_EDGE('',*,*,#827,.F.);
#1041=ORIENTED_EDGE('',*,*,#826,.T.);
#1042=ORIENTED_EDGE('',*,*,#828,.F.);
#1043=ORIENTED_EDGE('',*,*,#829,.F.);
#1044=ORIENTED_EDGE('',*,*,#830,.F.);
#1045=ORIENTED_EDGE('',*,*,#829,.T.);
#1046=ORIENTED_EDGE('',*,*,#831,.F.);
#1047=ORIENTED_EDGE('',*,*,#832,.F.);
#1048=ORIENTED_EDGE('',*,*,#833,.F.);
#1049=ORIENTED_EDGE('',*,*,#832,.T.);
#1050=ORIENTED_EDGE('',*,*,#834,.F.);
#1051=ORIENTED_EDGE('',*,*,#824,.F.);
#1052=ORIENTED_EDGE('',*,*,#834,.T.);
#1053=ORIENTED_EDGE('',*,*,#831,.T.);
#1054=ORIENTED_EDGE('',*,*,#828,.T.);
#1055=ORIENTED_EDGE('',*,*,#825,.T.);
#1056=ORIENTED_EDGE('',*,*,#820,.T.);
#1057=ORIENTED_EDGE('',*,*,#817,.T.);
#1058=ORIENTED_EDGE('',*,*,#814,.T.);
#1059=ORIENTED_EDGE('',*,*,#811,.T.);
#1060=ORIENTED_EDGE('',*,*,#835,.T.);
#1061=ORIENTED_EDGE('',*,*,#836,.T.);
#1062=ORIENTED_EDGE('',*,*,#837,.T.);
#1063=ORIENTED_EDGE('',*,*,#838,.T.);
#1064=ORIENTED_EDGE('',*,*,#839,.T.);
#1065=ORIENTED_EDGE('',*,*,#840,.T.);
#1066=ORIENTED_EDGE('',*,*,#841,.T.);
#1067=ORIENTED_EDGE('',*,*,#842,.T.);
#1068=ORIENTED_EDGE('',*,*,#843,.T.);
#1069=ORIENTED_EDGE('',*,*,#844,.T.);
#1070=ORIENTED_EDGE('',*,*,#845,.T.);
#1071=ORIENTED_EDGE('',*,*,#846,.T.);
#1072=ORIENTED_EDGE('',*,*,#847,.T.);
#1073=ORIENTED_EDGE('',*,*,#848,.T.);
#1074=ORIENTED_EDGE('',*,*,#849,.T.);
#1075=ORIENTED_EDGE('',*,*,#850,.T.);
#1076=ORIENTED_EDGE('',*,*,#851,.T.);
#1077=ORIENTED_EDGE('',*,*,#852,.T.);
#1078=ORIENTED_EDGE('',*,*,#853,.T.);
#1079=ORIENTED_EDGE('',*,*,#854,.F.);
#1080=ORIENTED_EDGE('',*,*,#855,.T.);
#1081=ORIENTED_EDGE('',*,*,#856,.T.);
#1082=ORIENTED_EDGE('',*,*,#857,.T.);
#1083=ORIENTED_EDGE('',*,*,#858,.T.);
#1084=ORIENTED_EDGE('',*,*,#823,.T.);
#1085=ORIENTED_EDGE('',*,*,#827,.T.);
#1086=ORIENTED_EDGE('',*,*,#830,.T.);
#1087=ORIENTED_EDGE('',*,*,#833,.T.);
#1088=ORIENTED_EDGE('',*,*,#859,.T.);
#1089=ORIENTED_EDGE('',*,*,#860,.T.);
#1090=ORIENTED_EDGE('',*,*,#861,.T.);
#1091=ORIENTED_EDGE('',*,*,#862,.T.);
#1092=ORIENTED_EDGE('',*,*,#863,.T.);
#1093=ORIENTED_EDGE('',*,*,#864,.T.);
#1094=ORIENTED_EDGE('',*,*,#865,.T.);
#1095=ORIENTED_EDGE('',*,*,#866,.T.);
#1096=ORIENTED_EDGE('',*,*,#867,.T.);
#1097=ORIENTED_EDGE('',*,*,#868,.T.);
#1098=ORIENTED_EDGE('',*,*,#869,.T.);
#1099=ORIENTED_EDGE('',*,*,#870,.F.);
#1100=ORIENTED_EDGE('',*,*,#871,.F.);
#1101=ORIENTED_EDGE('',*,*,#872,.F.);
#1102=ORIENTED_EDGE('',*,*,#836,.F.);
#1103=ORIENTED_EDGE('',*,*,#873,.T.);
#1104=ORIENTED_EDGE('',*,*,#874,.T.);
#1105=ORIENTED_EDGE('',*,*,#875,.T.);
#1106=ORIENTED_EDGE('',*,*,#876,.T.);
#1107=ORIENTED_EDGE('',*,*,#877,.T.);
#1108=ORIENTED_EDGE('',*,*,#878,.T.);
#1109=ORIENTED_EDGE('',*,*,#879,.T.);
#1110=ORIENTED_EDGE('',*,*,#880,.T.);
#1111=ORIENTED_EDGE('',*,*,#881,.T.);
#1112=ORIENTED_EDGE('',*,*,#882,.T.);
#1113=ORIENTED_EDGE('',*,*,#883,.T.);
#1114=ORIENTED_EDGE('',*,*,#884,.F.);
#1115=ORIENTED_EDGE('',*,*,#885,.T.);
#1116=ORIENTED_EDGE('',*,*,#886,.T.);
#1117=ORIENTED_EDGE('',*,*,#887,.T.);
#1118=ORIENTED_EDGE('',*,*,#888,.T.);
#1119=ORIENTED_EDGE('',*,*,#889,.T.);
#1120=ORIENTED_EDGE('',*,*,#890,.T.);
#1121=ORIENTED_EDGE('',*,*,#891,.T.);
#1122=ORIENTED_EDGE('',*,*,#892,.F.);
#1123=ORIENTED_EDGE('',*,*,#888,.F.);
#1124=ORIENTED_EDGE('',*,*,#893,.F.);
#1125=ORIENTED_EDGE('',*,*,#894,.T.);
#1126=ORIENTED_EDGE('',*,*,#895,.F.);
#1127=ORIENTED_EDGE('',*,*,#894,.F.);
#1128=ORIENTED_EDGE('',*,*,#896,.F.);
#1129=ORIENTED_EDGE('',*,*,#897,.T.);
#1130=ORIENTED_EDGE('',*,*,#898,.F.);
#1131=ORIENTED_EDGE('',*,*,#897,.F.);
#1132=ORIENTED_EDGE('',*,*,#899,.F.);
#1133=ORIENTED_EDGE('',*,*,#900,.F.);
#1134=ORIENTED_EDGE('',*,*,#900,.T.);
#1135=ORIENTED_EDGE('',*,*,#901,.T.);
#1136=ORIENTED_EDGE('',*,*,#902,.T.);
#1137=ORIENTED_EDGE('',*,*,#903,.T.);
#1138=ORIENTED_EDGE('',*,*,#904,.F.);
#1139=ORIENTED_EDGE('',*,*,#902,.F.);
#1140=ORIENTED_EDGE('',*,*,#905,.F.);
#1141=ORIENTED_EDGE('',*,*,#906,.T.);
#1142=ORIENTED_EDGE('',*,*,#907,.F.);
#1143=ORIENTED_EDGE('',*,*,#906,.F.);
#1144=ORIENTED_EDGE('',*,*,#908,.F.);
#1145=ORIENTED_EDGE('',*,*,#909,.T.);
#1146=ORIENTED_EDGE('',*,*,#910,.F.);
#1147=ORIENTED_EDGE('',*,*,#909,.F.);
#1148=ORIENTED_EDGE('',*,*,#911,.F.);
#1149=ORIENTED_EDGE('',*,*,#912,.F.);
#1150=ORIENTED_EDGE('',*,*,#912,.T.);
#1151=ORIENTED_EDGE('',*,*,#913,.T.);
#1152=ORIENTED_EDGE('',*,*,#914,.T.);
#1153=ORIENTED_EDGE('',*,*,#915,.T.);
#1154=ORIENTED_EDGE('',*,*,#916,.T.);
#1155=ORIENTED_EDGE('',*,*,#917,.T.);
#1156=ORIENTED_EDGE('',*,*,#918,.T.);
#1157=ORIENTED_EDGE('',*,*,#919,.T.);
#1158=ORIENTED_EDGE('',*,*,#920,.T.);
#1159=ORIENTED_EDGE('',*,*,#921,.T.);
#1160=ORIENTED_EDGE('',*,*,#922,.T.);
#1161=ORIENTED_EDGE('',*,*,#885,.F.);
#1162=ORIENTED_EDGE('',*,*,#923,.F.);
#1163=ORIENTED_EDGE('',*,*,#924,.F.);
#1164=ORIENTED_EDGE('',*,*,#925,.T.);
#1165=ORIENTED_EDGE('',*,*,#886,.F.);
#1166=ORIENTED_EDGE('',*,*,#922,.F.);
#1167=ORIENTED_EDGE('',*,*,#926,.F.);
#1168=ORIENTED_EDGE('',*,*,#927,.F.);
#1169=ORIENTED_EDGE('',*,*,#883,.F.);
#1170=ORIENTED_EDGE('',*,*,#925,.F.);
#1171=ORIENTED_EDGE('',*,*,#920,.F.);
#1172=ORIENTED_EDGE('',*,*,#928,.T.);
#1173=ORIENTED_EDGE('',*,*,#929,.F.);
#1174=ORIENTED_EDGE('',*,*,#928,.F.);
#1175=ORIENTED_EDGE('',*,*,#882,.F.);
#1176=ORIENTED_EDGE('',*,*,#930,.T.);
#1177=ORIENTED_EDGE('',*,*,#931,.F.);
#1178=ORIENTED_EDGE('',*,*,#930,.F.);
#1179=ORIENTED_EDGE('',*,*,#932,.F.);
#1180=ORIENTED_EDGE('',*,*,#933,.T.);
#1181=ORIENTED_EDGE('',*,*,#934,.F.);
#1182=ORIENTED_EDGE('',*,*,#933,.F.);
#1183=ORIENTED_EDGE('',*,*,#877,.F.);
#1184=ORIENTED_EDGE('',*,*,#935,.T.);
#1185=ORIENTED_EDGE('',*,*,#936,.F.);
#1186=ORIENTED_EDGE('',*,*,#935,.F.);
#1187=ORIENTED_EDGE('',*,*,#887,.F.);
#1188=ORIENTED_EDGE('',*,*,#937,.T.);
#1189=ORIENTED_EDGE('',*,*,#938,.F.);
#1190=ORIENTED_EDGE('',*,*,#937,.F.);
#1191=ORIENTED_EDGE('',*,*,#939,.T.);
#1192=ORIENTED_EDGE('',*,*,#940,.T.);
#1193=ORIENTED_EDGE('',*,*,#941,.T.);
#1194=ORIENTED_EDGE('',*,*,#854,.T.);
#1195=ORIENTED_EDGE('',*,*,#942,.T.);
#1196=ORIENTED_EDGE('',*,*,#943,.F.);
#1197=ORIENTED_EDGE('',*,*,#944,.T.);
#1198=ORIENTED_EDGE('',*,*,#945,.F.);
#1199=ORIENTED_EDGE('',*,*,#946,.T.);
#1200=ORIENTED_EDGE('',*,*,#947,.T.);
#1201=ORIENTED_EDGE('',*,*,#948,.T.);
#1202=ORIENTED_EDGE('',*,*,#949,.T.);
#1203=ORIENTED_EDGE('',*,*,#950,.F.);
#1204=ORIENTED_EDGE('',*,*,#951,.T.);
#1205=ORIENTED_EDGE('',*,*,#946,.F.);
#1206=ORIENTED_EDGE('',*,*,#951,.F.);
#1207=ORIENTED_EDGE('',*,*,#949,.F.);
#1208=ORIENTED_EDGE('',*,*,#952,.T.);
#1209=ORIENTED_EDGE('',*,*,#953,.F.);
#1210=ORIENTED_EDGE('',*,*,#954,.F.);
#1211=ORIENTED_EDGE('',*,*,#948,.F.);
#1212=ORIENTED_EDGE('',*,*,#955,.T.);
#1213=ORIENTED_EDGE('',*,*,#956,.F.);
#1214=ORIENTED_EDGE('',*,*,#952,.F.);
#1215=ORIENTED_EDGE('',*,*,#947,.F.);
#1216=ORIENTED_EDGE('',*,*,#954,.T.);
#1217=ORIENTED_EDGE('',*,*,#957,.F.);
#1218=ORIENTED_EDGE('',*,*,#955,.F.);
#1219=ORIENTED_EDGE('',*,*,#869,.F.);
#1220=ORIENTED_EDGE('',*,*,#958,.T.);
#1221=ORIENTED_EDGE('',*,*,#959,.F.);
#1222=ORIENTED_EDGE('',*,*,#958,.F.);
#1223=ORIENTED_EDGE('',*,*,#868,.F.);
#1224=ORIENTED_EDGE('',*,*,#960,.T.);
#1225=ORIENTED_EDGE('',*,*,#961,.F.);
#1226=ORIENTED_EDGE('',*,*,#960,.F.);
#1227=ORIENTED_EDGE('',*,*,#867,.F.);
#1228=ORIENTED_EDGE('',*,*,#962,.T.);
#1229=ORIENTED_EDGE('',*,*,#963,.F.);
#1230=ORIENTED_EDGE('',*,*,#962,.F.);
#1231=ORIENTED_EDGE('',*,*,#866,.F.);
#1232=ORIENTED_EDGE('',*,*,#964,.T.);
#1233=ORIENTED_EDGE('',*,*,#965,.F.);
#1234=ORIENTED_EDGE('',*,*,#966,.F.);
#1235=ORIENTED_EDGE('',*,*,#865,.F.);
#1236=ORIENTED_EDGE('',*,*,#967,.T.);
#1237=ORIENTED_EDGE('',*,*,#968,.F.);
#1238=ORIENTED_EDGE('',*,*,#964,.F.);
#1239=ORIENTED_EDGE('',*,*,#864,.F.);
#1240=ORIENTED_EDGE('',*,*,#969,.T.);
#1241=ORIENTED_EDGE('',*,*,#970,.F.);
#1242=ORIENTED_EDGE('',*,*,#967,.F.);
#1243=ORIENTED_EDGE('',*,*,#863,.F.);
#1244=ORIENTED_EDGE('',*,*,#966,.T.);
#1245=ORIENTED_EDGE('',*,*,#971,.F.);
#1246=ORIENTED_EDGE('',*,*,#969,.F.);
#1247=ORIENTED_EDGE('',*,*,#862,.F.);
#1248=ORIENTED_EDGE('',*,*,#972,.T.);
#1249=ORIENTED_EDGE('',*,*,#873,.F.);
#1250=ORIENTED_EDGE('',*,*,#973,.F.);
#1251=ORIENTED_EDGE('',*,*,#861,.F.);
#1252=ORIENTED_EDGE('',*,*,#974,.T.);
#1253=ORIENTED_EDGE('',*,*,#874,.F.);
#1254=ORIENTED_EDGE('',*,*,#972,.F.);
#1255=ORIENTED_EDGE('',*,*,#860,.F.);
#1256=ORIENTED_EDGE('',*,*,#975,.T.);
#1257=ORIENTED_EDGE('',*,*,#875,.F.);
#1258=ORIENTED_EDGE('',*,*,#974,.F.);
#1259=ORIENTED_EDGE('',*,*,#859,.F.);
#1260=ORIENTED_EDGE('',*,*,#973,.T.);
#1261=ORIENTED_EDGE('',*,*,#876,.F.);
#1262=ORIENTED_EDGE('',*,*,#975,.F.);
#1263=ORIENTED_EDGE('',*,*,#976,.F.);
#1264=ORIENTED_EDGE('',*,*,#977,.T.);
#1265=ORIENTED_EDGE('',*,*,#857,.F.);
#1266=ORIENTED_EDGE('',*,*,#976,.T.);
#1267=ORIENTED_EDGE('',*,*,#856,.F.);
#1268=ORIENTED_EDGE('',*,*,#978,.T.);
#1269=ORIENTED_EDGE('',*,*,#979,.T.);
#1270=ORIENTED_EDGE('',*,*,#957,.T.);
#1271=ORIENTED_EDGE('',*,*,#953,.T.);
#1272=ORIENTED_EDGE('',*,*,#956,.T.);
#1273=ORIENTED_EDGE('',*,*,#950,.T.);
#1274=ORIENTED_EDGE('',*,*,#941,.F.);
#1275=ORIENTED_EDGE('',*,*,#980,.T.);
#1276=ORIENTED_EDGE('',*,*,#978,.F.);
#1277=ORIENTED_EDGE('',*,*,#855,.F.);
#1278=ORIENTED_EDGE('',*,*,#981,.F.);
#1279=ORIENTED_EDGE('',*,*,#942,.F.);
#1280=ORIENTED_EDGE('',*,*,#853,.F.);
#1281=ORIENTED_EDGE('',*,*,#982,.F.);
#1282=ORIENTED_EDGE('',*,*,#983,.F.);
#1283=ORIENTED_EDGE('',*,*,#982,.T.);
#1284=ORIENTED_EDGE('',*,*,#852,.F.);
#1285=ORIENTED_EDGE('',*,*,#984,.F.);
#1286=ORIENTED_EDGE('',*,*,#985,.T.);
#1287=ORIENTED_EDGE('',*,*,#984,.T.);
#1288=ORIENTED_EDGE('',*,*,#851,.F.);
#1289=ORIENTED_EDGE('',*,*,#986,.F.);
#1290=ORIENTED_EDGE('',*,*,#986,.T.);
#1291=ORIENTED_EDGE('',*,*,#850,.F.);
#1292=ORIENTED_EDGE('',*,*,#987,.T.);
#1293=ORIENTED_EDGE('',*,*,#878,.F.);
#1294=ORIENTED_EDGE('',*,*,#988,.F.);
#1295=ORIENTED_EDGE('',*,*,#989,.F.);
#1296=ORIENTED_EDGE('',*,*,#849,.F.);
#1297=ORIENTED_EDGE('',*,*,#990,.T.);
#1298=ORIENTED_EDGE('',*,*,#879,.F.);
#1299=ORIENTED_EDGE('',*,*,#987,.F.);
#1300=ORIENTED_EDGE('',*,*,#848,.F.);
#1301=ORIENTED_EDGE('',*,*,#991,.T.);
#1302=ORIENTED_EDGE('',*,*,#880,.F.);
#1303=ORIENTED_EDGE('',*,*,#990,.F.);
#1304=ORIENTED_EDGE('',*,*,#992,.F.);
#1305=ORIENTED_EDGE('',*,*,#988,.T.);
#1306=ORIENTED_EDGE('',*,*,#881,.F.);
#1307=ORIENTED_EDGE('',*,*,#991,.F.);
#1308=ORIENTED_EDGE('',*,*,#847,.F.);
#1309=ORIENTED_EDGE('',*,*,#993,.T.);
#1310=ORIENTED_EDGE('',*,*,#916,.F.);
#1311=ORIENTED_EDGE('',*,*,#994,.F.);
#1312=ORIENTED_EDGE('',*,*,#846,.F.);
#1313=ORIENTED_EDGE('',*,*,#995,.T.);
#1314=ORIENTED_EDGE('',*,*,#917,.F.);
#1315=ORIENTED_EDGE('',*,*,#993,.F.);
#1316=ORIENTED_EDGE('',*,*,#845,.F.);
#1317=ORIENTED_EDGE('',*,*,#996,.T.);
#1318=ORIENTED_EDGE('',*,*,#918,.F.);
#1319=ORIENTED_EDGE('',*,*,#995,.F.);
#1320=ORIENTED_EDGE('',*,*,#843,.F.);
#1321=ORIENTED_EDGE('',*,*,#997,.T.);
#1322=ORIENTED_EDGE('',*,*,#914,.F.);
#1323=ORIENTED_EDGE('',*,*,#998,.F.);
#1324=ORIENTED_EDGE('',*,*,#892,.T.);
#1325=ORIENTED_EDGE('',*,*,#895,.T.);
#1326=ORIENTED_EDGE('',*,*,#898,.T.);
#1327=ORIENTED_EDGE('',*,*,#903,.F.);
#1328=ORIENTED_EDGE('',*,*,#904,.T.);
#1329=ORIENTED_EDGE('',*,*,#907,.T.);
#1330=ORIENTED_EDGE('',*,*,#910,.T.);
#1331=ORIENTED_EDGE('',*,*,#915,.F.);
#1332=ORIENTED_EDGE('',*,*,#997,.F.);
#1333=ORIENTED_EDGE('',*,*,#842,.F.);
#1334=ORIENTED_EDGE('',*,*,#999,.T.);
#1335=ORIENTED_EDGE('',*,*,#889,.F.);
#1336=ORIENTED_EDGE('',*,*,#841,.F.);
#1337=ORIENTED_EDGE('',*,*,#1000,.T.);
#1338=ORIENTED_EDGE('',*,*,#890,.F.);
#1339=ORIENTED_EDGE('',*,*,#999,.F.);
#1340=ORIENTED_EDGE('',*,*,#839,.F.);
#1341=ORIENTED_EDGE('',*,*,#1001,.T.);
#1342=ORIENTED_EDGE('',*,*,#1002,.F.);
#1343=ORIENTED_EDGE('',*,*,#1003,.F.);
#1344=ORIENTED_EDGE('',*,*,#838,.F.);
#1345=ORIENTED_EDGE('',*,*,#1004,.T.);
#1346=ORIENTED_EDGE('',*,*,#1005,.F.);
#1347=ORIENTED_EDGE('',*,*,#1001,.F.);
#1348=ORIENTED_EDGE('',*,*,#1006,.T.);
#1349=ORIENTED_EDGE('',*,*,#1002,.T.);
#1350=ORIENTED_EDGE('',*,*,#1005,.T.);
#1351=ORIENTED_EDGE('',*,*,#1007,.T.);
#1352=ORIENTED_EDGE('',*,*,#932,.T.);
#1353=ORIENTED_EDGE('',*,*,#927,.T.);
#1354=ORIENTED_EDGE('',*,*,#1008,.F.);
#1355=ORIENTED_EDGE('',*,*,#994,.T.);
#1356=ORIENTED_EDGE('',*,*,#919,.F.);
#1357=ORIENTED_EDGE('',*,*,#996,.F.);
#1358=ORIENTED_EDGE('',*,*,#844,.F.);
#1359=ORIENTED_EDGE('',*,*,#998,.T.);
#1360=ORIENTED_EDGE('',*,*,#913,.F.);
#1361=ORIENTED_EDGE('',*,*,#911,.T.);
#1362=ORIENTED_EDGE('',*,*,#908,.T.);
#1363=ORIENTED_EDGE('',*,*,#905,.T.);
#1364=ORIENTED_EDGE('',*,*,#901,.F.);
#1365=ORIENTED_EDGE('',*,*,#899,.T.);
#1366=ORIENTED_EDGE('',*,*,#896,.T.);
#1367=ORIENTED_EDGE('',*,*,#893,.T.);
#1368=ORIENTED_EDGE('',*,*,#891,.F.);
#1369=ORIENTED_EDGE('',*,*,#1000,.F.);
#1370=ORIENTED_EDGE('',*,*,#840,.F.);
#1371=ORIENTED_EDGE('',*,*,#1003,.T.);
#1372=ORIENTED_EDGE('',*,*,#1006,.F.);
#1373=ORIENTED_EDGE('',*,*,#1009,.F.);
#1374=ORIENTED_EDGE('',*,*,#1010,.F.);
#1375=ORIENTED_EDGE('',*,*,#923,.T.);
#1376=ORIENTED_EDGE('',*,*,#884,.T.);
#1377=ORIENTED_EDGE('',*,*,#943,.T.);
#1378=ORIENTED_EDGE('',*,*,#981,.T.);
#1379=ORIENTED_EDGE('',*,*,#983,.T.);
#1380=ORIENTED_EDGE('',*,*,#985,.F.);
#1381=ORIENTED_EDGE('',*,*,#989,.T.);
#1382=ORIENTED_EDGE('',*,*,#992,.T.);
#1383=ORIENTED_EDGE('',*,*,#1008,.T.);
#1384=ORIENTED_EDGE('',*,*,#926,.T.);
#1385=ORIENTED_EDGE('',*,*,#924,.T.);
#1386=ORIENTED_EDGE('',*,*,#921,.F.);
#1387=ORIENTED_EDGE('',*,*,#1010,.T.);
#1388=ORIENTED_EDGE('',*,*,#1011,.T.);
#1389=ORIENTED_EDGE('',*,*,#822,.T.);
#1390=ORIENTED_EDGE('',*,*,#819,.T.);
#1391=ORIENTED_EDGE('',*,*,#816,.T.);
#1392=ORIENTED_EDGE('',*,*,#813,.T.);
#1393=ORIENTED_EDGE('',*,*,#938,.T.);
#1394=ORIENTED_EDGE('',*,*,#959,.T.);
#1395=ORIENTED_EDGE('',*,*,#936,.T.);
#1396=ORIENTED_EDGE('',*,*,#934,.T.);
#1397=ORIENTED_EDGE('',*,*,#931,.T.);
#1398=ORIENTED_EDGE('',*,*,#1012,.T.);
#1399=ORIENTED_EDGE('',*,*,#929,.T.);
#1400=ORIENTED_EDGE('',*,*,#961,.T.);
#1401=ORIENTED_EDGE('',*,*,#963,.T.);
#1402=ORIENTED_EDGE('',*,*,#971,.T.);
#1403=ORIENTED_EDGE('',*,*,#965,.T.);
#1404=ORIENTED_EDGE('',*,*,#968,.T.);
#1405=ORIENTED_EDGE('',*,*,#970,.T.);
#1406=ORIENTED_EDGE('',*,*,#1013,.F.);
#1407=ORIENTED_EDGE('',*,*,#1014,.T.);
#1408=ORIENTED_EDGE('',*,*,#1012,.F.);
#1409=ORIENTED_EDGE('',*,*,#1014,.F.);
#1410=ORIENTED_EDGE('',*,*,#940,.F.);
#1411=ORIENTED_EDGE('',*,*,#1015,.T.);
#1412=ORIENTED_EDGE('',*,*,#1016,.F.);
#1413=ORIENTED_EDGE('',*,*,#979,.F.);
#1414=ORIENTED_EDGE('',*,*,#980,.F.);
#1415=ORIENTED_EDGE('',*,*,#1017,.T.);
#1416=ORIENTED_EDGE('',*,*,#858,.F.);
#1417=ORIENTED_EDGE('',*,*,#977,.F.);
#1418=ORIENTED_EDGE('',*,*,#1016,.T.);
#1419=ORIENTED_EDGE('',*,*,#1011,.F.);
#1420=ORIENTED_EDGE('',*,*,#1009,.T.);
#1421=ORIENTED_EDGE('',*,*,#1007,.F.);
#1422=ORIENTED_EDGE('',*,*,#1004,.F.);
#1423=ORIENTED_EDGE('',*,*,#837,.F.);
#1424=ORIENTED_EDGE('',*,*,#872,.T.);
#1425=ORIENTED_EDGE('',*,*,#1018,.F.);
#1426=ORIENTED_EDGE('',*,*,#944,.F.);
#1427=ORIENTED_EDGE('',*,*,#1019,.F.);
#1428=ORIENTED_EDGE('',*,*,#945,.T.);
#1429=ORIENTED_EDGE('',*,*,#1018,.T.);
#1430=ORIENTED_EDGE('',*,*,#871,.T.);
#1431=ORIENTED_EDGE('',*,*,#1013,.T.);
#1432=ORIENTED_EDGE('',*,*,#870,.T.);
#1433=ORIENTED_EDGE('',*,*,#835,.F.);
#1434=ORIENTED_EDGE('',*,*,#1017,.F.);
#1435=ORIENTED_EDGE('',*,*,#1015,.F.);
#1436=ORIENTED_EDGE('',*,*,#939,.F.);
#1437=ORIENTED_EDGE('',*,*,#1019,.T.);
#1438=CYLINDRICAL_SURFACE('',#1531,0.800000000000014);
#1439=CYLINDRICAL_SURFACE('',#1534,0.800000000000014);
#1440=CYLINDRICAL_SURFACE('',#1537,0.800000000000014);
#1441=CYLINDRICAL_SURFACE('',#1540,0.800000000000014);
#1442=CYLINDRICAL_SURFACE('',#1573,4.5);
#1443=CYLINDRICAL_SURFACE('',#1576,1.35);
#1444=CYLINDRICAL_SURFACE('',#1578,1.35);
#1445=CYLINDRICAL_SURFACE('',#1580,1.35);
#1446=CYLINDRICAL_SURFACE('',#1583,1.35000000000002);
#1447=CYLINDRICAL_SURFACE('',#1585,1.65000000000003);
#1448=CYLINDRICAL_SURFACE('',#1590,1.35000000000002);
#1449=CYLINDRICAL_SURFACE('',#1594,3.65000000000003);
#1450=CYLINDRICAL_SURFACE('',#1596,1.64999999999999);
#1451=CYLINDRICAL_SURFACE('',#1598,1.64999999999999);
#1452=CYLINDRICAL_SURFACE('',#1600,1.64999999999999);
#1453=CYLINDRICAL_SURFACE('',#1614,4.5);
#1454=CYLINDRICAL_SURFACE('',#1632,1.35);
#1455=ADVANCED_FACE('',(#106),#1438,.F.);
#1456=ADVANCED_FACE('',(#107),#1439,.F.);
#1457=ADVANCED_FACE('',(#108),#1440,.F.);
#1458=ADVANCED_FACE('',(#109),#1441,.F.);
#1459=ADVANCED_FACE('',(#110),#49,.T.);
#1460=ADVANCED_FACE('',(#111),#50,.T.);
#1461=ADVANCED_FACE('',(#112),#51,.T.);
#1462=ADVANCED_FACE('',(#113),#52,.T.);
#1463=ADVANCED_FACE('',(#114,#15,#16,#17,#18),#53,.T.);
#1464=ADVANCED_FACE('',(#115,#19,#20,#21,#22,#23,#24),#54,.T.);
#1465=ADVANCED_FACE('',(#116),#55,.T.);
#1466=ADVANCED_FACE('',(#117,#25),#56,.T.);
#1467=ADVANCED_FACE('',(#118,#26),#57,.T.);
#1468=ADVANCED_FACE('',(#119,#27),#58,.F.);
#1469=ADVANCED_FACE('',(#120),#59,.T.);
#1470=ADVANCED_FACE('',(#121),#60,.F.);
#1471=ADVANCED_FACE('',(#122),#61,.F.);
#1472=ADVANCED_FACE('',(#123),#62,.F.);
#1473=ADVANCED_FACE('',(#124),#63,.T.);
#1474=ADVANCED_FACE('',(#125),#64,.F.);
#1475=ADVANCED_FACE('',(#126),#65,.F.);
#1476=ADVANCED_FACE('',(#127),#66,.F.);
#1477=ADVANCED_FACE('',(#128),#67,.T.);
#1478=ADVANCED_FACE('',(#129,#28),#68,.T.);
#1479=ADVANCED_FACE('',(#130),#69,.T.);
#1480=ADVANCED_FACE('',(#131),#1442,.T.);
#1481=ADVANCED_FACE('',(#132),#70,.T.);
#1482=ADVANCED_FACE('',(#133),#1443,.F.);
#1483=ADVANCED_FACE('',(#134),#1444,.F.);
#1484=ADVANCED_FACE('',(#135),#1445,.F.);
#1485=ADVANCED_FACE('',(#136),#1446,.F.);
#1486=ADVANCED_FACE('',(#137),#1447,.F.);
#1487=ADVANCED_FACE('',(#138,#29,#30),#71,.T.);
#1488=ADVANCED_FACE('',(#139),#1448,.F.);
#1489=ADVANCED_FACE('',(#140),#72,.T.);
#1490=ADVANCED_FACE('',(#141),#73,.T.);
#1491=ADVANCED_FACE('',(#142),#1449,.F.);
#1492=ADVANCED_FACE('',(#143),#1450,.F.);
#1493=ADVANCED_FACE('',(#144),#1451,.F.);
#1494=ADVANCED_FACE('',(#145),#1452,.F.);
#1495=ADVANCED_FACE('',(#146),#74,.F.);
#1496=ADVANCED_FACE('',(#147),#75,.F.);
#1497=ADVANCED_FACE('',(#148),#76,.F.);
#1498=ADVANCED_FACE('',(#149),#77,.F.);
#1499=ADVANCED_FACE('',(#150),#78,.T.);
#1500=ADVANCED_FACE('',(#151),#79,.T.);
#1501=ADVANCED_FACE('',(#152),#80,.T.);
#1502=ADVANCED_FACE('',(#153),#81,.T.);
#1503=ADVANCED_FACE('',(#154),#82,.T.);
#1504=ADVANCED_FACE('',(#155,#31,#32),#83,.F.);
#1505=ADVANCED_FACE('',(#156),#84,.T.);
#1506=ADVANCED_FACE('',(#157),#85,.T.);
#1507=ADVANCED_FACE('',(#158),#1453,.T.);
#1508=ADVANCED_FACE('',(#159),#86,.T.);
#1509=ADVANCED_FACE('',(#160),#87,.T.);
#1510=ADVANCED_FACE('',(#161),#88,.T.);
#1511=ADVANCED_FACE('',(#162),#89,.T.);
#1512=ADVANCED_FACE('',(#163),#90,.T.);
#1513=ADVANCED_FACE('',(#164),#91,.T.);
#1514=ADVANCED_FACE('',(#165),#92,.T.);
#1515=ADVANCED_FACE('',(#166),#93,.T.);
#1516=ADVANCED_FACE('',(#167),#94,.T.);
#1517=ADVANCED_FACE('',(#168),#95,.T.);
#1518=ADVANCED_FACE('',(#169),#96,.T.);
#1519=ADVANCED_FACE('',(#170),#97,.T.);
#1520=ADVANCED_FACE('',(#171,#33),#98,.T.);
#1521=ADVANCED_FACE('',(#172),#99,.T.);
#1522=ADVANCED_FACE('',(#173,#34,#35,#36,#37,#38,#39,#40,#41,#42,#43,#44,
#45,#46,#47),#100,.F.);
#1523=ADVANCED_FACE('',(#174),#1454,.F.);
#1524=ADVANCED_FACE('',(#175),#101,.T.);
#1525=ADVANCED_FACE('',(#176),#102,.T.);
#1526=ADVANCED_FACE('',(#177),#103,.T.);
#1527=ADVANCED_FACE('',(#178,#48),#104,.T.);
#1528=ADVANCED_FACE('',(#179),#105,.T.);
#1529=CLOSED_SHELL('',(#1455,#1456,#1457,#1458,#1459,#1460,#1461,#1462,
#1463,#1464,#1465,#1466,#1467,#1468,#1469,#1470,#1471,#1472,#1473,#1474,
#1475,#1476,#1477,#1478,#1479,#1480,#1481,#1482,#1483,#1484,#1485,#1486,
#1487,#1488,#1489,#1490,#1491,#1492,#1493,#1494,#1495,#1496,#1497,#1498,
#1499,#1500,#1501,#1502,#1503,#1504,#1505,#1506,#1507,#1508,#1509,#1510,
#1511,#1512,#1513,#1514,#1515,#1516,#1517,#1518,#1519,#1520,#1521,#1522,
#1523,#1524,#1525,#1526,#1527,#1528));
#1530=AXIS2_PLACEMENT_3D('',#2032,#1639,#1640);
#1531=AXIS2_PLACEMENT_3D('',#2033,#1641,#1642);
#1532=AXIS2_PLACEMENT_3D('',#2035,#1643,#1644);
#1533=AXIS2_PLACEMENT_3D('',#2038,#1646,#1647);
#1534=AXIS2_PLACEMENT_3D('',#2039,#1648,#1649);
#1535=AXIS2_PLACEMENT_3D('',#2041,#1650,#1651);
#1536=AXIS2_PLACEMENT_3D('',#2044,#1653,#1654);
#1537=AXIS2_PLACEMENT_3D('',#2045,#1655,#1656);
#1538=AXIS2_PLACEMENT_3D('',#2047,#1657,#1658);
#1539=AXIS2_PLACEMENT_3D('',#2050,#1660,#1661);
#1540=AXIS2_PLACEMENT_3D('',#2051,#1662,#1663);
#1541=AXIS2_PLACEMENT_3D('',#2053,#1664,#1665);
#1542=AXIS2_PLACEMENT_3D('',#2056,#1667,#1668);
#1543=AXIS2_PLACEMENT_3D('',#2057,#1669,#1670);
#1544=AXIS2_PLACEMENT_3D('',#2066,#1675,#1676);
#1545=AXIS2_PLACEMENT_3D('',#2072,#1680,#1681);
#1546=AXIS2_PLACEMENT_3D('',#2078,#1685,#1686);
#1547=AXIS2_PLACEMENT_3D('',#2081,#1689,#1690);
#1548=AXIS2_PLACEMENT_3D('',#2082,#1691,#1692);
#1549=AXIS2_PLACEMENT_3D('',#2119,#1710,#1711);
#1550=AXIS2_PLACEMENT_3D('',#2148,#1726,#1727);
#1551=AXIS2_PLACEMENT_3D('',#2150,#1728,#1729);
#1552=AXIS2_PLACEMENT_3D('',#2152,#1730,#1731);
#1553=AXIS2_PLACEMENT_3D('',#2153,#1732,#1733);
#1554=AXIS2_PLACEMENT_3D('',#2159,#1737,#1738);
#1555=AXIS2_PLACEMENT_3D('',#2169,#1743,#1744);
#1556=AXIS2_PLACEMENT_3D('',#2170,#1745,#1746);
#1557=AXIS2_PLACEMENT_3D('',#2180,#1751,#1752);
#1558=AXIS2_PLACEMENT_3D('',#2181,#1753,#1754);
#1559=AXIS2_PLACEMENT_3D('',#2189,#1758,#1759);
#1560=AXIS2_PLACEMENT_3D('',#2191,#1760,#1761);
#1561=AXIS2_PLACEMENT_3D('',#2192,#1762,#1763);
#1562=AXIS2_PLACEMENT_3D('',#2201,#1768,#1769);
#1563=AXIS2_PLACEMENT_3D('',#2207,#1773,#1774);
#1564=AXIS2_PLACEMENT_3D('',#2213,#1778,#1779);
#1565=AXIS2_PLACEMENT_3D('',#2219,#1783,#1784);
#1566=AXIS2_PLACEMENT_3D('',#2225,#1788,#1789);
#1567=AXIS2_PLACEMENT_3D('',#2231,#1793,#1794);
#1568=AXIS2_PLACEMENT_3D('',#2237,#1798,#1799);
#1569=AXIS2_PLACEMENT_3D('',#2243,#1803,#1804);
#1570=AXIS2_PLACEMENT_3D('',#2249,#1808,#1809);
#1571=AXIS2_PLACEMENT_3D('',#2259,#1814,#1815);
#1572=AXIS2_PLACEMENT_3D('',#2260,#1816,#1817);
#1573=AXIS2_PLACEMENT_3D('',#2266,#1821,#1822);
#1574=AXIS2_PLACEMENT_3D('',#2268,#1823,#1824);
#1575=AXIS2_PLACEMENT_3D('',#2270,#1826,#1827);
#1576=AXIS2_PLACEMENT_3D('',#2274,#1830,#1831);
#1577=AXIS2_PLACEMENT_3D('',#2277,#1833,#1834);
#1578=AXIS2_PLACEMENT_3D('',#2278,#1835,#1836);
#1579=AXIS2_PLACEMENT_3D('',#2281,#1838,#1839);
#1580=AXIS2_PLACEMENT_3D('',#2282,#1840,#1841);
#1581=AXIS2_PLACEMENT_3D('',#2284,#1842,#1843);
#1582=AXIS2_PLACEMENT_3D('',#2287,#1845,#1846);
#1583=AXIS2_PLACEMENT_3D('',#2288,#1847,#1848);
#1584=AXIS2_PLACEMENT_3D('',#2291,#1850,#1851);
#1585=AXIS2_PLACEMENT_3D('',#2292,#1852,#1853);
#1586=AXIS2_PLACEMENT_3D('',#2295,#1855,#1856);
#1587=AXIS2_PLACEMENT_3D('',#2296,#1857,#1858);
#1588=AXIS2_PLACEMENT_3D('',#2311,#1866,#1867);
#1589=AXIS2_PLACEMENT_3D('',#2314,#1868,#1869);
#1590=AXIS2_PLACEMENT_3D('',#2318,#1872,#1873);
#1591=AXIS2_PLACEMENT_3D('',#2320,#1874,#1875);
#1592=AXIS2_PLACEMENT_3D('',#2322,#1877,#1878);
#1593=AXIS2_PLACEMENT_3D('',#2328,#1882,#1883);
#1594=AXIS2_PLACEMENT_3D('',#2332,#1886,#1887);
#1595=AXIS2_PLACEMENT_3D('',#2333,#1888,#1889);
#1596=AXIS2_PLACEMENT_3D('',#2334,#1890,#1891);
#1597=AXIS2_PLACEMENT_3D('',#2337,#1893,#1894);
#1598=AXIS2_PLACEMENT_3D('',#2338,#1895,#1896);
#1599=AXIS2_PLACEMENT_3D('',#2341,#1898,#1899);
#1600=AXIS2_PLACEMENT_3D('',#2342,#1900,#1901);
#1601=AXIS2_PLACEMENT_3D('',#2345,#1903,#1904);
#1602=AXIS2_PLACEMENT_3D('',#2346,#1905,#1906);
#1603=AXIS2_PLACEMENT_3D('',#2352,#1910,#1911);
#1604=AXIS2_PLACEMENT_3D('',#2356,#1914,#1915);
#1605=AXIS2_PLACEMENT_3D('',#2360,#1918,#1919);
#1606=AXIS2_PLACEMENT_3D('',#2362,#1921,#1922);
#1607=AXIS2_PLACEMENT_3D('',#2365,#1925,#1926);
#1608=AXIS2_PLACEMENT_3D('',#2367,#1928,#1929);
#1609=AXIS2_PLACEMENT_3D('',#2369,#1931,#1932);
#1610=AXIS2_PLACEMENT_3D('',#2370,#1933,#1934);
#1611=AXIS2_PLACEMENT_3D('',#2374,#1937,#1938);
#1612=AXIS2_PLACEMENT_3D('',#2378,#1941,#1942);
#1613=AXIS2_PLACEMENT_3D('',#2380,#1944,#1945);
#1614=AXIS2_PLACEMENT_3D('',#2384,#1948,#1949);
#1615=AXIS2_PLACEMENT_3D('',#2386,#1950,#1951);
#1616=AXIS2_PLACEMENT_3D('',#2388,#1953,#1954);
#1617=AXIS2_PLACEMENT_3D('',#2392,#1957,#1958);
#1618=AXIS2_PLACEMENT_3D('',#2397,#1962,#1963);
#1619=AXIS2_PLACEMENT_3D('',#2399,#1965,#1966);
#1620=AXIS2_PLACEMENT_3D('',#2401,#1968,#1969);
#1621=AXIS2_PLACEMENT_3D('',#2406,#1973,#1974);
#1622=AXIS2_PLACEMENT_3D('',#2408,#1976,#1977);
#1623=AXIS2_PLACEMENT_3D('',#2410,#1979,#1980);
#1624=AXIS2_PLACEMENT_3D('',#2413,#1983,#1984);
#1625=AXIS2_PLACEMENT_3D('',#2415,#1986,#1987);
#1626=AXIS2_PLACEMENT_3D('',#2417,#1989,#1990);
#1627=AXIS2_PLACEMENT_3D('',#2423,#1994,#1995);
#1628=AXIS2_PLACEMENT_3D('',#2427,#1998,#1999);
#1629=AXIS2_PLACEMENT_3D('',#2431,#2002,#2003);
#1630=AXIS2_PLACEMENT_3D('',#2436,#2007,#2008);
#1631=AXIS2_PLACEMENT_3D('',#2439,#2010,#2011);
#1632=AXIS2_PLACEMENT_3D('',#2440,#2012,#2013);
#1633=AXIS2_PLACEMENT_3D('',#2442,#2014,#2015);
#1634=AXIS2_PLACEMENT_3D('',#2444,#2017,#2018);
#1635=AXIS2_PLACEMENT_3D('',#2448,#2021,#2022);
#1636=AXIS2_PLACEMENT_3D('',#2450,#2024,#2025);
#1637=AXIS2_PLACEMENT_3D('',#2452,#2027,#2028);
#1638=AXIS2_PLACEMENT_3D('',#2454,#2030,#2031);
#1639=DIRECTION('axis',(0.,0.,1.));
#1640=DIRECTION('refdir',(1.,0.,0.));
#1641=DIRECTION('center_axis',(0.,0.,-1.));
#1642=DIRECTION('ref_axis',(-1.,0.,0.));
#1643=DIRECTION('center_axis',(0.,0.,-1.));
#1644=DIRECTION('ref_axis',(-1.,0.,0.));
#1645=DIRECTION('',(0.,0.,1.));
#1646=DIRECTION('center_axis',(0.,0.,-1.));
#1647=DIRECTION('ref_axis',(-1.,0.,0.));
#1648=DIRECTION('center_axis',(0.,0.,-1.));
#1649=DIRECTION('ref_axis',(-1.,0.,0.));
#1650=DIRECTION('center_axis',(0.,0.,-1.));
#1651=DIRECTION('ref_axis',(-1.,0.,0.));
#1652=DIRECTION('',(0.,0.,1.));
#1653=DIRECTION('center_axis',(0.,0.,-1.));
#1654=DIRECTION('ref_axis',(-1.,0.,0.));
#1655=DIRECTION('center_axis',(0.,0.,-1.));
#1656=DIRECTION('ref_axis',(-1.,0.,0.));
#1657=DIRECTION('center_axis',(0.,0.,-1.));
#1658=DIRECTION('ref_axis',(-1.,0.,0.));
#1659=DIRECTION('',(0.,0.,1.));
#1660=DIRECTION('center_axis',(0.,0.,-1.));
#1661=DIRECTION('ref_axis',(-1.,0.,0.));
#1662=DIRECTION('center_axis',(0.,0.,-1.));
#1663=DIRECTION('ref_axis',(-1.,0.,0.));
#1664=DIRECTION('center_axis',(0.,0.,-1.));
#1665=DIRECTION('ref_axis',(-1.,0.,0.));
#1666=DIRECTION('',(0.,0.,1.));
#1667=DIRECTION('center_axis',(0.,0.,-1.));
#1668=DIRECTION('ref_axis',(-1.,0.,0.));
#1669=DIRECTION('center_axis',(-0.71766547587904,0.696388013058317,0.));
#1670=DIRECTION('ref_axis',(0.696388013058317,0.71766547587904,0.));
#1671=DIRECTION('',(-0.696388013058317,-0.71766547587904,0.));
#1672=DIRECTION('',(0.,0.,-1.));
#1673=DIRECTION('',(0.696388013058317,0.71766547587904,0.));
#1674=DIRECTION('',(0.,0.,-1.));
#1675=DIRECTION('center_axis',(-0.696388013058317,-0.71766547587904,0.));
#1676=DIRECTION('ref_axis',(-0.71766547587904,0.696388013058317,0.));
#1677=DIRECTION('',(0.71766547587904,-0.696388013058317,0.));
#1678=DIRECTION('',(-0.71766547587904,0.696388013058317,0.));
#1679=DIRECTION('',(0.,0.,-1.));
#1680=DIRECTION('center_axis',(0.71766547587904,-0.696388013058317,0.));
#1681=DIRECTION('ref_axis',(-0.696388013058317,-0.71766547587904,0.));
#1682=DIRECTION('',(0.696388013058317,0.71766547587904,0.));
#1683=DIRECTION('',(-0.696388013058317,-0.71766547587904,0.));
#1684=DIRECTION('',(0.,0.,-1.));
#1685=DIRECTION('center_axis',(0.696388013058317,0.71766547587904,0.));
#1686=DIRECTION('ref_axis',(0.71766547587904,-0.696388013058317,0.));
#1687=DIRECTION('',(-0.71766547587904,0.696388013058317,0.));
#1688=DIRECTION('',(0.71766547587904,-0.696388013058317,0.));
#1689=DIRECTION('center_axis',(0.,0.,-1.));
#1690=DIRECTION('ref_axis',(-1.,0.,0.));
#1691=DIRECTION('center_axis',(0.,0.,-1.));
#1692=DIRECTION('ref_axis',(-0.71766547587904,0.696388013058317,0.));
#1693=DIRECTION('',(0.696388013058317,0.71766547587904,0.));
#1694=DIRECTION('',(0.717665475879042,-0.696388013058316,0.));
#1695=DIRECTION('',(-0.696388013058317,-0.71766547587904,0.));
#1696=DIRECTION('',(-0.717665475879042,0.696388013058316,0.));
#1697=DIRECTION('',(-0.696388013058316,-0.717665475879042,0.));
#1698=DIRECTION('',(-0.71766547587904,0.696388013058317,0.));
#1699=DIRECTION('',(0.696388013058318,0.717665475879039,0.));
#1700=DIRECTION('',(-0.71766547587904,0.696388013058317,0.));
#1701=DIRECTION('',(-0.696388013058318,-0.717665475879039,0.));
#1702=DIRECTION('',(-0.71766547587904,0.696388013058317,0.));
#1703=DIRECTION('',(0.696388013058321,0.717665475879037,0.));
#1704=DIRECTION('',(-0.717665475879042,0.696388013058316,0.));
#1705=DIRECTION('',(0.696388013058317,0.71766547587904,0.));
#1706=DIRECTION('',(0.717665475879039,-0.696388013058318,0.));
#1707=DIRECTION('',(0.696388013058311,0.717665475879047,0.));
#1708=DIRECTION('',(0.71766547587904,-0.696388013058317,0.));
#1709=DIRECTION('',(0.696388013058314,0.717665475879043,0.));
#1710=DIRECTION('center_axis',(0.,0.,-1.));
#1711=DIRECTION('ref_axis',(0.717665475879043,-0.696388013058314,0.));
#1712=DIRECTION('',(-0.69638801305831,-0.717665475879047,0.));
#1713=DIRECTION('',(0.71766547587904,-0.696388013058317,0.));
#1714=DIRECTION('',(-0.696388013058317,-0.71766547587904,0.));
#1715=DIRECTION('',(0.71766547587904,-0.696388013058317,0.));
#1716=DIRECTION('',(-0.696388013058317,-0.71766547587904,0.));
#1717=DIRECTION('',(0.71766547587904,-0.696388013058317,0.));
#1718=DIRECTION('',(1.,0.,0.));
#1719=DIRECTION('',(0.,1.,0.));
#1720=DIRECTION('',(-1.,0.,0.));
#1721=DIRECTION('',(0.,-1.,0.));
#1722=DIRECTION('',(0.696388013058317,0.71766547587904,0.));
#1723=DIRECTION('',(-0.71766547587904,0.696388013058317,0.));
#1724=DIRECTION('',(-0.696388013058317,-0.71766547587904,0.));
#1725=DIRECTION('',(0.71766547587904,-0.696388013058317,0.));
#1726=DIRECTION('center_axis',(0.,0.,1.));
#1727=DIRECTION('ref_axis',(-0.71766547587904,0.696388013058317,0.));
#1728=DIRECTION('center_axis',(0.,0.,1.));
#1729=DIRECTION('ref_axis',(-0.71766547587904,0.696388013058317,0.));
#1730=DIRECTION('center_axis',(0.,0.,1.));
#1731=DIRECTION('ref_axis',(1.,0.,0.));
#1732=DIRECTION('center_axis',(-0.696388013058316,-0.717665475879042,0.));
#1733=DIRECTION('ref_axis',(-0.717665475879042,0.696388013058316,0.));
#1734=DIRECTION('',(0.,0.,1.));
#1735=DIRECTION('',(0.717665475879042,-0.696388013058316,0.));
#1736=DIRECTION('',(0.,0.,1.));
#1737=DIRECTION('center_axis',(0.,0.,-1.));
#1738=DIRECTION('ref_axis',(-1.,0.,0.));
#1739=DIRECTION('',(0.,1.,0.));
#1740=DIRECTION('',(1.,0.,0.));
#1741=DIRECTION('',(0.,-1.,0.));
#1742=DIRECTION('',(-1.,0.,0.));
#1743=DIRECTION('center_axis',(0.,0.,1.));
#1744=DIRECTION('ref_axis',(-1.,0.,0.));
#1745=DIRECTION('center_axis',(0.,0.,-1.));
#1746=DIRECTION('ref_axis',(-1.,0.,0.));
#1747=DIRECTION('',(0.71766547587904,-0.696388013058317,0.));
#1748=DIRECTION('',(0.696388013058311,0.717665475879047,0.));
#1749=DIRECTION('',(0.717665475879039,-0.696388013058318,0.));
#1750=DIRECTION('',(0.696388013058317,0.71766547587904,0.));
#1751=DIRECTION('center_axis',(0.,0.,1.));
#1752=DIRECTION('ref_axis',(-1.,0.,0.));
#1753=DIRECTION('center_axis',(0.,0.,1.));
#1754=DIRECTION('ref_axis',(1.,0.,0.));
#1755=DIRECTION('',(0.696388013058319,0.717665475879039,0.));
#1756=DIRECTION('',(-0.71766547587904,0.696388013058317,0.));
#1757=DIRECTION('',(-0.696388013058323,-0.717665475879035,0.));
#1758=DIRECTION('center_axis',(0.,0.,-1.));
#1759=DIRECTION('ref_axis',(-0.717665475879036,0.696388013058322,0.));
#1760=DIRECTION('center_axis',(0.,0.,1.));
#1761=DIRECTION('ref_axis',(1.,0.,0.));
#1762=DIRECTION('center_axis',(0.,0.,-1.));
#1763=DIRECTION('ref_axis',(-1.,0.,0.));
#1764=DIRECTION('',(0.696388013058322,0.717665475879036,0.));
#1765=DIRECTION('',(-0.71766547587904,0.696388013058317,0.));
#1766=DIRECTION('',(-0.696388013058318,-0.717665475879039,0.));
#1767=DIRECTION('',(-0.71766547587904,0.696388013058317,0.));
#1768=DIRECTION('center_axis',(0.717665475879036,-0.696388013058322,0.));
#1769=DIRECTION('ref_axis',(0.,0.,-1.));
#1770=DIRECTION('',(0.,0.,-1.));
#1771=DIRECTION('',(0.,0.,-1.));
#1772=DIRECTION('',(0.696388013058322,0.717665475879036,0.));
#1773=DIRECTION('center_axis',(0.,0.,1.));
#1774=DIRECTION('ref_axis',(0.71766547587904,-0.696388013058317,0.));
#1775=DIRECTION('',(0.71766547587904,-0.696388013058317,0.));
#1776=DIRECTION('',(0.71766547587904,-0.696388013058317,0.));
#1777=DIRECTION('',(0.696388013058322,0.717665475879036,0.));
#1778=DIRECTION('center_axis',(-0.717665475879036,0.696388013058322,0.));
#1779=DIRECTION('ref_axis',(0.,0.,1.));
#1780=DIRECTION('',(0.,0.,1.));
#1781=DIRECTION('',(0.,0.,1.));
#1782=DIRECTION('',(-0.696388013058322,-0.717665475879036,0.));
#1783=DIRECTION('center_axis',(0.,0.,-1.));
#1784=DIRECTION('ref_axis',(-1.,0.,0.));
#1785=DIRECTION('',(-0.71766547587904,0.696388013058317,0.));
#1786=DIRECTION('',(0.696388013058322,0.717665475879036,0.));
#1787=DIRECTION('',(-0.71766547587904,0.696388013058317,0.));
#1788=DIRECTION('center_axis',(0.717665475879036,-0.696388013058322,0.));
#1789=DIRECTION('ref_axis',(0.,0.,-1.));
#1790=DIRECTION('',(0.,0.,-1.));
#1791=DIRECTION('',(0.,0.,-1.));
#1792=DIRECTION('',(0.696388013058322,0.717665475879036,0.));
#1793=DIRECTION('center_axis',(0.,0.,1.));
#1794=DIRECTION('ref_axis',(0.71766547587904,-0.696388013058317,0.));
#1795=DIRECTION('',(0.71766547587904,-0.696388013058317,0.));
#1796=DIRECTION('',(0.71766547587904,-0.696388013058317,0.));
#1797=DIRECTION('',(0.696388013058322,0.717665475879036,0.));
#1798=DIRECTION('center_axis',(-0.717665475879036,0.696388013058322,0.));
#1799=DIRECTION('ref_axis',(0.,0.,1.));
#1800=DIRECTION('',(0.,0.,1.));
#1801=DIRECTION('',(0.,0.,1.));
#1802=DIRECTION('',(-0.696388013058322,-0.717665475879036,0.));
#1803=DIRECTION('center_axis',(0.,0.,-1.));
#1804=DIRECTION('ref_axis',(-1.,0.,0.));
#1805=DIRECTION('',(-0.71766547587904,0.696388013058317,0.));
#1806=DIRECTION('',(0.696388013058318,0.717665475879039,0.));
#1807=DIRECTION('',(-0.71766547587904,0.696388013058317,0.));
#1808=DIRECTION('center_axis',(0.,0.,-1.));
#1809=DIRECTION('ref_axis',(-1.,0.,0.));
#1810=DIRECTION('',(0.696388013058317,0.71766547587904,0.));
#1811=DIRECTION('',(-0.717665475879042,0.696388013058316,0.));
#1812=DIRECTION('',(0.696388013058321,0.717665475879037,0.));
#1813=DIRECTION('',(-0.717665475879041,0.696388013058316,0.));
#1814=DIRECTION('center_axis',(0.,0.,1.));
#1815=DIRECTION('ref_axis',(-1.,0.,0.));
#1816=DIRECTION('center_axis',(0.717665475879035,-0.696388013058323,0.));
#1817=DIRECTION('ref_axis',(-0.696388013058323,-0.717665475879035,0.));
#1818=DIRECTION('',(-0.696388013058323,-0.717665475879035,0.));
#1819=DIRECTION('',(0.,0.,-1.));
#1820=DIRECTION('',(0.,0.,-1.));
#1821=DIRECTION('center_axis',(0.,0.,-1.));
#1822=DIRECTION('ref_axis',(-0.717665475879036,0.696388013058322,0.));
#1823=DIRECTION('center_axis',(0.,0.,1.));
#1824=DIRECTION('ref_axis',(-0.717665475879036,0.696388013058322,0.));
#1825=DIRECTION('',(0.,0.,-1.));
#1826=DIRECTION('center_axis',(-0.717665475879039,0.696388013058319,0.));
#1827=DIRECTION('ref_axis',(0.696388013058319,0.717665475879039,0.));
#1828=DIRECTION('',(-0.696388013058319,-0.717665475879039,0.));
#1829=DIRECTION('',(0.,0.,1.));
#1830=DIRECTION('center_axis',(0.,0.,1.));
#1831=DIRECTION('ref_axis',(-0.71766547587904,0.696388013058317,0.));
#1832=DIRECTION('',(0.,0.,1.));
#1833=DIRECTION('center_axis',(0.,0.,-1.));
#1834=DIRECTION('ref_axis',(-0.71766547587904,0.696388013058317,0.));
#1835=DIRECTION('center_axis',(0.,0.,1.));
#1836=DIRECTION('ref_axis',(-0.71766547587904,0.696388013058317,0.));
#1837=DIRECTION('',(0.,0.,1.));
#1838=DIRECTION('center_axis',(0.,0.,-1.));
#1839=DIRECTION('ref_axis',(-0.71766547587904,0.696388013058317,0.));
#1840=DIRECTION('center_axis',(0.,0.,1.));
#1841=DIRECTION('ref_axis',(-0.71766547587904,0.696388013058317,0.));
#1842=DIRECTION('center_axis',(0.,0.,1.));
#1843=DIRECTION('ref_axis',(-1.,0.,0.));
#1844=DIRECTION('',(0.,0.,1.));
#1845=DIRECTION('center_axis',(0.,0.,-1.));
#1846=DIRECTION('ref_axis',(-0.71766547587904,0.696388013058317,0.));
#1847=DIRECTION('center_axis',(0.,0.,-1.));
#1848=DIRECTION('ref_axis',(-1.,0.,0.));
#1849=DIRECTION('',(0.,0.,1.));
#1850=DIRECTION('center_axis',(0.,0.,-1.));
#1851=DIRECTION('ref_axis',(-1.,0.,0.));
#1852=DIRECTION('center_axis',(0.,0.,-1.));
#1853=DIRECTION('ref_axis',(1.,0.,0.));
#1854=DIRECTION('',(0.,0.,1.));
#1855=DIRECTION('center_axis',(0.,0.,-1.));
#1856=DIRECTION('ref_axis',(1.,0.,0.));
#1857=DIRECTION('center_axis',(0.696388013058317,0.71766547587904,0.));
#1858=DIRECTION('ref_axis',(0.71766547587904,-0.696388013058317,0.));
#1859=DIRECTION('',(0.,0.,-1.));
#1860=DIRECTION('',(-0.71766547587904,0.696388013058317,0.));
#1861=DIRECTION('',(0.,0.,1.));
#1862=DIRECTION('',(0.,0.,1.));
#1863=DIRECTION('',(-0.71766547587904,0.696388013058317,0.));
#1864=DIRECTION('',(0.,0.,-1.));
#1865=DIRECTION('',(0.71766547587904,-0.696388013058317,0.));
#1866=DIRECTION('center_axis',(-0.696388013058317,-0.71766547587904,0.));
#1867=DIRECTION('ref_axis',(-0.71766547587904,0.696388013058317,0.));
#1868=DIRECTION('center_axis',(0.696388013058317,0.71766547587904,0.));
#1869=DIRECTION('ref_axis',(-0.71766547587904,0.696388013058317,0.));
#1870=DIRECTION('',(-0.507466124617543,0.492420686370565,0.707106781186543));
#1871=DIRECTION('',(-0.50746612461754,0.492420686370562,-0.707106781186548));
#1872=DIRECTION('center_axis',(-0.696388013058317,-0.71766547587904,0.));
#1873=DIRECTION('ref_axis',(-0.71766547587904,0.696388013058317,0.));
#1874=DIRECTION('center_axis',(0.696388013058317,0.71766547587904,0.));
#1875=DIRECTION('ref_axis',(-0.71766547587904,0.696388013058317,0.));
#1876=DIRECTION('',(0.696388013058317,0.71766547587904,0.));
#1877=DIRECTION('center_axis',(-0.50746612461754,0.492420686370562,0.707106781186548));
#1878=DIRECTION('ref_axis',(-0.50746612461754,0.492420686370562,-0.707106781186547));
#1879=DIRECTION('',(0.696388013058317,0.71766547587904,0.));
#1880=DIRECTION('',(-0.50746612461754,0.492420686370562,-0.707106781186548));
#1881=DIRECTION('',(-0.696388013058317,-0.71766547587904,0.));
#1882=DIRECTION('center_axis',(0.507466124617537,-0.492420686370559,0.707106781186552));
#1883=DIRECTION('ref_axis',(-0.507466124617543,0.492420686370565,0.707106781186543));
#1884=DIRECTION('',(-0.696388013058317,-0.71766547587904,0.));
#1885=DIRECTION('',(-0.507466124617543,0.492420686370565,0.707106781186543));
#1886=DIRECTION('center_axis',(-0.696388013058317,-0.71766547587904,0.));
#1887=DIRECTION('ref_axis',(-3.65004830013747E-15,3.65004830013747E-15,
1.));
#1888=DIRECTION('center_axis',(0.696388013058317,0.71766547587904,0.));
#1889=DIRECTION('ref_axis',(-0.71766547587904,0.696388013058317,0.));
#1890=DIRECTION('center_axis',(0.,0.,-1.));
#1891=DIRECTION('ref_axis',(1.,0.,0.));
#1892=DIRECTION('',(0.,0.,1.));
#1893=DIRECTION('center_axis',(0.,0.,-1.));
#1894=DIRECTION('ref_axis',(1.,0.,0.));
#1895=DIRECTION('center_axis',(0.,0.,1.));
#1896=DIRECTION('ref_axis',(-0.71766547587904,0.696388013058317,0.));
#1897=DIRECTION('',(0.,0.,1.));
#1898=DIRECTION('center_axis',(0.,0.,-1.));
#1899=DIRECTION('ref_axis',(-0.71766547587904,0.696388013058317,0.));
#1900=DIRECTION('center_axis',(0.,0.,1.));
#1901=DIRECTION('ref_axis',(-0.71766547587904,0.696388013058317,0.));
#1902=DIRECTION('',(0.,0.,1.));
#1903=DIRECTION('center_axis',(0.,0.,-1.));
#1904=DIRECTION('ref_axis',(-0.71766547587904,0.696388013058317,0.));
#1905=DIRECTION('center_axis',(-0.696388013058317,-0.71766547587904,0.));
#1906=DIRECTION('ref_axis',(0.71766547587904,-0.696388013058317,0.));
#1907=DIRECTION('',(0.,0.,1.));
#1908=DIRECTION('',(-0.71766547587904,0.696388013058317,0.));
#1909=DIRECTION('',(0.,0.,1.));
#1910=DIRECTION('center_axis',(-0.71766547587904,0.696388013058317,0.));
#1911=DIRECTION('ref_axis',(-0.696388013058317,-0.71766547587904,0.));
#1912=DIRECTION('',(0.,0.,-1.));
#1913=DIRECTION('',(-0.696388013058317,-0.71766547587904,0.));
#1914=DIRECTION('center_axis',(0.696388013058317,0.71766547587904,0.));
#1915=DIRECTION('ref_axis',(-0.71766547587904,0.696388013058317,0.));
#1916=DIRECTION('',(0.,0.,-1.));
#1917=DIRECTION('',(-0.71766547587904,0.696388013058317,0.));
#1918=DIRECTION('center_axis',(0.71766547587904,-0.696388013058317,0.));
#1919=DIRECTION('ref_axis',(0.696388013058317,0.71766547587904,0.));
#1920=DIRECTION('',(-0.696388013058317,-0.71766547587904,0.));
#1921=DIRECTION('center_axis',(-1.,0.,0.));
#1922=DIRECTION('ref_axis',(0.,1.,0.));
#1923=DIRECTION('',(0.,0.,-1.));
#1924=DIRECTION('',(0.,0.,-1.));
#1925=DIRECTION('center_axis',(0.,1.,0.));
#1926=DIRECTION('ref_axis',(1.,0.,0.));
#1927=DIRECTION('',(0.,0.,-1.));
#1928=DIRECTION('center_axis',(1.,0.,0.));
#1929=DIRECTION('ref_axis',(0.,-1.,0.));
#1930=DIRECTION('',(0.,0.,-1.));
#1931=DIRECTION('center_axis',(0.,-1.,0.));
#1932=DIRECTION('ref_axis',(-1.,0.,0.));
#1933=DIRECTION('center_axis',(-0.71766547587904,0.696388013058317,0.));
#1934=DIRECTION('ref_axis',(0.,0.,1.));
#1935=DIRECTION('',(0.,0.,1.));
#1936=DIRECTION('',(-0.447629586328115,-0.461306475794842,0.766044443118977));
#1937=DIRECTION('center_axis',(0.696388013058317,0.71766547587904,0.));
#1938=DIRECTION('ref_axis',(-0.71766547587904,0.696388013058317,0.));
#1939=DIRECTION('',(0.,0.,-1.));
#1940=DIRECTION('',(0.71766547587904,-0.696388013058317,0.));
#1941=DIRECTION('center_axis',(-0.71766547587904,0.696388013058317,0.));
#1942=DIRECTION('ref_axis',(0.,0.,-1.));
#1943=DIRECTION('',(-0.696388013058317,-0.71766547587904,0.));
#1944=DIRECTION('center_axis',(0.717665475879047,-0.69638801305831,0.));
#1945=DIRECTION('ref_axis',(-0.69638801305831,-0.717665475879047,0.));
#1946=DIRECTION('',(0.69638801305831,0.717665475879047,0.));
#1947=DIRECTION('',(0.,0.,-1.));
#1948=DIRECTION('center_axis',(0.,0.,-1.));
#1949=DIRECTION('ref_axis',(0.717665475879043,-0.696388013058314,0.));
#1950=DIRECTION('center_axis',(0.,0.,1.));
#1951=DIRECTION('ref_axis',(0.717665475879043,-0.696388013058314,0.));
#1952=DIRECTION('',(0.,0.,-1.));
#1953=DIRECTION('center_axis',(-0.717665475879043,0.696388013058314,0.));
#1954=DIRECTION('ref_axis',(0.696388013058314,0.717665475879043,0.));
#1955=DIRECTION('',(0.696388013058314,0.717665475879043,0.));
#1956=DIRECTION('',(0.,0.,-1.));
#1957=DIRECTION('center_axis',(0.696388013058317,0.71766547587904,0.));
#1958=DIRECTION('ref_axis',(0.71766547587904,-0.696388013058317,0.));
#1959=DIRECTION('',(0.,0.,1.));
#1960=DIRECTION('',(0.,0.,-1.));
#1961=DIRECTION('',(-0.71766547587904,0.696388013058317,0.));
#1962=DIRECTION('center_axis',(0.717665475879047,-0.696388013058311,0.));
#1963=DIRECTION('ref_axis',(-0.696388013058311,-0.717665475879047,0.));
#1964=DIRECTION('',(0.,0.,-1.));
#1965=DIRECTION('center_axis',(-0.696388013058318,-0.717665475879039,0.));
#1966=DIRECTION('ref_axis',(-0.717665475879039,0.696388013058318,0.));
#1967=DIRECTION('',(0.,0.,-1.));
#1968=DIRECTION('center_axis',(-0.71766547587904,0.696388013058317,0.));
#1969=DIRECTION('ref_axis',(0.696388013058317,0.71766547587904,0.));
#1970=DIRECTION('',(-0.696388013058317,-0.71766547587904,0.));
#1971=DIRECTION('',(0.,0.,1.));
#1972=DIRECTION('',(0.,0.,-1.));
#1973=DIRECTION('center_axis',(0.696388013058316,0.717665475879042,0.));
#1974=DIRECTION('ref_axis',(0.717665475879042,-0.696388013058316,0.));
#1975=DIRECTION('',(0.,0.,1.));
#1976=DIRECTION('center_axis',(0.717665475879037,-0.696388013058321,0.));
#1977=DIRECTION('ref_axis',(-0.696388013058321,-0.717665475879037,0.));
#1978=DIRECTION('',(0.,0.,-1.));
#1979=DIRECTION('center_axis',(-0.717665475879039,0.696388013058318,0.));
#1980=DIRECTION('ref_axis',(0.696388013058318,0.717665475879039,0.));
#1981=DIRECTION('',(0.,0.,1.));
#1982=DIRECTION('',(0.,0.,-1.));
#1983=DIRECTION('center_axis',(0.696388013058317,0.71766547587904,0.));
#1984=DIRECTION('ref_axis',(0.71766547587904,-0.696388013058317,0.));
#1985=DIRECTION('',(0.,0.,-1.));
#1986=DIRECTION('center_axis',(0.717665475879039,-0.696388013058318,0.));
#1987=DIRECTION('ref_axis',(-0.696388013058318,-0.717665475879039,0.));
#1988=DIRECTION('',(0.,0.,-1.));
#1989=DIRECTION('center_axis',(-0.717665475879042,0.696388013058316,0.));
#1990=DIRECTION('ref_axis',(0.696388013058316,0.717665475879042,0.));
#1991=DIRECTION('',(0.,0.,1.));
#1992=DIRECTION('',(-0.696388013058316,-0.717665475879042,0.));
#1993=DIRECTION('',(0.,0.,1.));
#1994=DIRECTION('center_axis',(0.696388013058316,0.717665475879042,0.));
#1995=DIRECTION('ref_axis',(0.717665475879042,-0.696388013058316,0.));
#1996=DIRECTION('',(0.,0.,-1.));
#1997=DIRECTION('',(-0.717665475879042,0.696388013058316,0.));
#1998=DIRECTION('center_axis',(0.,0.,-1.));
#1999=DIRECTION('ref_axis',(-1.,0.,0.));
#2000=DIRECTION('',(-0.717665475879041,0.696388013058316,0.));
#2001=DIRECTION('',(-0.696388013058317,-0.71766547587904,0.));
#2002=DIRECTION('center_axis',(-0.696388013058317,-0.71766547587904,0.));
#2003=DIRECTION('ref_axis',(-0.71766547587904,0.696388013058317,0.));
#2004=DIRECTION('',(0.71766547587904,-0.696388013058317,0.));
#2005=DIRECTION('',(0.,0.,-1.));
#2006=DIRECTION('',(0.71766547587904,-0.696388013058317,0.));
#2007=DIRECTION('center_axis',(0.,0.,-1.));
#2008=DIRECTION('ref_axis',(-0.71766547587904,0.696388013058317,0.));
#2009=DIRECTION('',(0.696388013058317,0.71766547587904,0.));
#2010=DIRECTION('center_axis',(0.,0.,-1.));
#2011=DIRECTION('ref_axis',(-0.71766547587904,0.696388013058317,0.));
#2012=DIRECTION('center_axis',(0.,0.,1.));
#2013=DIRECTION('ref_axis',(-0.71766547587904,0.696388013058317,0.));
#2014=DIRECTION('center_axis',(0.,0.,1.));
#2015=DIRECTION('ref_axis',(-1.,0.,0.));
#2016=DIRECTION('',(0.,0.,1.));
#2017=DIRECTION('center_axis',(0.,0.,-1.));
#2018=DIRECTION('ref_axis',(0.71766547587904,-0.696388013058317,0.));
#2019=DIRECTION('',(-0.696388013058317,-0.71766547587904,0.));
#2020=DIRECTION('',(0.71766547587904,-0.696388013058317,0.));
#2021=DIRECTION('center_axis',(-0.533464167657989,-0.549763649815475,-0.642787609686541));
#2022=DIRECTION('ref_axis',(-0.447629586328115,-0.461306475794842,0.766044443118977));
#2023=DIRECTION('',(-0.447629586328115,-0.461306475794842,0.766044443118977));
#2024=DIRECTION('center_axis',(0.71766547587904,-0.696388013058317,0.));
#2025=DIRECTION('ref_axis',(-0.696388013058317,-0.71766547587904,0.));
#2026=DIRECTION('',(-0.696388013058317,-0.71766547587904,0.));
#2027=DIRECTION('center_axis',(0.,0.,-1.));
#2028=DIRECTION('ref_axis',(-1.,0.,0.));
#2029=DIRECTION('',(-0.696388013058317,-0.71766547587904,0.));
#2030=DIRECTION('center_axis',(0.71766547587904,-0.696388013058317,0.));
#2031=DIRECTION('ref_axis',(0.,0.,1.));
#2032=CARTESIAN_POINT('',(0.,0.,0.));
#2033=CARTESIAN_POINT('Origin',(-194.153176622625,240.39263991033,-9.13285629496522));
#2034=CARTESIAN_POINT('',(-193.353176622625,240.39263991033,-11.1328562949652));
#2035=CARTESIAN_POINT('Origin',(-194.153176622625,240.39263991033,-11.1328562949652));
#2036=CARTESIAN_POINT('',(-193.353176622625,240.39263991033,-5.13285629496522));
#2037=CARTESIAN_POINT('',(-193.353176622625,240.39263991033,-9.13285629496522));
#2038=CARTESIAN_POINT('Origin',(-194.153176622625,240.39263991033,-5.13285629496522));
#2039=CARTESIAN_POINT('Origin',(-226.81377443506,206.734129091603,-9.13285629496522));
#2040=CARTESIAN_POINT('',(-226.01377443506,206.734129091603,-11.1328562949652));
#2041=CARTESIAN_POINT('Origin',(-226.81377443506,206.734129091603,-11.1328562949652));
#2042=CARTESIAN_POINT('',(-226.01377443506,206.734129091603,-5.13285629496522));
#2043=CARTESIAN_POINT('',(-226.01377443506,206.734129091603,-9.13285629496522));
#2044=CARTESIAN_POINT('Origin',(-226.81377443506,206.734129091603,-5.13285629496522));
#2045=CARTESIAN_POINT('Origin',(-234.937747622011,214.617241399423,-9.13285629496522));
#2046=CARTESIAN_POINT('',(-234.137747622011,214.617241399423,-11.1328562949652));
#2047=CARTESIAN_POINT('Origin',(-234.937747622011,214.617241399423,-11.1328562949652));
#2048=CARTESIAN_POINT('',(-234.137747622011,214.617241399423,-5.13285629496522));
#2049=CARTESIAN_POINT('',(-234.137747622011,214.617241399423,-9.13285629496522));
#2050=CARTESIAN_POINT('Origin',(-234.937747622011,214.617241399423,-5.13285629496522));
#2051=CARTESIAN_POINT('Origin',(-202.277149809576,248.27575221815,-9.13285629496522));
#2052=CARTESIAN_POINT('',(-201.477149809576,248.27575221815,-11.1328562949652));
#2053=CARTESIAN_POINT('Origin',(-202.277149809576,248.27575221815,-11.1328562949652));
#2054=CARTESIAN_POINT('',(-201.477149809576,248.27575221815,-5.13285629496522));
#2055=CARTESIAN_POINT('',(-201.477149809576,248.27575221815,-9.13285629496522));
#2056=CARTESIAN_POINT('Origin',(-202.277149809576,248.27575221815,-5.13285629496522));
#2057=CARTESIAN_POINT('Origin',(-241.416644125828,217.977896111355,-9.13285629496522));
#2058=CARTESIAN_POINT('',(-205.761577857242,254.722368476362,-9.13285629496522));
#2059=CARTESIAN_POINT('',(-241.416644125828,217.977896111355,-9.13285629496522));
#2060=CARTESIAN_POINT('',(-236.10055377883,223.456414461978,-9.13285629496522));
#2061=CARTESIAN_POINT('',(-205.761577857242,254.722368476362,-11.1328562949652));
#2062=CARTESIAN_POINT('',(-205.761577857242,254.722368476362,-9.13285629496522));
#2063=CARTESIAN_POINT('',(-241.416644125828,217.977896111355,-11.1328562949652));
#2064=CARTESIAN_POINT('',(-256.040792400053,202.906921117895,-11.1328562949652));
#2065=CARTESIAN_POINT('',(-241.416644125828,217.977896111355,-9.13285629496522));
#2066=CARTESIAN_POINT('Origin',(-223.259707586088,200.359279380979,-9.13285629496522));
#2067=CARTESIAN_POINT('',(-223.259707586088,200.359279380979,-9.13285629496522));
#2068=CARTESIAN_POINT('',(-223.658366986054,200.746119262178,-9.13285629496522));
#2069=CARTESIAN_POINT('',(-223.259707586088,200.359279380979,-11.1328562949652));
#2070=CARTESIAN_POINT('',(-241.416644125828,217.977896111355,-11.1328562949652));
#2071=CARTESIAN_POINT('',(-223.259707586088,200.359279380979,-9.13285629496522));
#2072=CARTESIAN_POINT('Origin',(-187.604641317502,237.103751745986,-9.13285629496522));
#2073=CARTESIAN_POINT('',(-187.604641317502,237.103751745986,-9.13285629496522));
#2074=CARTESIAN_POINT('',(-200.116084104798,224.210033914106,-9.13285629496522));
#2075=CARTESIAN_POINT('',(-187.604641317502,237.103751745986,-11.1328562949652));
#2076=CARTESIAN_POINT('',(-187.604641317502,237.103751745986,-11.1328562949652));
#2077=CARTESIAN_POINT('',(-187.604641317502,237.103751745986,-9.13285629496522));
#2078=CARTESIAN_POINT('Origin',(-205.761577857242,254.722368476362,-9.13285629496522));
#2079=CARTESIAN_POINT('',(-197.081768987338,246.299899992372,-9.13285629496522));
#2080=CARTESIAN_POINT('',(-205.761577857242,254.722368476362,-11.1328562949652));
#2081=CARTESIAN_POINT('Origin',(-214.510642721665,227.540823928671,-11.1328562949652));
#2082=CARTESIAN_POINT('Origin',(-213.424845692024,212.089995844622,-9.13285629496522));
#2083=CARTESIAN_POINT('',(-177.649086591292,211.623341028707,-9.13285629496522));
#2084=CARTESIAN_POINT('',(-167.780507813159,221.793444695418,-9.13285629496522));
#2085=CARTESIAN_POINT('',(-178.922716022092,210.310797081354,-9.13285629496522));
#2086=CARTESIAN_POINT('',(-161.321518530248,215.525952577894,-9.13285629496522));
#2087=CARTESIAN_POINT('',(-173.880664358131,227.712742806414,-9.13285629496522));
#2088=CARTESIAN_POINT('',(-215.291589542267,159.906878197268,-9.13285629496522));
#2089=CARTESIAN_POINT('',(-219.992208630411,155.062636235084,-9.13285629496522));
#2090=CARTESIAN_POINT('',(-220.135831504451,164.607497285412,-9.13285629496522));
#2091=CARTESIAN_POINT('',(-230.362564535727,174.531026471493,-9.13285629496522));
#2092=CARTESIAN_POINT('',(-224.836450592595,159.763255323228,-9.13285629496522));
#2093=CARTESIAN_POINT('',(-208.993623295518,176.090144899476,-9.13285629496522));
#2094=CARTESIAN_POINT('',(-227.465455405611,162.314314973708,-9.13285629496522));
#2095=CARTESIAN_POINT('',(-270.228791941944,203.809797149167,-9.13285629496522));
#2096=CARTESIAN_POINT('',(-222.613154746567,167.314872990622,-9.13285629496522));
#2097=CARTESIAN_POINT('',(-210.554434404476,179.742035880449,-9.13285629496522));
#2098=CARTESIAN_POINT('',(-257.837415749024,201.494799370532,-9.13285629496522));
#2099=CARTESIAN_POINT('',(-249.047807688079,192.965787039786,-9.13285629496522));
#2100=CARTESIAN_POINT('',(-262.689716408069,196.494241353618,-9.13285629496522));
#2101=CARTESIAN_POINT('',(-246.846889110992,212.821130929867,-9.13285629496522));
#2102=CARTESIAN_POINT('',(-265.38454997976,199.109178061023,-9.13285629496522));
#2103=CARTESIAN_POINT('',(-270.228791941944,203.809797149167,-9.13285629496522));
#2104=CARTESIAN_POINT('',(-260.683930891617,203.953420023206,-9.13285629496522));
#2105=CARTESIAN_POINT('',(-247.104364636979,217.947896802848,-9.13285629496522));
#2106=CARTESIAN_POINT('',(-265.5281728538,208.65403911135,-9.13285629496522));
#2107=CARTESIAN_POINT('',(-252.969027025917,196.46724888283,-9.13285629496522));
#2108=CARTESIAN_POINT('',(-211.558101841781,264.273113491976,-9.13285629496522));
#2109=CARTESIAN_POINT('',(-206.857482753637,269.117355454159,-9.13285629496522));
#2110=CARTESIAN_POINT('',(-206.713859879597,259.572494403832,-9.13285629496522));
#2111=CARTESIAN_POINT('',(-196.487126848321,249.648965217751,-9.13285629496522));
#2112=CARTESIAN_POINT('',(-202.013240791454,264.416736366016,-9.13285629496522));
#2113=CARTESIAN_POINT('',(-217.85606808853,248.089846789767,-9.13285629496522));
#2114=CARTESIAN_POINT('',(-184.968685739326,247.877521055881,-9.13285629496522));
#2115=CARTESIAN_POINT('',(-156.620899442104,220.370194540077,-9.13285629496522));
#2116=CARTESIAN_POINT('',(-182.114723089696,250.818683776493,-9.13285629496522));
#2117=CARTESIAN_POINT('',(-184.968685739326,247.877521055881,-9.13285629496522));
#2118=CARTESIAN_POINT('',(-175.655733806784,244.551191658968,-9.13285629496522));
#2119=CARTESIAN_POINT('Origin',(-178.88522844824,247.68493771773,-9.13285629496522));
#2120=CARTESIAN_POINT('',(-178.509696456415,241.610028938356,-9.13285629496522));
#2121=CARTESIAN_POINT('',(-178.509696456415,241.610028938356,-9.13285629496522));
#2122=CARTESIAN_POINT('',(-180.303860146112,243.350998971002,-9.13285629496522));
#2123=CARTESIAN_POINT('',(-194.305449893932,256.937467307379,-9.13285629496522));
#2124=CARTESIAN_POINT('',(-182.601940589205,240.982702900601,-9.13285629496522));
#2125=CARTESIAN_POINT('',(-196.146687443189,227.024109394753,-9.13285629496522));
#2126=CARTESIAN_POINT('',(-167.530965595745,226.358554626376,-9.13285629496522));
#2127=CARTESIAN_POINT('',(-179.01361320981,237.500762835309,-9.13285629496522));
#2128=CARTESIAN_POINT('',(-179.802083018929,213.712505067882,-9.13285629496522));
#2129=CARTESIAN_POINT('',(-185.292532027072,208.054300695705,-9.13285629496522));
#2130=CARTESIAN_POINT('',(-186.978737777719,220.676385198465,-9.13285629496522));
#2131=CARTESIAN_POINT('',(-207.762779653256,195.696420924172,-9.13285629496522));
#2132=CARTESIAN_POINT('',(-198.762779653256,195.696420924172,-9.13285629496522));
#2133=CARTESIAN_POINT('',(-206.09381267264,195.696420924172,-9.13285629496522));
#2134=CARTESIAN_POINT('',(-198.762779653256,204.696420924172,-9.13285629496522));
#2135=CARTESIAN_POINT('',(-198.762779653256,208.393208384397,-9.13285629496522));
#2136=CARTESIAN_POINT('',(-207.762779653256,204.696420924172,-9.13285629496522));
#2137=CARTESIAN_POINT('',(-210.59381267264,204.696420924172,-9.13285629496522));
#2138=CARTESIAN_POINT('',(-207.762779653256,203.893208384397,-9.13285629496522));
#2139=CARTESIAN_POINT('',(-193.905917932702,201.470443983741,-9.13285629496522));
#2140=CARTESIAN_POINT('',(-179.281769658477,216.541418977201,-9.13285629496522));
#2141=CARTESIAN_POINT('',(-195.985145064897,199.327688075675,-9.13285629496522));
#2142=CARTESIAN_POINT('',(-190.764417272542,227.683627186134,-9.13285629496522));
#2143=CARTESIAN_POINT('',(-186.962006405943,223.993950815708,-9.13285629496522));
#2144=CARTESIAN_POINT('',(-205.388565546766,212.612652192674,-9.13285629496522));
#2145=CARTESIAN_POINT('',(-201.548494567966,216.57005282958,-9.13285629496522));
#2146=CARTESIAN_POINT('',(-205.892147535442,213.101303900598,-9.13285629496522));
#2147=CARTESIAN_POINT('',(-184.581405966349,229.381498612122,-9.13285629496522));
#2148=CARTESIAN_POINT('Origin',(-185.765554001549,230.530538833668,-9.13285629496522));
#2149=CARTESIAN_POINT('',(-220.240681997989,172.821899314475,-9.13285629496522));
#2150=CARTESIAN_POINT('Origin',(-221.424830033189,173.970939536021,-9.13285629496522));
#2151=CARTESIAN_POINT('',(-180.53522844824,247.68493771773,-9.13285629496522));
#2152=CARTESIAN_POINT('Origin',(-178.88522844824,247.68493771773,-9.13285629496522));
#2153=CARTESIAN_POINT('Origin',(-161.321518530248,215.525952577894,-9.13285629496522));
#2154=CARTESIAN_POINT('',(-167.780507813159,221.793444695418,-14.1328562949652));
#2155=CARTESIAN_POINT('',(-167.780507813159,221.793444695418,-19.6328562949652));
#2156=CARTESIAN_POINT('',(-161.321518530248,215.525952577894,-14.1328562949652));
#2157=CARTESIAN_POINT('',(-162.577433113036,216.744631600746,-14.1328562949652));
#2158=CARTESIAN_POINT('',(-161.321518530248,215.525952577894,-7.13285629496522));
#2159=CARTESIAN_POINT('Origin',(-203.262779653256,200.196420924172,-13.1328562949652));
#2160=CARTESIAN_POINT('',(-207.762779653256,195.696420924172,-13.1328562949652));
#2161=CARTESIAN_POINT('',(-207.762779653256,204.696420924172,-13.1328562949652));
#2162=CARTESIAN_POINT('',(-207.762779653256,195.696420924172,-13.1328562949652));
#2163=CARTESIAN_POINT('',(-198.762779653256,204.696420924172,-13.1328562949652));
#2164=CARTESIAN_POINT('',(-207.762779653256,204.696420924172,-13.1328562949652));
#2165=CARTESIAN_POINT('',(-198.762779653256,195.696420924172,-13.1328562949652));
#2166=CARTESIAN_POINT('',(-198.762779653256,204.696420924172,-13.1328562949652));
#2167=CARTESIAN_POINT('',(-198.762779653256,195.696420924172,-13.1328562949652));
#2168=CARTESIAN_POINT('',(-201.912779653256,200.196420924172,-13.1328562949652));
#2169=CARTESIAN_POINT('Origin',(-203.262779653256,200.196420924172,-13.1328562949652));
#2170=CARTESIAN_POINT('Origin',(-206.783011633765,264.168168242879,-14.1328562949652));
#2171=CARTESIAN_POINT('',(-206.857482753637,269.117355454159,-14.1328562949652));
#2172=CARTESIAN_POINT('',(-202.013240791454,264.416736366016,-14.1328562949652));
#2173=CARTESIAN_POINT('',(-184.968685739326,247.877521055881,-14.1328562949652));
#2174=CARTESIAN_POINT('',(-206.713859879597,259.572494403832,-14.1328562949652));
#2175=CARTESIAN_POINT('',(-203.231919814306,263.160821783227,-14.1328562949652));
#2176=CARTESIAN_POINT('',(-211.558101841781,264.273113491976,-14.1328562949652));
#2177=CARTESIAN_POINT('',(-207.790358093416,260.61707642342,-14.1328562949652));
#2178=CARTESIAN_POINT('',(-206.857482753637,269.117355454159,-14.1328562949652));
#2179=CARTESIAN_POINT('',(-205.814163241328,263.22804442525,-14.1328562949652));
#2180=CARTESIAN_POINT('Origin',(-206.783011633764,264.168168242879,-14.1328562949652));
#2181=CARTESIAN_POINT('Origin',(-247.172734290265,177.282508361201,-9.13285629496522));
#2182=CARTESIAN_POINT('',(-251.193957577264,179.628800030276,-9.13285629496522));
#2183=CARTESIAN_POINT('',(-248.339994927633,182.569962750888,-9.13285629496522));
#2184=CARTESIAN_POINT('',(-248.339994927633,182.569962750888,-9.13285629496522));
#2185=CARTESIAN_POINT('',(-241.881005644722,176.302470633363,-9.13285629496522));
#2186=CARTESIAN_POINT('',(-232.544241490116,167.242524381865,-9.13285629496522));
#2187=CARTESIAN_POINT('',(-244.734968294352,173.361307912751,-9.13285629496522));
#2188=CARTESIAN_POINT('',(-241.881005644722,176.302470633363,-9.13285629496522));
#2189=CARTESIAN_POINT('Origin',(-247.964462935808,176.495053971514,-9.13285629496522));
#2190=CARTESIAN_POINT('',(-249.614462935808,176.495053971514,-9.13285629496522));
#2191=CARTESIAN_POINT('Origin',(-247.964462935808,176.495053971514,-9.13285629496522));
#2192=CARTESIAN_POINT('Origin',(-244.009392202781,180.505109494156,-24.1328562949652));
#2193=CARTESIAN_POINT('',(-236.049691901763,170.644044629235,-24.1328562949652));
#2194=CARTESIAN_POINT('',(-231.197391242718,175.644602646149,-24.1328562949652));
#2195=CARTESIAN_POINT('',(-235.515595049733,171.194460294481,-24.1328562949652));
#2196=CARTESIAN_POINT('',(-222.613154746567,167.314872990622,-24.1328562949652));
#2197=CARTESIAN_POINT('',(-249.03135049841,192.949817775554,-24.1328562949652));
#2198=CARTESIAN_POINT('',(-227.465455405611,162.314314973708,-24.1328562949652));
#2199=CARTESIAN_POINT('',(-225.329067997494,164.515977634693,-24.1328562949652));
#2200=CARTESIAN_POINT('',(-219.992208630411,155.062636235084,-24.1328562949652));
#2201=CARTESIAN_POINT('Origin',(-236.049691901763,170.644044629235,-17.1328562949652));
#2202=CARTESIAN_POINT('',(-231.197391242718,175.644602646149,-17.1328562949652));
#2203=CARTESIAN_POINT('',(-231.197391242718,175.644602646149,-13.1328562949652));
#2204=CARTESIAN_POINT('',(-236.049691901763,170.644044629235,-17.1328562949652));
#2205=CARTESIAN_POINT('',(-236.049691901763,170.644044629235,-11.1328562949652));
#2206=CARTESIAN_POINT('',(-236.049691901763,170.644044629235,-17.1328562949652));
#2207=CARTESIAN_POINT('Origin',(-239.288728706242,173.787049943419,-17.1328562949652));
#2208=CARTESIAN_POINT('',(-234.436428047198,178.787607960332,-17.1328562949652));
#2209=CARTESIAN_POINT('',(-246.136921898111,190.141203665432,-17.1328562949652));
#2210=CARTESIAN_POINT('',(-239.288728706242,173.787049943419,-17.1328562949652));
#2211=CARTESIAN_POINT('',(-229.640468668327,164.424843089252,-17.1328562949652));
#2212=CARTESIAN_POINT('',(-239.288728706242,173.787049943419,-17.1328562949652));
#2213=CARTESIAN_POINT('Origin',(-239.288728706242,173.787049943419,-24.1328562949652));
#2214=CARTESIAN_POINT('',(-234.436428047198,178.787607960332,-24.1328562949652));
#2215=CARTESIAN_POINT('',(-234.436428047198,178.787607960332,-16.6328562949652));
#2216=CARTESIAN_POINT('',(-239.288728706242,173.787049943419,-24.1328562949652));
#2217=CARTESIAN_POINT('',(-239.288728706242,173.787049943419,-14.6328562949652));
#2218=CARTESIAN_POINT('',(-238.754631854213,174.337465608665,-24.1328562949652));
#2219=CARTESIAN_POINT('Origin',(-244.009392202781,180.505109494156,-24.1328562949652));
#2220=CARTESIAN_POINT('',(-254.823402132063,188.861148843421,-24.1328562949652));
#2221=CARTESIAN_POINT('',(-219.992208630411,155.062636235084,-24.1328562949652));
#2222=CARTESIAN_POINT('',(-249.971101473019,193.861706860334,-24.1328562949652));
#2223=CARTESIAN_POINT('',(-254.289305280034,189.411564508667,-24.1328562949652));
#2224=CARTESIAN_POINT('',(-249.03135049841,192.949817775554,-24.1328562949652));
#2225=CARTESIAN_POINT('Origin',(-254.823402132063,188.861148843421,-17.1328562949652));
#2226=CARTESIAN_POINT('',(-249.971101473019,193.861706860334,-17.1328562949652));
#2227=CARTESIAN_POINT('',(-249.971101473019,193.861706860334,-13.1328562949652));
#2228=CARTESIAN_POINT('',(-254.823402132063,188.861148843421,-17.1328562949652));
#2229=CARTESIAN_POINT('',(-254.823402132063,188.861148843421,-11.1328562949652));
#2230=CARTESIAN_POINT('',(-254.823402132063,188.861148843421,-17.1328562949652));
#2231=CARTESIAN_POINT('Origin',(-258.057656393665,191.999513408337,-17.1328562949652));
#2232=CARTESIAN_POINT('',(-253.205355734621,197.00007142525,-17.1328562949652));
#2233=CARTESIAN_POINT('',(-255.521385741823,199.247435397891,-17.1328562949652));
#2234=CARTESIAN_POINT('',(-258.057656393665,191.999513408337,-17.1328562949652));
#2235=CARTESIAN_POINT('',(-239.024932512038,173.531074821711,-17.1328562949652));
#2236=CARTESIAN_POINT('',(-258.057656393665,191.999513408337,-17.1328562949652));
#2237=CARTESIAN_POINT('Origin',(-258.057656393665,191.999513408337,-24.1328562949652));
#2238=CARTESIAN_POINT('',(-253.205355734621,197.00007142525,-24.1328562949652));
#2239=CARTESIAN_POINT('',(-253.205355734621,197.00007142525,-16.6328562949652));
#2240=CARTESIAN_POINT('',(-258.057656393665,191.999513408337,-24.1328562949652));
#2241=CARTESIAN_POINT('',(-258.057656393665,191.999513408337,-14.6328562949652));
#2242=CARTESIAN_POINT('',(-257.523559541636,192.549929073583,-24.1328562949652));
#2243=CARTESIAN_POINT('Origin',(-244.009392202781,180.505109494156,-24.1328562949652));
#2244=CARTESIAN_POINT('',(-262.689716408069,196.494241353618,-24.1328562949652));
#2245=CARTESIAN_POINT('',(-219.992208630411,155.062636235084,-24.1328562949652));
#2246=CARTESIAN_POINT('',(-257.837415749024,201.494799370532,-24.1328562949652));
#2247=CARTESIAN_POINT('',(-260.553328999952,198.695904014604,-24.1328562949652));
#2248=CARTESIAN_POINT('',(-249.03135049841,192.949817775554,-24.1328562949652));
#2249=CARTESIAN_POINT('Origin',(-265.279604730663,203.884268269039,-14.1328562949652));
#2250=CARTESIAN_POINT('',(-270.228791941944,203.809797149167,-14.1328562949652));
#2251=CARTESIAN_POINT('',(-265.5281728538,208.65403911135,-14.1328562949652));
#2252=CARTESIAN_POINT('',(-206.857482753637,269.117355454159,-14.1328562949652));
#2253=CARTESIAN_POINT('',(-260.683930891617,203.953420023206,-14.1328562949652));
#2254=CARTESIAN_POINT('',(-264.272258271012,207.435360088498,-14.1328562949652));
#2255=CARTESIAN_POINT('',(-265.38454997976,199.109178061023,-14.1328562949652));
#2256=CARTESIAN_POINT('',(-261.728512911204,202.876921809388,-14.1328562949652));
#2257=CARTESIAN_POINT('',(-270.228791941944,203.809797149167,-14.1328562949652));
#2258=CARTESIAN_POINT('',(-264.310756338226,202.94414445141,-14.1328562949652));
#2259=CARTESIAN_POINT('Origin',(-265.279604730663,203.884268269039,-14.1328562949652));
#2260=CARTESIAN_POINT('Origin',(-241.881005644722,176.302470633363,-5.13285629496522));
#2261=CARTESIAN_POINT('',(-241.881005644722,176.302470633363,-5.13285629496522));
#2262=CARTESIAN_POINT('',(-244.734968294352,173.361307912751,-5.13285629496522));
#2263=CARTESIAN_POINT('',(-241.881005644722,176.302470633363,-5.13285629496522));
#2264=CARTESIAN_POINT('',(-244.734968294352,173.361307912751,-5.13285629496522));
#2265=CARTESIAN_POINT('',(-241.881005644722,176.302470633363,-5.13285629496522));
#2266=CARTESIAN_POINT('Origin',(-247.964462935808,176.495053971514,-5.13285629496522));
#2267=CARTESIAN_POINT('',(-251.193957577264,179.628800030276,-5.13285629496522));
#2268=CARTESIAN_POINT('Origin',(-247.964462935808,176.495053971514,-5.13285629496522));
#2269=CARTESIAN_POINT('',(-251.193957577264,179.628800030276,-5.13285629496522));
#2270=CARTESIAN_POINT('Origin',(-251.193957577264,179.628800030276,-5.13285629496522));
#2271=CARTESIAN_POINT('',(-248.339994927633,182.569962750888,-5.13285629496522));
#2272=CARTESIAN_POINT('',(-248.339994927633,182.569962750888,-5.13285629496522));
#2273=CARTESIAN_POINT('',(-248.339994927633,182.569962750888,-5.13285629496522));
#2274=CARTESIAN_POINT('Origin',(-265.279604730663,203.884268269039,-8.13285629496522));
#2275=CARTESIAN_POINT('',(-264.310756338226,202.94414445141,-5.13285629496522));
#2276=CARTESIAN_POINT('',(-264.310756338226,202.94414445141,-8.13285629496522));
#2277=CARTESIAN_POINT('Origin',(-265.279604730663,203.884268269039,-5.13285629496522));
#2278=CARTESIAN_POINT('Origin',(-206.783011633764,264.168168242879,-8.13285629496522));
#2279=CARTESIAN_POINT('',(-205.814163241328,263.22804442525,-5.13285629496522));
#2280=CARTESIAN_POINT('',(-205.814163241328,263.22804442525,-8.13285629496522));
#2281=CARTESIAN_POINT('Origin',(-206.783011633764,264.168168242879,-5.13285629496522));
#2282=CARTESIAN_POINT('Origin',(-220.066679750284,160.011823446365,-8.13285629496522));
#2283=CARTESIAN_POINT('',(-219.097831357847,159.071699628736,-14.1328562949652));
#2284=CARTESIAN_POINT('Origin',(-220.066679750284,160.011823446365,-14.1328562949652));
#2285=CARTESIAN_POINT('',(-219.097831357847,159.071699628736,-5.13285629496522));
#2286=CARTESIAN_POINT('',(-219.097831357847,159.071699628736,-8.13285629496522));
#2287=CARTESIAN_POINT('Origin',(-220.066679750284,160.011823446365,-5.13285629496522));
#2288=CARTESIAN_POINT('Origin',(-203.262779653256,200.196420924172,-9.13285629496522));
#2289=CARTESIAN_POINT('',(-201.912779653256,200.196420924172,-5.13285629496522));
#2290=CARTESIAN_POINT('',(-201.912779653256,200.196420924172,-9.13285629496522));
#2291=CARTESIAN_POINT('Origin',(-203.262779653256,200.196420924172,-5.13285629496522));
#2292=CARTESIAN_POINT('Origin',(-247.964462935808,176.495053971514,-5.13285629496522));
#2293=CARTESIAN_POINT('',(-249.614462935808,176.495053971514,-5.13285629496522));
#2294=CARTESIAN_POINT('',(-249.614462935808,176.495053971514,-5.13285629496522));
#2295=CARTESIAN_POINT('Origin',(-247.964462935808,176.495053971514,-5.13285629496522));
#2296=CARTESIAN_POINT('Origin',(-206.857482753637,269.117355454159,-5.13285629496522));
#2297=CARTESIAN_POINT('',(-163.079888725016,226.637686657602,-14.1328562949652));
#2298=CARTESIAN_POINT('',(-163.079888725016,226.637686657602,-30.1328562949652));
#2299=CARTESIAN_POINT('',(-163.079888725016,226.637686657602,-9.13285629496522));
#2300=CARTESIAN_POINT('',(-180.303860146112,243.350998971002,-30.1328562949652));
#2301=CARTESIAN_POINT('',(-163.079888725016,226.637686657602,-30.1328562949652));
#2302=CARTESIAN_POINT('',(-180.303860146112,243.350998971002,-30.1328562949652));
#2303=CARTESIAN_POINT('',(-178.509696456415,241.610028938356,-5.13285629496522));
#2304=CARTESIAN_POINT('',(-178.509696456415,241.610028938356,-5.13285629496522));
#2305=CARTESIAN_POINT('',(-156.620899442104,220.370194540077,-5.13285629496522));
#2306=CARTESIAN_POINT('',(-156.620899442104,220.370194540077,-5.13285629496522));
#2307=CARTESIAN_POINT('',(-156.620899442104,220.370194540077,-14.1328562949652));
#2308=CARTESIAN_POINT('',(-156.620899442104,220.370194540077,-5.13285629496522));
#2309=CARTESIAN_POINT('',(-156.620899442104,220.370194540077,-14.1328562949652));
#2310=CARTESIAN_POINT('',(-170.64092462969,233.974551739302,-26.6328562949652));
#2311=CARTESIAN_POINT('Origin',(-171.609773022127,234.914675556931,-26.6328562949652));
#2312=CARTESIAN_POINT('',(-169.757521667273,233.117340051679,-21.2137960462961));
#2313=CARTESIAN_POINT('',(-173.462024376981,236.712011062184,-21.2137960462961));
#2314=CARTESIAN_POINT('Origin',(-171.609773022127,234.914675556931,-18.6328562949652));
#2315=CARTESIAN_POINT('',(-171.609773022127,234.914675556931,-23.794735797627));
#2316=CARTESIAN_POINT('',(-183.871440338447,246.81280696521,-6.7092443974716));
#2317=CARTESIAN_POINT('',(-176.147328119059,239.317700481914,-30.1173962145489));
#2318=CARTESIAN_POINT('Origin',(-171.609773022127,234.914675556931,-26.6328562949652));
#2319=CARTESIAN_POINT('',(-172.939005072783,231.606255668902,-26.6328562949652));
#2320=CARTESIAN_POINT('Origin',(-173.907853465219,232.54637948653,-26.6328562949652));
#2321=CARTESIAN_POINT('',(-170.64092462969,233.974551739302,-26.6328562949652));
#2322=CARTESIAN_POINT('Origin',(-169.757521667273,233.117340051679,-21.2137960462961));
#2323=CARTESIAN_POINT('',(-173.907853465219,232.54637948653,-23.794735797627));
#2324=CARTESIAN_POINT('',(-171.609773022127,234.914675556931,-23.7947357976271));
#2325=CARTESIAN_POINT('',(-172.055602110365,230.749043981278,-21.2137960462961));
#2326=CARTESIAN_POINT('',(-172.255543832694,230.943057798885,-21.4923962145489));
#2327=CARTESIAN_POINT('',(-169.757521667273,233.117340051679,-21.2137960462961));
#2328=CARTESIAN_POINT('Origin',(-171.812759471974,235.111643831479,-23.5118930851524));
#2329=CARTESIAN_POINT('',(-175.760104820073,234.343714991783,-21.2137960462961));
#2330=CARTESIAN_POINT('',(-173.462024376981,236.712011062184,-21.2137960462961));
#2331=CARTESIAN_POINT('',(-174.776581351959,233.389351187509,-22.5842443974716));
#2332=CARTESIAN_POINT('Origin',(-171.609773022127,234.914675556931,-18.6328562949652));
#2333=CARTESIAN_POINT('Origin',(-173.907853465219,232.54637948653,-18.6328562949652));
#2334=CARTESIAN_POINT('Origin',(-178.88522844824,247.68493771773,-5.13285629496522));
#2335=CARTESIAN_POINT('',(-180.53522844824,247.68493771773,-5.13285629496522));
#2336=CARTESIAN_POINT('',(-180.53522844824,247.68493771773,-5.13285629496522));
#2337=CARTESIAN_POINT('Origin',(-178.88522844824,247.68493771773,-5.13285629496522));
#2338=CARTESIAN_POINT('Origin',(-221.424830033189,173.970939536021,-9.13285629496522));
#2339=CARTESIAN_POINT('',(-220.240681997989,172.821899314475,-5.13285629496522));
#2340=CARTESIAN_POINT('',(-220.240681997989,172.821899314475,-9.13285629496522));
#2341=CARTESIAN_POINT('Origin',(-221.424830033189,173.970939536021,-5.13285629496522));
#2342=CARTESIAN_POINT('Origin',(-185.765554001549,230.530538833668,-9.13285629496522));
#2343=CARTESIAN_POINT('',(-184.581405966349,229.381498612122,-5.13285629496522));
#2344=CARTESIAN_POINT('',(-184.581405966349,229.381498612122,-9.13285629496522));
#2345=CARTESIAN_POINT('Origin',(-185.765554001549,230.530538833668,-5.13285629496522));
#2346=CARTESIAN_POINT('Origin',(-202.51790364325,209.827100140441,-9.13285629496522));
#2347=CARTESIAN_POINT('',(-205.388565546766,212.612652192674,-5.13285629496522));
#2348=CARTESIAN_POINT('',(-205.388565546766,212.612652192674,-9.13285629496522));
#2349=CARTESIAN_POINT('',(-193.905917932702,201.470443983741,-5.13285629496522));
#2350=CARTESIAN_POINT('',(-205.892147535442,213.101303900598,-5.13285629496522));
#2351=CARTESIAN_POINT('',(-193.905917932702,201.470443983741,-9.13285629496522));
#2352=CARTESIAN_POINT('Origin',(-193.549969324775,224.812965282618,-9.13285629496522));
#2353=CARTESIAN_POINT('',(-190.764417272542,227.683627186134,-5.13285629496522));
#2354=CARTESIAN_POINT('',(-190.764417272542,227.683627186134,-9.13285629496522));
#2355=CARTESIAN_POINT('',(-201.548494567966,216.57005282958,-5.13285629496522));
#2356=CARTESIAN_POINT('Origin',(-179.281769658477,216.541418977201,-9.13285629496522));
#2357=CARTESIAN_POINT('',(-179.281769658477,216.541418977201,-5.13285629496522));
#2358=CARTESIAN_POINT('',(-179.281769658477,216.541418977201,-9.13285629496522));
#2359=CARTESIAN_POINT('',(-186.962006405943,223.993950815708,-5.13285629496522));
#2360=CARTESIAN_POINT('Origin',(-193.905917932702,201.470443983741,-9.13285629496522));
#2361=CARTESIAN_POINT('',(-195.985145064897,199.327688075675,-5.13285629496522));
#2362=CARTESIAN_POINT('Origin',(-207.762779653256,195.696420924172,-9.13285629496522));
#2363=CARTESIAN_POINT('',(-207.762779653256,204.696420924172,-9.13285629496522));
#2364=CARTESIAN_POINT('',(-207.762779653256,195.696420924172,-9.13285629496522));
#2365=CARTESIAN_POINT('Origin',(-207.762779653256,204.696420924172,-9.13285629496522));
#2366=CARTESIAN_POINT('',(-198.762779653256,204.696420924172,-9.13285629496522));
#2367=CARTESIAN_POINT('Origin',(-198.762779653256,204.696420924172,-9.13285629496522));
#2368=CARTESIAN_POINT('',(-198.762779653256,195.696420924172,-9.13285629496522));
#2369=CARTESIAN_POINT('Origin',(-198.762779653256,195.696420924172,-9.13285629496522));
#2370=CARTESIAN_POINT('Origin',(-173.666524307337,220.035529847129,-19.6328562949652));
#2371=CARTESIAN_POINT('',(-167.530965595745,226.358554626376,-30.1328562949652));
#2372=CARTESIAN_POINT('',(-167.530965595745,226.358554626376,-19.6328562949652));
#2373=CARTESIAN_POINT('',(-167.530965595745,226.358554626376,-30.1328562949652));
#2374=CARTESIAN_POINT('Origin',(-173.989954878656,232.626046743901,-19.6328562949652));
#2375=CARTESIAN_POINT('',(-182.601940589205,240.982702900601,-30.1328562949652));
#2376=CARTESIAN_POINT('',(-182.601940589205,240.982702900601,-30.1328562949652));
#2377=CARTESIAN_POINT('',(-165.377969168108,224.269390587201,-30.1328562949652));
#2378=CARTESIAN_POINT('Origin',(-180.303860146112,243.350998971002,-9.13285629496522));
#2379=CARTESIAN_POINT('',(-180.303860146112,243.350998971002,-30.1328562949652));
#2380=CARTESIAN_POINT('Origin',(-175.655733806784,244.551191658968,-5.13285629496522));
#2381=CARTESIAN_POINT('',(-175.655733806784,244.551191658968,-5.13285629496522));
#2382=CARTESIAN_POINT('',(-178.509696456415,241.610028938356,-5.13285629496522));
#2383=CARTESIAN_POINT('',(-175.655733806784,244.551191658968,-5.13285629496522));
#2384=CARTESIAN_POINT('Origin',(-178.88522844824,247.68493771773,-5.13285629496522));
#2385=CARTESIAN_POINT('',(-182.114723089696,250.818683776493,-5.13285629496522));
#2386=CARTESIAN_POINT('Origin',(-178.88522844824,247.68493771773,-5.13285629496522));
#2387=CARTESIAN_POINT('',(-182.114723089696,250.818683776493,-5.13285629496522));
#2388=CARTESIAN_POINT('Origin',(-184.968685739326,247.877521055881,-5.13285629496522));
#2389=CARTESIAN_POINT('',(-184.968685739326,247.877521055881,-5.13285629496522));
#2390=CARTESIAN_POINT('',(-184.968685739326,247.877521055881,-5.13285629496522));
#2391=CARTESIAN_POINT('',(-184.968685739326,247.877521055881,-5.13285629496522));
#2392=CARTESIAN_POINT('Origin',(-206.857482753637,269.117355454159,-5.13285629496522));
#2393=CARTESIAN_POINT('',(-202.013240791454,264.416736366016,-7.13285629496522));
#2394=CARTESIAN_POINT('',(-206.857482753637,269.117355454159,-5.13285629496522));
#2395=CARTESIAN_POINT('',(-206.857482753637,269.117355454159,-5.13285629496522));
#2396=CARTESIAN_POINT('',(-156.620899442104,220.370194540077,-5.13285629496522));
#2397=CARTESIAN_POINT('Origin',(-202.013240791454,264.416736366016,-9.13285629496522));
#2398=CARTESIAN_POINT('',(-206.713859879597,259.572494403832,-9.13285629496522));
#2399=CARTESIAN_POINT('Origin',(-206.534443510627,259.398397400568,-9.13285629496522));
#2400=CARTESIAN_POINT('',(-211.558101841781,264.273113491976,-7.13285629496522));
#2401=CARTESIAN_POINT('Origin',(-270.228791941944,203.809797149167,-5.13285629496522));
#2402=CARTESIAN_POINT('',(-270.228791941944,203.809797149167,-5.13285629496522));
#2403=CARTESIAN_POINT('',(-206.857482753637,269.117355454159,-5.13285629496522));
#2404=CARTESIAN_POINT('',(-265.5281728538,208.65403911135,-7.13285629496522));
#2405=CARTESIAN_POINT('',(-270.228791941944,203.809797149167,-5.13285629496522));
#2406=CARTESIAN_POINT('Origin',(-265.5281728538,208.65403911135,-9.13285629496522));
#2407=CARTESIAN_POINT('',(-260.683930891617,203.953420023206,-9.13285629496522));
#2408=CARTESIAN_POINT('Origin',(-260.509833888352,204.132836392176,-9.13285629496522));
#2409=CARTESIAN_POINT('',(-265.38454997976,199.109178061023,-7.13285629496522));
#2410=CARTESIAN_POINT('Origin',(-262.689716408069,196.494241353618,-9.13285629496522));
#2411=CARTESIAN_POINT('',(-257.837415749024,201.494799370532,-9.13285629496522));
#2412=CARTESIAN_POINT('',(-262.689716408069,196.494241353618,-9.13285629496522));
#2413=CARTESIAN_POINT('Origin',(-257.837415749024,201.494799370532,-9.13285629496522));
#2414=CARTESIAN_POINT('',(-222.613154746567,167.314872990621,-9.13285629496522));
#2415=CARTESIAN_POINT('Origin',(-225.329067997494,164.515977634693,-9.13285629496522));
#2416=CARTESIAN_POINT('',(-227.465455405611,162.314314973708,-9.13285629496522));
#2417=CARTESIAN_POINT('Origin',(-224.836450592595,159.763255323228,-9.13285629496522));
#2418=CARTESIAN_POINT('',(-220.135831504451,164.607497285412,-14.1328562949652));
#2419=CARTESIAN_POINT('',(-220.135831504451,164.607497285412,-9.13285629496522));
#2420=CARTESIAN_POINT('',(-224.836450592595,159.763255323228,-14.1328562949652));
#2421=CARTESIAN_POINT('',(-223.617771569743,161.019169906016,-14.1328562949652));
#2422=CARTESIAN_POINT('',(-224.836450592595,159.763255323228,-7.13285629496522));
#2423=CARTESIAN_POINT('Origin',(-220.315247873421,164.781594288676,-9.13285629496522));
#2424=CARTESIAN_POINT('',(-215.291589542267,159.906878197268,-14.1328562949652));
#2425=CARTESIAN_POINT('',(-215.291589542267,159.906878197268,-7.13285629496522));
#2426=CARTESIAN_POINT('',(-219.059333290632,163.562915265824,-14.1328562949652));
#2427=CARTESIAN_POINT('Origin',(-220.066679750284,160.011823446365,-14.1328562949652));
#2428=CARTESIAN_POINT('',(-219.992208630411,155.062636235084,-14.1328562949652));
#2429=CARTESIAN_POINT('',(-241.881005644722,176.302470633363,-14.1328562949652));
#2430=CARTESIAN_POINT('',(-219.992208630411,155.062636235084,-14.1328562949652));
#2431=CARTESIAN_POINT('Origin',(-219.992208630411,155.062636235084,-5.13285629496522));
#2432=CARTESIAN_POINT('',(-270.228791941944,203.809797149167,-5.13285629496522));
#2433=CARTESIAN_POINT('',(-219.992208630411,155.062636235084,-5.13285629496522));
#2434=CARTESIAN_POINT('',(-219.992208630411,155.062636235084,-5.13285629496522));
#2435=CARTESIAN_POINT('',(-270.228791941944,203.809797149167,-5.13285629496522));
#2436=CARTESIAN_POINT('Origin',(-213.424845692024,212.089995844622,-5.13285629496522));
#2437=CARTESIAN_POINT('',(-219.992208630411,155.062636235084,-5.13285629496522));
#2438=CARTESIAN_POINT('',(-160.601238260948,219.355599602576,-5.13285629496522));
#2439=CARTESIAN_POINT('Origin',(-161.570086653385,220.295723420205,-5.13285629496522));
#2440=CARTESIAN_POINT('Origin',(-161.570086653385,220.295723420205,-8.13285629496522));
#2441=CARTESIAN_POINT('',(-160.601238260948,219.355599602576,-14.1328562949652));
#2442=CARTESIAN_POINT('Origin',(-161.570086653385,220.295723420205,-14.1328562949652));
#2443=CARTESIAN_POINT('',(-160.601238260948,219.355599602576,-8.13285629496522));
#2444=CARTESIAN_POINT('Origin',(-180.303860146112,243.350998971002,-30.1328562949652));
#2445=CARTESIAN_POINT('',(-165.377969168108,224.269390587201,-30.1328562949652));
#2446=CARTESIAN_POINT('',(-163.079888725016,226.637686657602,-30.1328562949652));
#2447=CARTESIAN_POINT('',(-165.377969168108,224.269390587201,-30.1328562949652));
#2448=CARTESIAN_POINT('Origin',(-165.377969168108,224.269390587201,-30.1328562949652));
#2449=CARTESIAN_POINT('',(-165.377969168108,224.269390587201,-30.1328562949652));
#2450=CARTESIAN_POINT('Origin',(-156.620899442104,220.370194540077,-5.13285629496522));
#2451=CARTESIAN_POINT('',(-219.992208630411,155.062636235084,-14.1328562949652));
#2452=CARTESIAN_POINT('Origin',(-161.570086653385,220.295723420205,-14.1328562949652));
#2453=CARTESIAN_POINT('',(-164.298567747868,225.381772074814,-14.1328562949652));
#2454=CARTESIAN_POINT('Origin',(-163.079888725016,226.637686657602,-30.1328562949652));
#2455=UNCERTAINTY_MEASURE_WITH_UNIT(LENGTH_MEASURE(0.01),#2459,
'DISTANCE_ACCURACY_VALUE',
'Maximum model space distance between geometric entities at asserted c
onnectivities');
#2456=UNCERTAINTY_MEASURE_WITH_UNIT(LENGTH_MEASURE(0.01),#2459,
'DISTANCE_ACCURACY_VALUE',
'Maximum model space distance between geometric entities at asserted c
onnectivities');
#2457=(
GEOMETRIC_REPRESENTATION_CONTEXT(3)
GLOBAL_UNCERTAINTY_ASSIGNED_CONTEXT((#2455))
GLOBAL_UNIT_ASSIGNED_CONTEXT((#2459,#2460,#2461))
REPRESENTATION_CONTEXT('','3D')
);
#2458=(
GEOMETRIC_REPRESENTATION_CONTEXT(3)
GLOBAL_UNCERTAINTY_ASSIGNED_CONTEXT((#2456))
GLOBAL_UNIT_ASSIGNED_CONTEXT((#2459,#2460,#2461))
REPRESENTATION_CONTEXT('','3D')
);
#2459=(
LENGTH_UNIT()
NAMED_UNIT(*)
SI_UNIT(.MILLI.,.METRE.)
);
#2460=(
NAMED_UNIT(*)
PLANE_ANGLE_UNIT()
SI_UNIT($,.RADIAN.)
);
#2461=(
NAMED_UNIT(*)
SI_UNIT($,.STERADIAN.)
SOLID_ANGLE_UNIT()
);
#2462=SHAPE_DEFINITION_REPRESENTATION(#2463,#2464);
#2463=PRODUCT_DEFINITION_SHAPE('',$,#2466);
#2464=SHAPE_REPRESENTATION('',(#1530),#2457);
#2465=PRODUCT_DEFINITION_CONTEXT('part definition',#2470,'design');
#2466=PRODUCT_DEFINITION('bqap_bqfb_num_10 (v4~recovered)',
'bqap_bqfb_num_10 (v4~recovered)',#2467,#2465);
#2467=PRODUCT_DEFINITION_FORMATION('',$,#2472);
#2468=PRODUCT_RELATED_PRODUCT_CATEGORY(
'bqap_bqfb_num_10 (v4~recovered)','bqap_bqfb_num_10 (v4~recovered)',(#2472));
#2469=APPLICATION_PROTOCOL_DEFINITION('international standard',
'automotive_design',2009,#2470);
#2470=APPLICATION_CONTEXT(
'Core Data for Automotive Mechanical Design Process');
#2471=PRODUCT_CONTEXT('part definition',#2470,'mechanical');
#2472=PRODUCT('bqap_bqfb_num_10 (v4~recovered)',
'bqap_bqfb_num_10 (v4~recovered)',$,(#2471));
#2473=PRESENTATION_STYLE_ASSIGNMENT((#2479));
#2474=PRESENTATION_STYLE_ASSIGNMENT((#2480));
#2475=PRESENTATION_STYLE_ASSIGNMENT((#2481));
#2476=PRESENTATION_STYLE_ASSIGNMENT((#2482));
#2477=PRESENTATION_STYLE_ASSIGNMENT((#2483));
#2478=PRESENTATION_STYLE_ASSIGNMENT((#2484));
#2479=SURFACE_STYLE_USAGE(.BOTH.,#2485);
#2480=SURFACE_STYLE_USAGE(.BOTH.,#2486);
#2481=SURFACE_STYLE_USAGE(.BOTH.,#2487);
#2482=SURFACE_STYLE_USAGE(.BOTH.,#2488);
#2483=SURFACE_STYLE_USAGE(.BOTH.,#2489);
#2484=SURFACE_STYLE_USAGE(.BOTH.,#2490);
#2485=SURFACE_SIDE_STYLE('',(#2491));
#2486=SURFACE_SIDE_STYLE('',(#2492));
#2487=SURFACE_SIDE_STYLE('',(#2493));
#2488=SURFACE_SIDE_STYLE('',(#2494));
#2489=SURFACE_SIDE_STYLE('',(#2495));
#2490=SURFACE_SIDE_STYLE('',(#2496));
#2491=SURFACE_STYLE_FILL_AREA(#2497);
#2492=SURFACE_STYLE_FILL_AREA(#2498);
#2493=SURFACE_STYLE_FILL_AREA(#2499);
#2494=SURFACE_STYLE_FILL_AREA(#2500);
#2495=SURFACE_STYLE_FILL_AREA(#2501);
#2496=SURFACE_STYLE_FILL_AREA(#2502);
#2497=FILL_AREA_STYLE('Steel - Satin',(#2503));
#2498=FILL_AREA_STYLE('Opaque(160,160,160) (1)',(#2504));
#2499=FILL_AREA_STYLE('3D Cherry - Glossy',(#2505));
#2500=FILL_AREA_STYLE('Opaque(160,160,160)',(#2506));
#2501=FILL_AREA_STYLE('ABS (White)',(#2507));
#2502=FILL_AREA_STYLE('Opaque(160,160,160) (2)',(#2508));
#2503=FILL_AREA_STYLE_COLOUR('Steel - Satin',#2509);
#2504=FILL_AREA_STYLE_COLOUR('Opaque(160,160,160) (1)',#2510);
#2505=FILL_AREA_STYLE_COLOUR('3D Cherry - Glossy',#2511);
#2506=FILL_AREA_STYLE_COLOUR('Opaque(160,160,160)',#2512);
#2507=FILL_AREA_STYLE_COLOUR('ABS (White)',#2513);
#2508=FILL_AREA_STYLE_COLOUR('Opaque(160,160,160) (2)',#2514);
#2509=COLOUR_RGB('Steel - Satin',0.627450980392157,0.627450980392157,0.627450980392157);
#2510=COLOUR_RGB('Opaque(160,160,160) (1)',0.,0.,0.);
#2511=COLOUR_RGB('3D Cherry - Glossy',0.67843137254902,0.419607843137255,
0.262745098039216);
#2512=COLOUR_RGB('Opaque(160,160,160)',0.627450980392157,0.627450980392157,
0.627450980392157);
#2513=COLOUR_RGB('ABS (White)',0.964705882352941,0.964705882352941,0.952941176470588);
#2514=COLOUR_RGB('Opaque(160,160,160) (2)',0.627450980392157,0.627450980392157,
0.627450980392157);
ENDSEC;
END-ISO-10303-21;
