ISO-10303-21;
HEADER;
/* Generated by software containing ST-Developer
 * from STEP Tools, Inc. (www.steptools.com) 
 */

FILE_DESCRIPTION(
/* description */ (''),
/* implementation_level */ '2;1');

FILE_NAME(
/* name */ 'electronics box lid.step',
/* time_stamp */ '2025-10-17T09:03:44-04:00',
/* author */ (''),
/* organization */ (''),
/* preprocessor_version */ 'ST-DEVELOPER v20.1',
/* originating_system */ 'Autodesk Translation Framework v14.10.0.0',
/* authorisation */ '');

FILE_SCHEMA (('AUTOMOTIVE_DESIGN { 1 0 10303 214 3 1 1 }'));
ENDSEC;

DATA;
#10=MECHANICAL_DESIGN_GEOMETRIC_PRESENTATION_REPRESENTATION('',(#13),#2251);
#11=SHAPE_REPRESENTATION_RELATIONSHIP('SRR','None',#2257,#12);
#12=ADVANCED_BREP_SHAPE_REPRESENTATION('',(#14),#2250);
#13=STYLED_ITEM('',(#2270),#14);
#14=MANIFOLD_SOLID_BREP('electronic_box_lid',#1385);
#15=CONICAL_SURFACE('',#1431,1.64999999999999,0.314159265358979);
#16=CONICAL_SURFACE('',#1441,1.64999999999999,0.314159265358979);
#17=CONICAL_SURFACE('',#1452,1.64999999999999,0.314159265358979);
#18=CONICAL_SURFACE('',#1461,1.64999999999999,0.314159265358979);
#19=ELLIPSE('',#1429,4.71920670487938,3.33698306284124);
#20=ELLIPSE('',#1434,4.40698008894441,2.94712520870572);
#21=ELLIPSE('',#1435,4.40698008894441,2.94712520870572);
#22=ELLIPSE('',#1439,4.71920670487938,3.33698306284124);
#23=ELLIPSE('',#1444,4.40698008894441,2.94712520870572);
#24=ELLIPSE('',#1445,4.40698008894441,2.94712520870572);
#25=ELLIPSE('',#1450,4.71920670487938,3.33698306284124);
#26=ELLIPSE('',#1455,4.40698008894441,2.94712520870572);
#27=ELLIPSE('',#1456,4.40698008894441,2.94712520870572);
#28=ELLIPSE('',#1459,4.71920670487938,3.33698306284124);
#29=ELLIPSE('',#1464,4.40698008894441,2.94712520870572);
#30=ELLIPSE('',#1465,4.40698008894441,2.94712520870572);
#31=CYLINDRICAL_SURFACE('',#1397,8.25000000000001);
#32=CYLINDRICAL_SURFACE('',#1400,3.375);
#33=CYLINDRICAL_SURFACE('',#1428,3.33698306284124);
#34=CYLINDRICAL_SURFACE('',#1438,3.33698306284124);
#35=CYLINDRICAL_SURFACE('',#1449,3.33698306284124);
#36=CYLINDRICAL_SURFACE('',#1458,3.33698306284124);
#37=CYLINDRICAL_SURFACE('',#1469,1.65);
#38=CYLINDRICAL_SURFACE('',#1470,1.65);
#39=CYLINDRICAL_SURFACE('',#1471,1.65);
#40=CYLINDRICAL_SURFACE('',#1472,1.65);
#41=FACE_BOUND('',#143,.T.);
#42=FACE_BOUND('',#166,.T.);
#43=FACE_BOUND('',#168,.T.);
#44=FACE_BOUND('',#170,.T.);
#45=FACE_BOUND('',#172,.T.);
#46=FACE_BOUND('',#180,.T.);
#47=FACE_BOUND('',#185,.T.);
#48=FACE_BOUND('',#191,.T.);
#49=FACE_BOUND('',#195,.T.);
#50=FACE_BOUND('',#203,.T.);
#51=CIRCLE('',#1391,8.25000000000001);
#52=CIRCLE('',#1392,3.375);
#53=CIRCLE('',#1398,8.25000000000001);
#54=CIRCLE('',#1401,3.375);
#55=CIRCLE('',#1417,1.65);
#56=CIRCLE('',#1419,1.65);
#57=CIRCLE('',#1421,1.65);
#58=CIRCLE('',#1423,1.65);
#59=CIRCLE('',#1430,3.33698306284124);
#60=CIRCLE('',#1432,1.65);
#61=CIRCLE('',#1433,1.65);
#62=CIRCLE('',#1440,3.33698306284124);
#63=CIRCLE('',#1442,1.65);
#64=CIRCLE('',#1443,1.65);
#65=CIRCLE('',#1451,3.33698306284124);
#66=CIRCLE('',#1453,1.65);
#67=CIRCLE('',#1454,1.65);
#68=CIRCLE('',#1460,3.33698306284124);
#69=CIRCLE('',#1462,1.65);
#70=CIRCLE('',#1463,1.65);
#71=FACE_OUTER_BOUND('',#139,.T.);
#72=FACE_OUTER_BOUND('',#140,.T.);
#73=FACE_OUTER_BOUND('',#141,.T.);
#74=FACE_OUTER_BOUND('',#142,.T.);
#75=FACE_OUTER_BOUND('',#144,.T.);
#76=FACE_OUTER_BOUND('',#145,.T.);
#77=FACE_OUTER_BOUND('',#146,.T.);
#78=FACE_OUTER_BOUND('',#147,.T.);
#79=FACE_OUTER_BOUND('',#148,.T.);
#80=FACE_OUTER_BOUND('',#149,.T.);
#81=FACE_OUTER_BOUND('',#150,.T.);
#82=FACE_OUTER_BOUND('',#151,.T.);
#83=FACE_OUTER_BOUND('',#152,.T.);
#84=FACE_OUTER_BOUND('',#153,.T.);
#85=FACE_OUTER_BOUND('',#154,.T.);
#86=FACE_OUTER_BOUND('',#155,.T.);
#87=FACE_OUTER_BOUND('',#156,.T.);
#88=FACE_OUTER_BOUND('',#157,.T.);
#89=FACE_OUTER_BOUND('',#158,.T.);
#90=FACE_OUTER_BOUND('',#159,.T.);
#91=FACE_OUTER_BOUND('',#160,.T.);
#92=FACE_OUTER_BOUND('',#161,.T.);
#93=FACE_OUTER_BOUND('',#162,.T.);
#94=FACE_OUTER_BOUND('',#163,.T.);
#95=FACE_OUTER_BOUND('',#164,.T.);
#96=FACE_OUTER_BOUND('',#165,.T.);
#97=FACE_OUTER_BOUND('',#167,.T.);
#98=FACE_OUTER_BOUND('',#169,.T.);
#99=FACE_OUTER_BOUND('',#171,.T.);
#100=FACE_OUTER_BOUND('',#173,.T.);
#101=FACE_OUTER_BOUND('',#174,.T.);
#102=FACE_OUTER_BOUND('',#175,.T.);
#103=FACE_OUTER_BOUND('',#176,.T.);
#104=FACE_OUTER_BOUND('',#177,.T.);
#105=FACE_OUTER_BOUND('',#178,.T.);
#106=FACE_OUTER_BOUND('',#179,.T.);
#107=FACE_OUTER_BOUND('',#181,.T.);
#108=FACE_OUTER_BOUND('',#182,.T.);
#109=FACE_OUTER_BOUND('',#183,.T.);
#110=FACE_OUTER_BOUND('',#184,.T.);
#111=FACE_OUTER_BOUND('',#186,.T.);
#112=FACE_OUTER_BOUND('',#187,.T.);
#113=FACE_OUTER_BOUND('',#188,.T.);
#114=FACE_OUTER_BOUND('',#189,.T.);
#115=FACE_OUTER_BOUND('',#190,.T.);
#116=FACE_OUTER_BOUND('',#192,.T.);
#117=FACE_OUTER_BOUND('',#193,.T.);
#118=FACE_OUTER_BOUND('',#194,.T.);
#119=FACE_OUTER_BOUND('',#196,.T.);
#120=FACE_OUTER_BOUND('',#197,.T.);
#121=FACE_OUTER_BOUND('',#198,.T.);
#122=FACE_OUTER_BOUND('',#199,.T.);
#123=FACE_OUTER_BOUND('',#200,.T.);
#124=FACE_OUTER_BOUND('',#201,.T.);
#125=FACE_OUTER_BOUND('',#202,.T.);
#126=FACE_OUTER_BOUND('',#204,.T.);
#127=FACE_OUTER_BOUND('',#205,.T.);
#128=FACE_OUTER_BOUND('',#206,.T.);
#129=FACE_OUTER_BOUND('',#207,.T.);
#130=FACE_OUTER_BOUND('',#208,.T.);
#131=FACE_OUTER_BOUND('',#209,.T.);
#132=FACE_OUTER_BOUND('',#210,.T.);
#133=FACE_OUTER_BOUND('',#211,.T.);
#134=FACE_OUTER_BOUND('',#212,.T.);
#135=FACE_OUTER_BOUND('',#213,.T.);
#136=FACE_OUTER_BOUND('',#214,.T.);
#137=FACE_OUTER_BOUND('',#215,.T.);
#138=FACE_OUTER_BOUND('',#216,.T.);
#139=EDGE_LOOP('',(#871,#872,#873,#874,#875));
#140=EDGE_LOOP('',(#876,#877,#878,#879,#880));
#141=EDGE_LOOP('',(#881,#882,#883,#884,#885,#886,#887));
#142=EDGE_LOOP('',(#888,#889,#890,#891,#892,#893,#894,#895));
#143=EDGE_LOOP('',(#896));
#144=EDGE_LOOP('',(#897,#898,#899,#900));
#145=EDGE_LOOP('',(#901,#902,#903,#904,#905,#906));
#146=EDGE_LOOP('',(#907,#908,#909,#910));
#147=EDGE_LOOP('',(#911,#912,#913,#914));
#148=EDGE_LOOP('',(#915,#916,#917,#918));
#149=EDGE_LOOP('',(#919,#920,#921,#922,#923));
#150=EDGE_LOOP('',(#924,#925,#926,#927));
#151=EDGE_LOOP('',(#928));
#152=EDGE_LOOP('',(#929,#930,#931,#932));
#153=EDGE_LOOP('',(#933,#934,#935,#936));
#154=EDGE_LOOP('',(#937,#938,#939,#940));
#155=EDGE_LOOP('',(#941,#942,#943,#944));
#156=EDGE_LOOP('',(#945,#946,#947,#948));
#157=EDGE_LOOP('',(#949,#950,#951,#952));
#158=EDGE_LOOP('',(#953,#954,#955,#956));
#159=EDGE_LOOP('',(#957,#958,#959,#960,#961,#962,#963,#964,#965,#966,#967,
#968));
#160=EDGE_LOOP('',(#969,#970,#971,#972));
#161=EDGE_LOOP('',(#973,#974,#975,#976,#977,#978));
#162=EDGE_LOOP('',(#979,#980,#981,#982,#983,#984,#985,#986));
#163=EDGE_LOOP('',(#987,#988,#989,#990,#991,#992,#993,#994,#995,#996,#997,
#998));
#164=EDGE_LOOP('',(#999,#1000,#1001,#1002,#1003,#1004));
#165=EDGE_LOOP('',(#1005,#1006,#1007,#1008,#1009,#1010,#1011,#1012));
#166=EDGE_LOOP('',(#1013));
#167=EDGE_LOOP('',(#1014,#1015,#1016,#1017,#1018,#1019,#1020,#1021));
#168=EDGE_LOOP('',(#1022));
#169=EDGE_LOOP('',(#1023,#1024,#1025,#1026,#1027,#1028));
#170=EDGE_LOOP('',(#1029));
#171=EDGE_LOOP('',(#1030,#1031,#1032,#1033,#1034,#1035));
#172=EDGE_LOOP('',(#1036));
#173=EDGE_LOOP('',(#1037,#1038,#1039,#1040));
#174=EDGE_LOOP('',(#1041,#1042,#1043,#1044));
#175=EDGE_LOOP('',(#1045,#1046,#1047,#1048));
#176=EDGE_LOOP('',(#1049,#1050,#1051,#1052));
#177=EDGE_LOOP('',(#1053,#1054));
#178=EDGE_LOOP('',(#1055,#1056,#1057,#1058,#1059,#1060,#1061));
#179=EDGE_LOOP('',(#1062,#1063,#1064,#1065));
#180=EDGE_LOOP('',(#1066,#1067,#1068));
#181=EDGE_LOOP('',(#1069,#1070,#1071,#1072));
#182=EDGE_LOOP('',(#1073,#1074));
#183=EDGE_LOOP('',(#1075,#1076,#1077,#1078,#1079,#1080,#1081));
#184=EDGE_LOOP('',(#1082,#1083,#1084,#1085));
#185=EDGE_LOOP('',(#1086,#1087,#1088));
#186=EDGE_LOOP('',(#1089,#1090,#1091,#1092));
#187=EDGE_LOOP('',(#1093,#1094,#1095,#1096));
#188=EDGE_LOOP('',(#1097,#1098));
#189=EDGE_LOOP('',(#1099,#1100,#1101,#1102,#1103,#1104,#1105));
#190=EDGE_LOOP('',(#1106,#1107,#1108,#1109));
#191=EDGE_LOOP('',(#1110,#1111,#1112));
#192=EDGE_LOOP('',(#1113,#1114));
#193=EDGE_LOOP('',(#1115,#1116,#1117,#1118,#1119,#1120,#1121));
#194=EDGE_LOOP('',(#1122,#1123,#1124,#1125));
#195=EDGE_LOOP('',(#1126,#1127,#1128));
#196=EDGE_LOOP('',(#1129,#1130,#1131,#1132));
#197=EDGE_LOOP('',(#1133,#1134,#1135,#1136));
#198=EDGE_LOOP('',(#1137,#1138,#1139,#1140,#1141));
#199=EDGE_LOOP('',(#1142,#1143,#1144,#1145,#1146));
#200=EDGE_LOOP('',(#1147,#1148,#1149,#1150,#1151));
#201=EDGE_LOOP('',(#1152,#1153,#1154,#1155,#1156));
#202=EDGE_LOOP('',(#1157,#1158,#1159,#1160,#1161,#1162,#1163,#1164,#1165,
#1166,#1167,#1168,#1169,#1170));
#203=EDGE_LOOP('',(#1171,#1172,#1173,#1174));
#204=EDGE_LOOP('',(#1175,#1176,#1177,#1178,#1179,#1180,#1181,#1182,#1183,
#1184,#1185,#1186));
#205=EDGE_LOOP('',(#1187,#1188,#1189,#1190));
#206=EDGE_LOOP('',(#1191,#1192,#1193,#1194));
#207=EDGE_LOOP('',(#1195,#1196,#1197,#1198));
#208=EDGE_LOOP('',(#1199,#1200,#1201,#1202,#1203,#1204,#1205,#1206));
#209=EDGE_LOOP('',(#1207,#1208,#1209,#1210));
#210=EDGE_LOOP('',(#1211,#1212,#1213,#1214,#1215,#1216));
#211=EDGE_LOOP('',(#1217,#1218,#1219,#1220));
#212=EDGE_LOOP('',(#1221,#1222,#1223,#1224,#1225,#1226,#1227,#1228));
#213=EDGE_LOOP('',(#1229,#1230,#1231,#1232));
#214=EDGE_LOOP('',(#1233,#1234,#1235,#1236));
#215=EDGE_LOOP('',(#1237,#1238,#1239,#1240,#1241,#1242,#1243,#1244,#1245,
#1246,#1247,#1248));
#216=EDGE_LOOP('',(#1249,#1250,#1251,#1252,#1253,#1254,#1255,#1256,#1257,
#1258,#1259,#1260,#1261,#1262));
#217=LINE('',#1857,#381);
#218=LINE('',#1859,#382);
#219=LINE('',#1861,#383);
#220=LINE('',#1863,#384);
#221=LINE('',#1864,#385);
#222=LINE('',#1867,#386);
#223=LINE('',#1869,#387);
#224=LINE('',#1871,#388);
#225=LINE('',#1872,#389);
#226=LINE('',#1874,#390);
#227=LINE('',#1876,#391);
#228=LINE('',#1878,#392);
#229=LINE('',#1880,#393);
#230=LINE('',#1881,#394);
#231=LINE('',#1884,#395);
#232=LINE('',#1886,#396);
#233=LINE('',#1888,#397);
#234=LINE('',#1890,#398);
#235=LINE('',#1893,#399);
#236=LINE('',#1898,#400);
#237=LINE('',#1900,#401);
#238=LINE('',#1901,#402);
#239=LINE('',#1904,#403);
#240=LINE('',#1906,#404);
#241=LINE('',#1907,#405);
#242=LINE('',#1910,#406);
#243=LINE('',#1912,#407);
#244=LINE('',#1913,#408);
#245=LINE('',#1916,#409);
#246=LINE('',#1917,#410);
#247=LINE('',#1921,#411);
#248=LINE('',#1925,#412);
#249=LINE('',#1930,#413);
#250=LINE('',#1932,#414);
#251=LINE('',#1934,#415);
#252=LINE('',#1935,#416);
#253=LINE('',#1939,#417);
#254=LINE('',#1941,#418);
#255=LINE('',#1943,#419);
#256=LINE('',#1944,#420);
#257=LINE('',#1948,#421);
#258=LINE('',#1950,#422);
#259=LINE('',#1952,#423);
#260=LINE('',#1953,#424);
#261=LINE('',#1957,#425);
#262=LINE('',#1959,#426);
#263=LINE('',#1961,#427);
#264=LINE('',#1962,#428);
#265=LINE('',#1966,#429);
#266=LINE('',#1968,#430);
#267=LINE('',#1970,#431);
#268=LINE('',#1971,#432);
#269=LINE('',#1975,#433);
#270=LINE('',#1977,#434);
#271=LINE('',#1979,#435);
#272=LINE('',#1980,#436);
#273=LINE('',#1982,#437);
#274=LINE('',#1983,#438);
#275=LINE('',#1986,#439);
#276=LINE('',#1988,#440);
#277=LINE('',#1990,#441);
#278=LINE('',#1992,#442);
#279=LINE('',#1994,#443);
#280=LINE('',#1996,#444);
#281=LINE('',#1998,#445);
#282=LINE('',#2000,#446);
#283=LINE('',#2001,#447);
#284=LINE('',#2005,#448);
#285=LINE('',#2007,#449);
#286=LINE('',#2009,#450);
#287=LINE('',#2010,#451);
#288=LINE('',#2012,#452);
#289=LINE('',#2014,#453);
#290=LINE('',#2015,#454);
#291=LINE('',#2017,#455);
#292=LINE('',#2019,#456);
#293=LINE('',#2021,#457);
#294=LINE('',#2023,#458);
#295=LINE('',#2025,#459);
#296=LINE('',#2026,#460);
#297=LINE('',#2028,#461);
#298=LINE('',#2030,#462);
#299=LINE('',#2032,#463);
#300=LINE('',#2034,#464);
#301=LINE('',#2036,#465);
#302=LINE('',#2038,#466);
#303=LINE('',#2040,#467);
#304=LINE('',#2042,#468);
#305=LINE('',#2044,#469);
#306=LINE('',#2045,#470);
#307=LINE('',#2048,#471);
#308=LINE('',#2050,#472);
#309=LINE('',#2051,#473);
#310=LINE('',#2053,#474);
#311=LINE('',#2055,#475);
#312=LINE('',#2057,#476);
#313=LINE('',#2058,#477);
#314=LINE('',#2059,#478);
#315=LINE('',#2064,#479);
#316=LINE('',#2065,#480);
#317=LINE('',#2070,#481);
#318=LINE('',#2071,#482);
#319=LINE('',#2072,#483);
#320=LINE('',#2077,#484);
#321=LINE('',#2079,#485);
#322=LINE('',#2081,#486);
#323=LINE('',#2082,#487);
#324=LINE('',#2086,#488);
#325=LINE('',#2087,#489);
#326=LINE('',#2090,#490);
#327=LINE('',#2091,#491);
#328=LINE('',#2093,#492);
#329=LINE('',#2106,#493);
#330=LINE('',#2111,#494);
#331=LINE('',#2113,#495);
#332=LINE('',#2114,#496);
#333=LINE('',#2117,#497);
#334=LINE('',#2118,#498);
#335=LINE('',#2130,#499);
#336=LINE('',#2135,#500);
#337=LINE('',#2136,#501);
#338=LINE('',#2139,#502);
#339=LINE('',#2140,#503);
#340=LINE('',#2142,#504);
#341=LINE('',#2154,#505);
#342=LINE('',#2159,#506);
#343=LINE('',#2161,#507);
#344=LINE('',#2162,#508);
#345=LINE('',#2174,#509);
#346=LINE('',#2180,#510);
#347=LINE('',#2182,#511);
#348=LINE('',#2184,#512);
#349=LINE('',#2185,#513);
#350=LINE('',#2188,#514);
#351=LINE('',#2190,#515);
#352=LINE('',#2191,#516);
#353=LINE('',#2194,#517);
#354=LINE('',#2195,#518);
#355=LINE('',#2197,#519);
#356=LINE('',#2199,#520);
#357=LINE('',#2201,#521);
#358=LINE('',#2203,#522);
#359=LINE('',#2206,#523);
#360=LINE('',#2208,#524);
#361=LINE('',#2210,#525);
#362=LINE('',#2211,#526);
#363=LINE('',#2213,#527);
#364=LINE('',#2215,#528);
#365=LINE('',#2216,#529);
#366=LINE('',#2219,#530);
#367=LINE('',#2221,#531);
#368=LINE('',#2223,#532);
#369=LINE('',#2224,#533);
#370=LINE('',#2225,#534);
#371=LINE('',#2227,#535);
#372=LINE('',#2228,#536);
#373=LINE('',#2231,#537);
#374=LINE('',#2233,#538);
#375=LINE('',#2235,#539);
#376=LINE('',#2237,#540);
#377=LINE('',#2239,#541);
#378=LINE('',#2241,#542);
#379=LINE('',#2243,#543);
#380=LINE('',#2246,#544);
#381=VECTOR('',#1491,10.);
#382=VECTOR('',#1492,10.);
#383=VECTOR('',#1493,10.);
#384=VECTOR('',#1494,10.);
#385=VECTOR('',#1495,10.);
#386=VECTOR('',#1498,10.);
#387=VECTOR('',#1499,10.);
#388=VECTOR('',#1500,10.);
#389=VECTOR('',#1501,10.);
#390=VECTOR('',#1504,10.);
#391=VECTOR('',#1505,10.);
#392=VECTOR('',#1506,10.);
#393=VECTOR('',#1507,10.);
#394=VECTOR('',#1508,10.);
#395=VECTOR('',#1511,10.);
#396=VECTOR('',#1512,10.);
#397=VECTOR('',#1513,10.);
#398=VECTOR('',#1514,10.);
#399=VECTOR('',#1517,10.);
#400=VECTOR('',#1522,10.);
#401=VECTOR('',#1523,10.);
#402=VECTOR('',#1524,10.);
#403=VECTOR('',#1527,10.);
#404=VECTOR('',#1528,10.);
#405=VECTOR('',#1529,10.);
#406=VECTOR('',#1532,10.);
#407=VECTOR('',#1533,10.);
#408=VECTOR('',#1534,10.);
#409=VECTOR('',#1537,10.);
#410=VECTOR('',#1538,10.);
#411=VECTOR('',#1545,10.);
#412=VECTOR('',#1550,3.375);
#413=VECTOR('',#1555,10.);
#414=VECTOR('',#1556,10.);
#415=VECTOR('',#1557,10.);
#416=VECTOR('',#1558,10.);
#417=VECTOR('',#1561,10.);
#418=VECTOR('',#1562,10.);
#419=VECTOR('',#1563,10.);
#420=VECTOR('',#1564,10.);
#421=VECTOR('',#1567,10.);
#422=VECTOR('',#1568,10.);
#423=VECTOR('',#1569,10.);
#424=VECTOR('',#1570,10.);
#425=VECTOR('',#1573,10.);
#426=VECTOR('',#1574,10.);
#427=VECTOR('',#1575,10.);
#428=VECTOR('',#1576,10.);
#429=VECTOR('',#1579,10.);
#430=VECTOR('',#1580,10.);
#431=VECTOR('',#1581,10.);
#432=VECTOR('',#1582,10.);
#433=VECTOR('',#1585,10.);
#434=VECTOR('',#1586,10.);
#435=VECTOR('',#1587,10.);
#436=VECTOR('',#1588,10.);
#437=VECTOR('',#1591,10.);
#438=VECTOR('',#1592,10.);
#439=VECTOR('',#1595,10.);
#440=VECTOR('',#1596,10.);
#441=VECTOR('',#1597,10.);
#442=VECTOR('',#1598,10.);
#443=VECTOR('',#1599,10.);
#444=VECTOR('',#1600,10.);
#445=VECTOR('',#1601,10.);
#446=VECTOR('',#1602,10.);
#447=VECTOR('',#1603,10.);
#448=VECTOR('',#1606,10.);
#449=VECTOR('',#1607,10.);
#450=VECTOR('',#1608,10.);
#451=VECTOR('',#1609,10.);
#452=VECTOR('',#1612,10.);
#453=VECTOR('',#1613,10.);
#454=VECTOR('',#1614,10.);
#455=VECTOR('',#1617,10.);
#456=VECTOR('',#1618,10.);
#457=VECTOR('',#1619,10.);
#458=VECTOR('',#1620,10.);
#459=VECTOR('',#1621,10.);
#460=VECTOR('',#1622,10.);
#461=VECTOR('',#1625,10.);
#462=VECTOR('',#1626,10.);
#463=VECTOR('',#1627,10.);
#464=VECTOR('',#1628,10.);
#465=VECTOR('',#1629,10.);
#466=VECTOR('',#1630,10.);
#467=VECTOR('',#1631,10.);
#468=VECTOR('',#1632,10.);
#469=VECTOR('',#1633,10.);
#470=VECTOR('',#1634,10.);
#471=VECTOR('',#1637,10.);
#472=VECTOR('',#1638,10.);
#473=VECTOR('',#1639,10.);
#474=VECTOR('',#1642,10.);
#475=VECTOR('',#1643,10.);
#476=VECTOR('',#1644,10.);
#477=VECTOR('',#1645,10.);
#478=VECTOR('',#1646,10.);
#479=VECTOR('',#1651,10.);
#480=VECTOR('',#1652,10.);
#481=VECTOR('',#1657,10.);
#482=VECTOR('',#1658,10.);
#483=VECTOR('',#1659,10.);
#484=VECTOR('',#1664,10.);
#485=VECTOR('',#1665,10.);
#486=VECTOR('',#1666,10.);
#487=VECTOR('',#1667,10.);
#488=VECTOR('',#1672,10.);
#489=VECTOR('',#1673,10.);
#490=VECTOR('',#1676,10.);
#491=VECTOR('',#1677,10.);
#492=VECTOR('',#1680,10.);
#493=VECTOR('',#1695,1.64999999999999);
#494=VECTOR('',#1702,10.);
#495=VECTOR('',#1703,10.);
#496=VECTOR('',#1704,10.);
#497=VECTOR('',#1707,10.);
#498=VECTOR('',#1708,10.);
#499=VECTOR('',#1721,1.64999999999999);
#500=VECTOR('',#1728,10.);
#501=VECTOR('',#1729,10.);
#502=VECTOR('',#1732,10.);
#503=VECTOR('',#1733,10.);
#504=VECTOR('',#1736,10.);
#505=VECTOR('',#1749,1.64999999999999);
#506=VECTOR('',#1756,10.);
#507=VECTOR('',#1757,10.);
#508=VECTOR('',#1758,10.);
#509=VECTOR('',#1771,1.64999999999999);
#510=VECTOR('',#1778,10.);
#511=VECTOR('',#1779,10.);
#512=VECTOR('',#1780,10.);
#513=VECTOR('',#1781,10.);
#514=VECTOR('',#1784,10.);
#515=VECTOR('',#1785,10.);
#516=VECTOR('',#1786,10.);
#517=VECTOR('',#1789,10.);
#518=VECTOR('',#1790,10.);
#519=VECTOR('',#1793,1.65);
#520=VECTOR('',#1796,1.65);
#521=VECTOR('',#1799,1.65);
#522=VECTOR('',#1802,1.65);
#523=VECTOR('',#1805,10.);
#524=VECTOR('',#1806,10.);
#525=VECTOR('',#1807,10.);
#526=VECTOR('',#1808,10.);
#527=VECTOR('',#1809,10.);
#528=VECTOR('',#1810,10.);
#529=VECTOR('',#1811,10.);
#530=VECTOR('',#1814,10.);
#531=VECTOR('',#1815,10.);
#532=VECTOR('',#1816,10.);
#533=VECTOR('',#1817,10.);
#534=VECTOR('',#1818,10.);
#535=VECTOR('',#1821,10.);
#536=VECTOR('',#1822,10.);
#537=VECTOR('',#1827,10.);
#538=VECTOR('',#1830,10.);
#539=VECTOR('',#1833,10.);
#540=VECTOR('',#1836,10.);
#541=VECTOR('',#1839,10.);
#542=VECTOR('',#1842,10.);
#543=VECTOR('',#1845,10.);
#544=VECTOR('',#1850,10.);
#545=VERTEX_POINT('',#1855);
#546=VERTEX_POINT('',#1856);
#547=VERTEX_POINT('',#1858);
#548=VERTEX_POINT('',#1860);
#549=VERTEX_POINT('',#1862);
#550=VERTEX_POINT('',#1866);
#551=VERTEX_POINT('',#1868);
#552=VERTEX_POINT('',#1870);
#553=VERTEX_POINT('',#1875);
#554=VERTEX_POINT('',#1877);
#555=VERTEX_POINT('',#1879);
#556=VERTEX_POINT('',#1883);
#557=VERTEX_POINT('',#1885);
#558=VERTEX_POINT('',#1887);
#559=VERTEX_POINT('',#1889);
#560=VERTEX_POINT('',#1891);
#561=VERTEX_POINT('',#1894);
#562=VERTEX_POINT('',#1897);
#563=VERTEX_POINT('',#1899);
#564=VERTEX_POINT('',#1903);
#565=VERTEX_POINT('',#1905);
#566=VERTEX_POINT('',#1909);
#567=VERTEX_POINT('',#1911);
#568=VERTEX_POINT('',#1915);
#569=VERTEX_POINT('',#1923);
#570=VERTEX_POINT('',#1928);
#571=VERTEX_POINT('',#1929);
#572=VERTEX_POINT('',#1931);
#573=VERTEX_POINT('',#1933);
#574=VERTEX_POINT('',#1937);
#575=VERTEX_POINT('',#1938);
#576=VERTEX_POINT('',#1940);
#577=VERTEX_POINT('',#1942);
#578=VERTEX_POINT('',#1946);
#579=VERTEX_POINT('',#1947);
#580=VERTEX_POINT('',#1949);
#581=VERTEX_POINT('',#1951);
#582=VERTEX_POINT('',#1955);
#583=VERTEX_POINT('',#1956);
#584=VERTEX_POINT('',#1958);
#585=VERTEX_POINT('',#1960);
#586=VERTEX_POINT('',#1964);
#587=VERTEX_POINT('',#1965);
#588=VERTEX_POINT('',#1967);
#589=VERTEX_POINT('',#1969);
#590=VERTEX_POINT('',#1973);
#591=VERTEX_POINT('',#1974);
#592=VERTEX_POINT('',#1976);
#593=VERTEX_POINT('',#1978);
#594=VERTEX_POINT('',#1985);
#595=VERTEX_POINT('',#1987);
#596=VERTEX_POINT('',#1989);
#597=VERTEX_POINT('',#1991);
#598=VERTEX_POINT('',#1993);
#599=VERTEX_POINT('',#1995);
#600=VERTEX_POINT('',#1997);
#601=VERTEX_POINT('',#1999);
#602=VERTEX_POINT('',#2003);
#603=VERTEX_POINT('',#2004);
#604=VERTEX_POINT('',#2006);
#605=VERTEX_POINT('',#2008);
#606=VERTEX_POINT('',#2013);
#607=VERTEX_POINT('',#2018);
#608=VERTEX_POINT('',#2020);
#609=VERTEX_POINT('',#2022);
#610=VERTEX_POINT('',#2024);
#611=VERTEX_POINT('',#2029);
#612=VERTEX_POINT('',#2031);
#613=VERTEX_POINT('',#2033);
#614=VERTEX_POINT('',#2035);
#615=VERTEX_POINT('',#2037);
#616=VERTEX_POINT('',#2039);
#617=VERTEX_POINT('',#2041);
#618=VERTEX_POINT('',#2043);
#619=VERTEX_POINT('',#2047);
#620=VERTEX_POINT('',#2049);
#621=VERTEX_POINT('',#2054);
#622=VERTEX_POINT('',#2056);
#623=VERTEX_POINT('',#2060);
#624=VERTEX_POINT('',#2063);
#625=VERTEX_POINT('',#2066);
#626=VERTEX_POINT('',#2069);
#627=VERTEX_POINT('',#2073);
#628=VERTEX_POINT('',#2076);
#629=VERTEX_POINT('',#2078);
#630=VERTEX_POINT('',#2080);
#631=VERTEX_POINT('',#2083);
#632=VERTEX_POINT('',#2089);
#633=VERTEX_POINT('',#2096);
#634=VERTEX_POINT('',#2097);
#635=VERTEX_POINT('',#2101);
#636=VERTEX_POINT('',#2102);
#637=VERTEX_POINT('',#2105);
#638=VERTEX_POINT('',#2110);
#639=VERTEX_POINT('',#2112);
#640=VERTEX_POINT('',#2116);
#641=VERTEX_POINT('',#2120);
#642=VERTEX_POINT('',#2121);
#643=VERTEX_POINT('',#2125);
#644=VERTEX_POINT('',#2126);
#645=VERTEX_POINT('',#2129);
#646=VERTEX_POINT('',#2134);
#647=VERTEX_POINT('',#2138);
#648=VERTEX_POINT('',#2144);
#649=VERTEX_POINT('',#2145);
#650=VERTEX_POINT('',#2149);
#651=VERTEX_POINT('',#2150);
#652=VERTEX_POINT('',#2153);
#653=VERTEX_POINT('',#2158);
#654=VERTEX_POINT('',#2160);
#655=VERTEX_POINT('',#2164);
#656=VERTEX_POINT('',#2165);
#657=VERTEX_POINT('',#2169);
#658=VERTEX_POINT('',#2170);
#659=VERTEX_POINT('',#2173);
#660=VERTEX_POINT('',#2178);
#661=VERTEX_POINT('',#2179);
#662=VERTEX_POINT('',#2181);
#663=VERTEX_POINT('',#2183);
#664=VERTEX_POINT('',#2187);
#665=VERTEX_POINT('',#2189);
#666=VERTEX_POINT('',#2193);
#667=VERTEX_POINT('',#2205);
#668=VERTEX_POINT('',#2207);
#669=VERTEX_POINT('',#2209);
#670=VERTEX_POINT('',#2212);
#671=VERTEX_POINT('',#2214);
#672=VERTEX_POINT('',#2218);
#673=VERTEX_POINT('',#2220);
#674=VERTEX_POINT('',#2222);
#675=EDGE_CURVE('',#545,#546,#217,.T.);
#676=EDGE_CURVE('',#547,#546,#218,.T.);
#677=EDGE_CURVE('',#548,#547,#219,.T.);
#678=EDGE_CURVE('',#549,#548,#220,.T.);
#679=EDGE_CURVE('',#545,#549,#221,.T.);
#680=EDGE_CURVE('',#547,#550,#222,.T.);
#681=EDGE_CURVE('',#551,#546,#223,.T.);
#682=EDGE_CURVE('',#552,#551,#224,.T.);
#683=EDGE_CURVE('',#550,#552,#225,.T.);
#684=EDGE_CURVE('',#545,#551,#226,.T.);
#685=EDGE_CURVE('',#553,#549,#227,.T.);
#686=EDGE_CURVE('',#553,#554,#228,.T.);
#687=EDGE_CURVE('',#555,#554,#229,.T.);
#688=EDGE_CURVE('',#552,#555,#230,.T.);
#689=EDGE_CURVE('',#546,#556,#231,.T.);
#690=EDGE_CURVE('',#557,#556,#232,.T.);
#691=EDGE_CURVE('',#557,#558,#233,.T.);
#692=EDGE_CURVE('',#558,#559,#234,.T.);
#693=EDGE_CURVE('',#560,#559,#51,.T.);
#694=EDGE_CURVE('',#560,#545,#235,.T.);
#695=EDGE_CURVE('',#561,#561,#52,.T.);
#696=EDGE_CURVE('',#562,#554,#236,.F.);
#697=EDGE_CURVE('',#562,#563,#237,.T.);
#698=EDGE_CURVE('',#563,#555,#238,.T.);
#699=EDGE_CURVE('',#556,#564,#239,.T.);
#700=EDGE_CURVE('',#560,#565,#240,.T.);
#701=EDGE_CURVE('',#564,#565,#241,.T.);
#702=EDGE_CURVE('',#566,#557,#242,.T.);
#703=EDGE_CURVE('',#567,#566,#243,.T.);
#704=EDGE_CURVE('',#558,#567,#244,.T.);
#705=EDGE_CURVE('',#568,#567,#245,.T.);
#706=EDGE_CURVE('',#559,#568,#246,.T.);
#707=EDGE_CURVE('',#565,#568,#53,.T.);
#708=EDGE_CURVE('',#564,#566,#247,.T.);
#709=EDGE_CURVE('',#569,#569,#54,.T.);
#710=EDGE_CURVE('',#569,#561,#248,.T.);
#711=EDGE_CURVE('',#570,#571,#249,.T.);
#712=EDGE_CURVE('',#572,#570,#250,.T.);
#713=EDGE_CURVE('',#572,#573,#251,.T.);
#714=EDGE_CURVE('',#571,#573,#252,.T.);
#715=EDGE_CURVE('',#574,#575,#253,.T.);
#716=EDGE_CURVE('',#576,#574,#254,.T.);
#717=EDGE_CURVE('',#576,#577,#255,.T.);
#718=EDGE_CURVE('',#575,#577,#256,.T.);
#719=EDGE_CURVE('',#578,#579,#257,.T.);
#720=EDGE_CURVE('',#580,#578,#258,.T.);
#721=EDGE_CURVE('',#580,#581,#259,.T.);
#722=EDGE_CURVE('',#579,#581,#260,.T.);
#723=EDGE_CURVE('',#582,#583,#261,.T.);
#724=EDGE_CURVE('',#584,#582,#262,.T.);
#725=EDGE_CURVE('',#584,#585,#263,.T.);
#726=EDGE_CURVE('',#583,#585,#264,.T.);
#727=EDGE_CURVE('',#586,#587,#265,.T.);
#728=EDGE_CURVE('',#587,#588,#266,.T.);
#729=EDGE_CURVE('',#589,#588,#267,.T.);
#730=EDGE_CURVE('',#586,#589,#268,.T.);
#731=EDGE_CURVE('',#590,#591,#269,.T.);
#732=EDGE_CURVE('',#592,#591,#270,.T.);
#733=EDGE_CURVE('',#592,#593,#271,.F.);
#734=EDGE_CURVE('',#590,#593,#272,.T.);
#735=EDGE_CURVE('',#571,#574,#273,.T.);
#736=EDGE_CURVE('',#575,#570,#274,.T.);
#737=EDGE_CURVE('',#573,#594,#275,.T.);
#738=EDGE_CURVE('',#594,#595,#276,.T.);
#739=EDGE_CURVE('',#596,#595,#277,.T.);
#740=EDGE_CURVE('',#596,#597,#278,.T.);
#741=EDGE_CURVE('',#598,#597,#279,.T.);
#742=EDGE_CURVE('',#599,#598,#280,.T.);
#743=EDGE_CURVE('',#600,#599,#281,.T.);
#744=EDGE_CURVE('',#601,#600,#282,.T.);
#745=EDGE_CURVE('',#601,#576,#283,.T.);
#746=EDGE_CURVE('',#602,#603,#284,.T.);
#747=EDGE_CURVE('',#603,#604,#285,.F.);
#748=EDGE_CURVE('',#605,#604,#286,.T.);
#749=EDGE_CURVE('',#605,#602,#287,.T.);
#750=EDGE_CURVE('',#604,#548,#288,.F.);
#751=EDGE_CURVE('',#603,#606,#289,.T.);
#752=EDGE_CURVE('',#606,#553,#290,.T.);
#753=EDGE_CURVE('',#587,#590,#291,.T.);
#754=EDGE_CURVE('',#593,#607,#292,.T.);
#755=EDGE_CURVE('',#607,#608,#293,.T.);
#756=EDGE_CURVE('',#608,#609,#294,.T.);
#757=EDGE_CURVE('',#609,#610,#295,.T.);
#758=EDGE_CURVE('',#588,#610,#296,.T.);
#759=EDGE_CURVE('',#591,#601,#297,.T.);
#760=EDGE_CURVE('',#611,#600,#298,.T.);
#761=EDGE_CURVE('',#611,#612,#299,.T.);
#762=EDGE_CURVE('',#613,#612,#300,.T.);
#763=EDGE_CURVE('',#614,#613,#301,.T.);
#764=EDGE_CURVE('',#614,#615,#302,.T.);
#765=EDGE_CURVE('',#616,#615,#303,.T.);
#766=EDGE_CURVE('',#616,#617,#304,.T.);
#767=EDGE_CURVE('',#617,#618,#305,.T.);
#768=EDGE_CURVE('',#618,#592,#306,.T.);
#769=EDGE_CURVE('',#563,#619,#307,.T.);
#770=EDGE_CURVE('',#619,#620,#308,.T.);
#771=EDGE_CURVE('',#550,#620,#309,.T.);
#772=EDGE_CURVE('',#585,#616,#310,.T.);
#773=EDGE_CURVE('',#621,#584,#311,.T.);
#774=EDGE_CURVE('',#622,#621,#312,.T.);
#775=EDGE_CURVE('',#609,#622,#313,.T.);
#776=EDGE_CURVE('',#617,#608,#314,.T.);
#777=EDGE_CURVE('',#623,#623,#55,.T.);
#778=EDGE_CURVE('',#624,#586,#315,.T.);
#779=EDGE_CURVE('',#577,#624,#316,.T.);
#780=EDGE_CURVE('',#625,#625,#56,.T.);
#781=EDGE_CURVE('',#606,#626,#317,.T.);
#782=EDGE_CURVE('',#581,#602,#318,.T.);
#783=EDGE_CURVE('',#626,#580,#319,.T.);
#784=EDGE_CURVE('',#627,#627,#57,.T.);
#785=EDGE_CURVE('',#594,#628,#320,.T.);
#786=EDGE_CURVE('',#629,#572,#321,.T.);
#787=EDGE_CURVE('',#630,#629,#322,.T.);
#788=EDGE_CURVE('',#628,#630,#323,.T.);
#789=EDGE_CURVE('',#631,#631,#58,.T.);
#790=EDGE_CURVE('',#579,#582,#324,.T.);
#791=EDGE_CURVE('',#583,#578,#325,.T.);
#792=EDGE_CURVE('',#632,#562,#326,.T.);
#793=EDGE_CURVE('',#632,#619,#327,.T.);
#794=EDGE_CURVE('',#607,#618,#328,.T.);
#795=EDGE_CURVE('',#633,#634,#19,.T.);
#796=EDGE_CURVE('',#633,#634,#59,.T.);
#797=EDGE_CURVE('',#635,#636,#60,.T.);
#798=EDGE_CURVE('',#636,#635,#61,.T.);
#799=EDGE_CURVE('',#635,#637,#329,.T.);
#800=EDGE_CURVE('',#634,#637,#20,.T.);
#801=EDGE_CURVE('',#637,#633,#21,.T.);
#802=EDGE_CURVE('',#638,#595,#330,.T.);
#803=EDGE_CURVE('',#639,#638,#331,.T.);
#804=EDGE_CURVE('',#596,#639,#332,.T.);
#805=EDGE_CURVE('',#639,#640,#333,.T.);
#806=EDGE_CURVE('',#597,#640,#334,.T.);
#807=EDGE_CURVE('',#641,#642,#22,.T.);
#808=EDGE_CURVE('',#641,#642,#62,.T.);
#809=EDGE_CURVE('',#643,#644,#63,.T.);
#810=EDGE_CURVE('',#644,#643,#64,.T.);
#811=EDGE_CURVE('',#643,#645,#335,.T.);
#812=EDGE_CURVE('',#645,#641,#23,.T.);
#813=EDGE_CURVE('',#642,#645,#24,.T.);
#814=EDGE_CURVE('',#646,#599,#336,.T.);
#815=EDGE_CURVE('',#611,#646,#337,.T.);
#816=EDGE_CURVE('',#646,#647,#338,.T.);
#817=EDGE_CURVE('',#612,#647,#339,.T.);
#818=EDGE_CURVE('',#647,#598,#340,.T.);
#819=EDGE_CURVE('',#648,#649,#25,.T.);
#820=EDGE_CURVE('',#648,#649,#65,.T.);
#821=EDGE_CURVE('',#650,#651,#66,.T.);
#822=EDGE_CURVE('',#651,#650,#67,.T.);
#823=EDGE_CURVE('',#650,#652,#341,.T.);
#824=EDGE_CURVE('',#649,#652,#26,.T.);
#825=EDGE_CURVE('',#652,#648,#27,.T.);
#826=EDGE_CURVE('',#653,#614,#342,.T.);
#827=EDGE_CURVE('',#654,#653,#343,.T.);
#828=EDGE_CURVE('',#654,#615,#344,.T.);
#829=EDGE_CURVE('',#655,#656,#28,.T.);
#830=EDGE_CURVE('',#655,#656,#68,.T.);
#831=EDGE_CURVE('',#657,#658,#69,.T.);
#832=EDGE_CURVE('',#658,#657,#70,.T.);
#833=EDGE_CURVE('',#657,#659,#345,.T.);
#834=EDGE_CURVE('',#659,#655,#29,.T.);
#835=EDGE_CURVE('',#656,#659,#30,.T.);
#836=EDGE_CURVE('',#660,#661,#346,.T.);
#837=EDGE_CURVE('',#661,#662,#347,.T.);
#838=EDGE_CURVE('',#663,#662,#348,.T.);
#839=EDGE_CURVE('',#660,#663,#349,.T.);
#840=EDGE_CURVE('',#663,#664,#350,.T.);
#841=EDGE_CURVE('',#665,#664,#351,.T.);
#842=EDGE_CURVE('',#660,#665,#352,.T.);
#843=EDGE_CURVE('',#662,#666,#353,.T.);
#844=EDGE_CURVE('',#664,#666,#354,.T.);
#845=EDGE_CURVE('',#651,#623,#355,.T.);
#846=EDGE_CURVE('',#636,#631,#356,.T.);
#847=EDGE_CURVE('',#658,#627,#357,.T.);
#848=EDGE_CURVE('',#644,#625,#358,.T.);
#849=EDGE_CURVE('',#620,#667,#359,.T.);
#850=EDGE_CURVE('',#667,#668,#360,.T.);
#851=EDGE_CURVE('',#668,#669,#361,.T.);
#852=EDGE_CURVE('',#669,#589,#362,.T.);
#853=EDGE_CURVE('',#610,#670,#363,.T.);
#854=EDGE_CURVE('',#670,#671,#364,.T.);
#855=EDGE_CURVE('',#671,#605,#365,.T.);
#856=EDGE_CURVE('',#672,#665,#366,.T.);
#857=EDGE_CURVE('',#666,#673,#367,.T.);
#858=EDGE_CURVE('',#673,#674,#368,.T.);
#859=EDGE_CURVE('',#674,#613,#369,.T.);
#860=EDGE_CURVE('',#640,#672,#370,.T.);
#861=EDGE_CURVE('',#653,#674,#371,.T.);
#862=EDGE_CURVE('',#654,#673,#372,.T.);
#863=EDGE_CURVE('',#624,#669,#373,.T.);
#864=EDGE_CURVE('',#629,#668,#374,.T.);
#865=EDGE_CURVE('',#630,#667,#375,.T.);
#866=EDGE_CURVE('',#628,#632,#376,.T.);
#867=EDGE_CURVE('',#638,#672,#377,.T.);
#868=EDGE_CURVE('',#621,#671,#378,.T.);
#869=EDGE_CURVE('',#622,#670,#379,.T.);
#870=EDGE_CURVE('',#626,#661,#380,.T.);
#871=ORIENTED_EDGE('',*,*,#675,.T.);
#872=ORIENTED_EDGE('',*,*,#676,.F.);
#873=ORIENTED_EDGE('',*,*,#677,.F.);
#874=ORIENTED_EDGE('',*,*,#678,.F.);
#875=ORIENTED_EDGE('',*,*,#679,.F.);
#876=ORIENTED_EDGE('',*,*,#680,.F.);
#877=ORIENTED_EDGE('',*,*,#676,.T.);
#878=ORIENTED_EDGE('',*,*,#681,.F.);
#879=ORIENTED_EDGE('',*,*,#682,.F.);
#880=ORIENTED_EDGE('',*,*,#683,.F.);
#881=ORIENTED_EDGE('',*,*,#684,.F.);
#882=ORIENTED_EDGE('',*,*,#679,.T.);
#883=ORIENTED_EDGE('',*,*,#685,.F.);
#884=ORIENTED_EDGE('',*,*,#686,.T.);
#885=ORIENTED_EDGE('',*,*,#687,.F.);
#886=ORIENTED_EDGE('',*,*,#688,.F.);
#887=ORIENTED_EDGE('',*,*,#682,.T.);
#888=ORIENTED_EDGE('',*,*,#684,.T.);
#889=ORIENTED_EDGE('',*,*,#681,.T.);
#890=ORIENTED_EDGE('',*,*,#689,.T.);
#891=ORIENTED_EDGE('',*,*,#690,.F.);
#892=ORIENTED_EDGE('',*,*,#691,.T.);
#893=ORIENTED_EDGE('',*,*,#692,.T.);
#894=ORIENTED_EDGE('',*,*,#693,.F.);
#895=ORIENTED_EDGE('',*,*,#694,.T.);
#896=ORIENTED_EDGE('',*,*,#695,.F.);
#897=ORIENTED_EDGE('',*,*,#687,.T.);
#898=ORIENTED_EDGE('',*,*,#696,.F.);
#899=ORIENTED_EDGE('',*,*,#697,.T.);
#900=ORIENTED_EDGE('',*,*,#698,.T.);
#901=ORIENTED_EDGE('',*,*,#699,.F.);
#902=ORIENTED_EDGE('',*,*,#689,.F.);
#903=ORIENTED_EDGE('',*,*,#675,.F.);
#904=ORIENTED_EDGE('',*,*,#694,.F.);
#905=ORIENTED_EDGE('',*,*,#700,.T.);
#906=ORIENTED_EDGE('',*,*,#701,.F.);
#907=ORIENTED_EDGE('',*,*,#702,.F.);
#908=ORIENTED_EDGE('',*,*,#703,.F.);
#909=ORIENTED_EDGE('',*,*,#704,.F.);
#910=ORIENTED_EDGE('',*,*,#691,.F.);
#911=ORIENTED_EDGE('',*,*,#692,.F.);
#912=ORIENTED_EDGE('',*,*,#704,.T.);
#913=ORIENTED_EDGE('',*,*,#705,.F.);
#914=ORIENTED_EDGE('',*,*,#706,.F.);
#915=ORIENTED_EDGE('',*,*,#693,.T.);
#916=ORIENTED_EDGE('',*,*,#706,.T.);
#917=ORIENTED_EDGE('',*,*,#707,.F.);
#918=ORIENTED_EDGE('',*,*,#700,.F.);
#919=ORIENTED_EDGE('',*,*,#708,.F.);
#920=ORIENTED_EDGE('',*,*,#701,.T.);
#921=ORIENTED_EDGE('',*,*,#707,.T.);
#922=ORIENTED_EDGE('',*,*,#705,.T.);
#923=ORIENTED_EDGE('',*,*,#703,.T.);
#924=ORIENTED_EDGE('',*,*,#709,.F.);
#925=ORIENTED_EDGE('',*,*,#710,.T.);
#926=ORIENTED_EDGE('',*,*,#695,.T.);
#927=ORIENTED_EDGE('',*,*,#710,.F.);
#928=ORIENTED_EDGE('',*,*,#709,.T.);
#929=ORIENTED_EDGE('',*,*,#711,.F.);
#930=ORIENTED_EDGE('',*,*,#712,.F.);
#931=ORIENTED_EDGE('',*,*,#713,.T.);
#932=ORIENTED_EDGE('',*,*,#714,.F.);
#933=ORIENTED_EDGE('',*,*,#715,.F.);
#934=ORIENTED_EDGE('',*,*,#716,.F.);
#935=ORIENTED_EDGE('',*,*,#717,.T.);
#936=ORIENTED_EDGE('',*,*,#718,.F.);
#937=ORIENTED_EDGE('',*,*,#719,.F.);
#938=ORIENTED_EDGE('',*,*,#720,.F.);
#939=ORIENTED_EDGE('',*,*,#721,.T.);
#940=ORIENTED_EDGE('',*,*,#722,.F.);
#941=ORIENTED_EDGE('',*,*,#723,.F.);
#942=ORIENTED_EDGE('',*,*,#724,.F.);
#943=ORIENTED_EDGE('',*,*,#725,.T.);
#944=ORIENTED_EDGE('',*,*,#726,.F.);
#945=ORIENTED_EDGE('',*,*,#727,.T.);
#946=ORIENTED_EDGE('',*,*,#728,.T.);
#947=ORIENTED_EDGE('',*,*,#729,.F.);
#948=ORIENTED_EDGE('',*,*,#730,.F.);
#949=ORIENTED_EDGE('',*,*,#731,.T.);
#950=ORIENTED_EDGE('',*,*,#732,.F.);
#951=ORIENTED_EDGE('',*,*,#733,.T.);
#952=ORIENTED_EDGE('',*,*,#734,.F.);
#953=ORIENTED_EDGE('',*,*,#711,.T.);
#954=ORIENTED_EDGE('',*,*,#735,.T.);
#955=ORIENTED_EDGE('',*,*,#715,.T.);
#956=ORIENTED_EDGE('',*,*,#736,.T.);
#957=ORIENTED_EDGE('',*,*,#714,.T.);
#958=ORIENTED_EDGE('',*,*,#737,.T.);
#959=ORIENTED_EDGE('',*,*,#738,.T.);
#960=ORIENTED_EDGE('',*,*,#739,.F.);
#961=ORIENTED_EDGE('',*,*,#740,.T.);
#962=ORIENTED_EDGE('',*,*,#741,.F.);
#963=ORIENTED_EDGE('',*,*,#742,.F.);
#964=ORIENTED_EDGE('',*,*,#743,.F.);
#965=ORIENTED_EDGE('',*,*,#744,.F.);
#966=ORIENTED_EDGE('',*,*,#745,.T.);
#967=ORIENTED_EDGE('',*,*,#716,.T.);
#968=ORIENTED_EDGE('',*,*,#735,.F.);
#969=ORIENTED_EDGE('',*,*,#746,.T.);
#970=ORIENTED_EDGE('',*,*,#747,.T.);
#971=ORIENTED_EDGE('',*,*,#748,.F.);
#972=ORIENTED_EDGE('',*,*,#749,.T.);
#973=ORIENTED_EDGE('',*,*,#678,.T.);
#974=ORIENTED_EDGE('',*,*,#750,.F.);
#975=ORIENTED_EDGE('',*,*,#747,.F.);
#976=ORIENTED_EDGE('',*,*,#751,.T.);
#977=ORIENTED_EDGE('',*,*,#752,.T.);
#978=ORIENTED_EDGE('',*,*,#685,.T.);
#979=ORIENTED_EDGE('',*,*,#753,.T.);
#980=ORIENTED_EDGE('',*,*,#734,.T.);
#981=ORIENTED_EDGE('',*,*,#754,.T.);
#982=ORIENTED_EDGE('',*,*,#755,.T.);
#983=ORIENTED_EDGE('',*,*,#756,.T.);
#984=ORIENTED_EDGE('',*,*,#757,.T.);
#985=ORIENTED_EDGE('',*,*,#758,.F.);
#986=ORIENTED_EDGE('',*,*,#728,.F.);
#987=ORIENTED_EDGE('',*,*,#759,.T.);
#988=ORIENTED_EDGE('',*,*,#744,.T.);
#989=ORIENTED_EDGE('',*,*,#760,.F.);
#990=ORIENTED_EDGE('',*,*,#761,.T.);
#991=ORIENTED_EDGE('',*,*,#762,.F.);
#992=ORIENTED_EDGE('',*,*,#763,.F.);
#993=ORIENTED_EDGE('',*,*,#764,.T.);
#994=ORIENTED_EDGE('',*,*,#765,.F.);
#995=ORIENTED_EDGE('',*,*,#766,.T.);
#996=ORIENTED_EDGE('',*,*,#767,.T.);
#997=ORIENTED_EDGE('',*,*,#768,.T.);
#998=ORIENTED_EDGE('',*,*,#732,.T.);
#999=ORIENTED_EDGE('',*,*,#688,.T.);
#1000=ORIENTED_EDGE('',*,*,#698,.F.);
#1001=ORIENTED_EDGE('',*,*,#769,.T.);
#1002=ORIENTED_EDGE('',*,*,#770,.T.);
#1003=ORIENTED_EDGE('',*,*,#771,.F.);
#1004=ORIENTED_EDGE('',*,*,#683,.T.);
#1005=ORIENTED_EDGE('',*,*,#766,.F.);
#1006=ORIENTED_EDGE('',*,*,#772,.F.);
#1007=ORIENTED_EDGE('',*,*,#725,.F.);
#1008=ORIENTED_EDGE('',*,*,#773,.F.);
#1009=ORIENTED_EDGE('',*,*,#774,.F.);
#1010=ORIENTED_EDGE('',*,*,#775,.F.);
#1011=ORIENTED_EDGE('',*,*,#756,.F.);
#1012=ORIENTED_EDGE('',*,*,#776,.F.);
#1013=ORIENTED_EDGE('',*,*,#777,.F.);
#1014=ORIENTED_EDGE('',*,*,#745,.F.);
#1015=ORIENTED_EDGE('',*,*,#759,.F.);
#1016=ORIENTED_EDGE('',*,*,#731,.F.);
#1017=ORIENTED_EDGE('',*,*,#753,.F.);
#1018=ORIENTED_EDGE('',*,*,#727,.F.);
#1019=ORIENTED_EDGE('',*,*,#778,.F.);
#1020=ORIENTED_EDGE('',*,*,#779,.F.);
#1021=ORIENTED_EDGE('',*,*,#717,.F.);
#1022=ORIENTED_EDGE('',*,*,#780,.F.);
#1023=ORIENTED_EDGE('',*,*,#781,.F.);
#1024=ORIENTED_EDGE('',*,*,#751,.F.);
#1025=ORIENTED_EDGE('',*,*,#746,.F.);
#1026=ORIENTED_EDGE('',*,*,#782,.F.);
#1027=ORIENTED_EDGE('',*,*,#721,.F.);
#1028=ORIENTED_EDGE('',*,*,#783,.F.);
#1029=ORIENTED_EDGE('',*,*,#784,.F.);
#1030=ORIENTED_EDGE('',*,*,#785,.F.);
#1031=ORIENTED_EDGE('',*,*,#737,.F.);
#1032=ORIENTED_EDGE('',*,*,#713,.F.);
#1033=ORIENTED_EDGE('',*,*,#786,.F.);
#1034=ORIENTED_EDGE('',*,*,#787,.F.);
#1035=ORIENTED_EDGE('',*,*,#788,.F.);
#1036=ORIENTED_EDGE('',*,*,#789,.F.);
#1037=ORIENTED_EDGE('',*,*,#719,.T.);
#1038=ORIENTED_EDGE('',*,*,#790,.T.);
#1039=ORIENTED_EDGE('',*,*,#723,.T.);
#1040=ORIENTED_EDGE('',*,*,#791,.T.);
#1041=ORIENTED_EDGE('',*,*,#769,.F.);
#1042=ORIENTED_EDGE('',*,*,#697,.F.);
#1043=ORIENTED_EDGE('',*,*,#792,.F.);
#1044=ORIENTED_EDGE('',*,*,#793,.T.);
#1045=ORIENTED_EDGE('',*,*,#754,.F.);
#1046=ORIENTED_EDGE('',*,*,#733,.F.);
#1047=ORIENTED_EDGE('',*,*,#768,.F.);
#1048=ORIENTED_EDGE('',*,*,#794,.F.);
#1049=ORIENTED_EDGE('',*,*,#776,.T.);
#1050=ORIENTED_EDGE('',*,*,#755,.F.);
#1051=ORIENTED_EDGE('',*,*,#794,.T.);
#1052=ORIENTED_EDGE('',*,*,#767,.F.);
#1053=ORIENTED_EDGE('',*,*,#795,.F.);
#1054=ORIENTED_EDGE('',*,*,#796,.T.);
#1055=ORIENTED_EDGE('',*,*,#797,.T.);
#1056=ORIENTED_EDGE('',*,*,#798,.T.);
#1057=ORIENTED_EDGE('',*,*,#799,.T.);
#1058=ORIENTED_EDGE('',*,*,#800,.F.);
#1059=ORIENTED_EDGE('',*,*,#796,.F.);
#1060=ORIENTED_EDGE('',*,*,#801,.F.);
#1061=ORIENTED_EDGE('',*,*,#799,.F.);
#1062=ORIENTED_EDGE('',*,*,#802,.F.);
#1063=ORIENTED_EDGE('',*,*,#803,.F.);
#1064=ORIENTED_EDGE('',*,*,#804,.F.);
#1065=ORIENTED_EDGE('',*,*,#739,.T.);
#1066=ORIENTED_EDGE('',*,*,#795,.T.);
#1067=ORIENTED_EDGE('',*,*,#800,.T.);
#1068=ORIENTED_EDGE('',*,*,#801,.T.);
#1069=ORIENTED_EDGE('',*,*,#804,.T.);
#1070=ORIENTED_EDGE('',*,*,#805,.T.);
#1071=ORIENTED_EDGE('',*,*,#806,.F.);
#1072=ORIENTED_EDGE('',*,*,#740,.F.);
#1073=ORIENTED_EDGE('',*,*,#807,.T.);
#1074=ORIENTED_EDGE('',*,*,#808,.F.);
#1075=ORIENTED_EDGE('',*,*,#809,.T.);
#1076=ORIENTED_EDGE('',*,*,#810,.T.);
#1077=ORIENTED_EDGE('',*,*,#811,.T.);
#1078=ORIENTED_EDGE('',*,*,#812,.T.);
#1079=ORIENTED_EDGE('',*,*,#808,.T.);
#1080=ORIENTED_EDGE('',*,*,#813,.T.);
#1081=ORIENTED_EDGE('',*,*,#811,.F.);
#1082=ORIENTED_EDGE('',*,*,#760,.T.);
#1083=ORIENTED_EDGE('',*,*,#743,.T.);
#1084=ORIENTED_EDGE('',*,*,#814,.F.);
#1085=ORIENTED_EDGE('',*,*,#815,.F.);
#1086=ORIENTED_EDGE('',*,*,#807,.F.);
#1087=ORIENTED_EDGE('',*,*,#812,.F.);
#1088=ORIENTED_EDGE('',*,*,#813,.F.);
#1089=ORIENTED_EDGE('',*,*,#815,.T.);
#1090=ORIENTED_EDGE('',*,*,#816,.T.);
#1091=ORIENTED_EDGE('',*,*,#817,.F.);
#1092=ORIENTED_EDGE('',*,*,#761,.F.);
#1093=ORIENTED_EDGE('',*,*,#814,.T.);
#1094=ORIENTED_EDGE('',*,*,#742,.T.);
#1095=ORIENTED_EDGE('',*,*,#818,.F.);
#1096=ORIENTED_EDGE('',*,*,#816,.F.);
#1097=ORIENTED_EDGE('',*,*,#819,.F.);
#1098=ORIENTED_EDGE('',*,*,#820,.T.);
#1099=ORIENTED_EDGE('',*,*,#821,.T.);
#1100=ORIENTED_EDGE('',*,*,#822,.T.);
#1101=ORIENTED_EDGE('',*,*,#823,.T.);
#1102=ORIENTED_EDGE('',*,*,#824,.F.);
#1103=ORIENTED_EDGE('',*,*,#820,.F.);
#1104=ORIENTED_EDGE('',*,*,#825,.F.);
#1105=ORIENTED_EDGE('',*,*,#823,.F.);
#1106=ORIENTED_EDGE('',*,*,#764,.F.);
#1107=ORIENTED_EDGE('',*,*,#826,.F.);
#1108=ORIENTED_EDGE('',*,*,#827,.F.);
#1109=ORIENTED_EDGE('',*,*,#828,.T.);
#1110=ORIENTED_EDGE('',*,*,#819,.T.);
#1111=ORIENTED_EDGE('',*,*,#824,.T.);
#1112=ORIENTED_EDGE('',*,*,#825,.T.);
#1113=ORIENTED_EDGE('',*,*,#829,.T.);
#1114=ORIENTED_EDGE('',*,*,#830,.F.);
#1115=ORIENTED_EDGE('',*,*,#831,.T.);
#1116=ORIENTED_EDGE('',*,*,#832,.T.);
#1117=ORIENTED_EDGE('',*,*,#833,.T.);
#1118=ORIENTED_EDGE('',*,*,#834,.T.);
#1119=ORIENTED_EDGE('',*,*,#830,.T.);
#1120=ORIENTED_EDGE('',*,*,#835,.T.);
#1121=ORIENTED_EDGE('',*,*,#833,.F.);
#1122=ORIENTED_EDGE('',*,*,#836,.T.);
#1123=ORIENTED_EDGE('',*,*,#837,.T.);
#1124=ORIENTED_EDGE('',*,*,#838,.F.);
#1125=ORIENTED_EDGE('',*,*,#839,.F.);
#1126=ORIENTED_EDGE('',*,*,#829,.F.);
#1127=ORIENTED_EDGE('',*,*,#834,.F.);
#1128=ORIENTED_EDGE('',*,*,#835,.F.);
#1129=ORIENTED_EDGE('',*,*,#839,.T.);
#1130=ORIENTED_EDGE('',*,*,#840,.T.);
#1131=ORIENTED_EDGE('',*,*,#841,.F.);
#1132=ORIENTED_EDGE('',*,*,#842,.F.);
#1133=ORIENTED_EDGE('',*,*,#838,.T.);
#1134=ORIENTED_EDGE('',*,*,#843,.T.);
#1135=ORIENTED_EDGE('',*,*,#844,.F.);
#1136=ORIENTED_EDGE('',*,*,#840,.F.);
#1137=ORIENTED_EDGE('',*,*,#821,.F.);
#1138=ORIENTED_EDGE('',*,*,#822,.F.);
#1139=ORIENTED_EDGE('',*,*,#845,.T.);
#1140=ORIENTED_EDGE('',*,*,#777,.T.);
#1141=ORIENTED_EDGE('',*,*,#845,.F.);
#1142=ORIENTED_EDGE('',*,*,#797,.F.);
#1143=ORIENTED_EDGE('',*,*,#798,.F.);
#1144=ORIENTED_EDGE('',*,*,#846,.T.);
#1145=ORIENTED_EDGE('',*,*,#789,.T.);
#1146=ORIENTED_EDGE('',*,*,#846,.F.);
#1147=ORIENTED_EDGE('',*,*,#831,.F.);
#1148=ORIENTED_EDGE('',*,*,#832,.F.);
#1149=ORIENTED_EDGE('',*,*,#847,.T.);
#1150=ORIENTED_EDGE('',*,*,#784,.T.);
#1151=ORIENTED_EDGE('',*,*,#847,.F.);
#1152=ORIENTED_EDGE('',*,*,#809,.F.);
#1153=ORIENTED_EDGE('',*,*,#810,.F.);
#1154=ORIENTED_EDGE('',*,*,#848,.T.);
#1155=ORIENTED_EDGE('',*,*,#780,.T.);
#1156=ORIENTED_EDGE('',*,*,#848,.F.);
#1157=ORIENTED_EDGE('',*,*,#680,.T.);
#1158=ORIENTED_EDGE('',*,*,#771,.T.);
#1159=ORIENTED_EDGE('',*,*,#849,.T.);
#1160=ORIENTED_EDGE('',*,*,#850,.T.);
#1161=ORIENTED_EDGE('',*,*,#851,.T.);
#1162=ORIENTED_EDGE('',*,*,#852,.T.);
#1163=ORIENTED_EDGE('',*,*,#729,.T.);
#1164=ORIENTED_EDGE('',*,*,#758,.T.);
#1165=ORIENTED_EDGE('',*,*,#853,.T.);
#1166=ORIENTED_EDGE('',*,*,#854,.T.);
#1167=ORIENTED_EDGE('',*,*,#855,.T.);
#1168=ORIENTED_EDGE('',*,*,#748,.T.);
#1169=ORIENTED_EDGE('',*,*,#750,.T.);
#1170=ORIENTED_EDGE('',*,*,#677,.T.);
#1171=ORIENTED_EDGE('',*,*,#690,.T.);
#1172=ORIENTED_EDGE('',*,*,#699,.T.);
#1173=ORIENTED_EDGE('',*,*,#708,.T.);
#1174=ORIENTED_EDGE('',*,*,#702,.T.);
#1175=ORIENTED_EDGE('',*,*,#856,.T.);
#1176=ORIENTED_EDGE('',*,*,#841,.T.);
#1177=ORIENTED_EDGE('',*,*,#844,.T.);
#1178=ORIENTED_EDGE('',*,*,#857,.T.);
#1179=ORIENTED_EDGE('',*,*,#858,.T.);
#1180=ORIENTED_EDGE('',*,*,#859,.T.);
#1181=ORIENTED_EDGE('',*,*,#762,.T.);
#1182=ORIENTED_EDGE('',*,*,#817,.T.);
#1183=ORIENTED_EDGE('',*,*,#818,.T.);
#1184=ORIENTED_EDGE('',*,*,#741,.T.);
#1185=ORIENTED_EDGE('',*,*,#806,.T.);
#1186=ORIENTED_EDGE('',*,*,#860,.T.);
#1187=ORIENTED_EDGE('',*,*,#827,.T.);
#1188=ORIENTED_EDGE('',*,*,#861,.T.);
#1189=ORIENTED_EDGE('',*,*,#858,.F.);
#1190=ORIENTED_EDGE('',*,*,#862,.F.);
#1191=ORIENTED_EDGE('',*,*,#826,.T.);
#1192=ORIENTED_EDGE('',*,*,#763,.T.);
#1193=ORIENTED_EDGE('',*,*,#859,.F.);
#1194=ORIENTED_EDGE('',*,*,#861,.F.);
#1195=ORIENTED_EDGE('',*,*,#778,.T.);
#1196=ORIENTED_EDGE('',*,*,#730,.T.);
#1197=ORIENTED_EDGE('',*,*,#852,.F.);
#1198=ORIENTED_EDGE('',*,*,#863,.F.);
#1199=ORIENTED_EDGE('',*,*,#712,.T.);
#1200=ORIENTED_EDGE('',*,*,#736,.F.);
#1201=ORIENTED_EDGE('',*,*,#718,.T.);
#1202=ORIENTED_EDGE('',*,*,#779,.T.);
#1203=ORIENTED_EDGE('',*,*,#863,.T.);
#1204=ORIENTED_EDGE('',*,*,#851,.F.);
#1205=ORIENTED_EDGE('',*,*,#864,.F.);
#1206=ORIENTED_EDGE('',*,*,#786,.T.);
#1207=ORIENTED_EDGE('',*,*,#787,.T.);
#1208=ORIENTED_EDGE('',*,*,#864,.T.);
#1209=ORIENTED_EDGE('',*,*,#850,.F.);
#1210=ORIENTED_EDGE('',*,*,#865,.F.);
#1211=ORIENTED_EDGE('',*,*,#788,.T.);
#1212=ORIENTED_EDGE('',*,*,#865,.T.);
#1213=ORIENTED_EDGE('',*,*,#849,.F.);
#1214=ORIENTED_EDGE('',*,*,#770,.F.);
#1215=ORIENTED_EDGE('',*,*,#793,.F.);
#1216=ORIENTED_EDGE('',*,*,#866,.F.);
#1217=ORIENTED_EDGE('',*,*,#803,.T.);
#1218=ORIENTED_EDGE('',*,*,#867,.T.);
#1219=ORIENTED_EDGE('',*,*,#860,.F.);
#1220=ORIENTED_EDGE('',*,*,#805,.F.);
#1221=ORIENTED_EDGE('',*,*,#782,.T.);
#1222=ORIENTED_EDGE('',*,*,#749,.F.);
#1223=ORIENTED_EDGE('',*,*,#855,.F.);
#1224=ORIENTED_EDGE('',*,*,#868,.F.);
#1225=ORIENTED_EDGE('',*,*,#773,.T.);
#1226=ORIENTED_EDGE('',*,*,#724,.T.);
#1227=ORIENTED_EDGE('',*,*,#790,.F.);
#1228=ORIENTED_EDGE('',*,*,#722,.T.);
#1229=ORIENTED_EDGE('',*,*,#774,.T.);
#1230=ORIENTED_EDGE('',*,*,#868,.T.);
#1231=ORIENTED_EDGE('',*,*,#854,.F.);
#1232=ORIENTED_EDGE('',*,*,#869,.F.);
#1233=ORIENTED_EDGE('',*,*,#775,.T.);
#1234=ORIENTED_EDGE('',*,*,#869,.T.);
#1235=ORIENTED_EDGE('',*,*,#853,.F.);
#1236=ORIENTED_EDGE('',*,*,#757,.F.);
#1237=ORIENTED_EDGE('',*,*,#720,.T.);
#1238=ORIENTED_EDGE('',*,*,#791,.F.);
#1239=ORIENTED_EDGE('',*,*,#726,.T.);
#1240=ORIENTED_EDGE('',*,*,#772,.T.);
#1241=ORIENTED_EDGE('',*,*,#765,.T.);
#1242=ORIENTED_EDGE('',*,*,#828,.F.);
#1243=ORIENTED_EDGE('',*,*,#862,.T.);
#1244=ORIENTED_EDGE('',*,*,#857,.F.);
#1245=ORIENTED_EDGE('',*,*,#843,.F.);
#1246=ORIENTED_EDGE('',*,*,#837,.F.);
#1247=ORIENTED_EDGE('',*,*,#870,.F.);
#1248=ORIENTED_EDGE('',*,*,#783,.T.);
#1249=ORIENTED_EDGE('',*,*,#785,.T.);
#1250=ORIENTED_EDGE('',*,*,#866,.T.);
#1251=ORIENTED_EDGE('',*,*,#792,.T.);
#1252=ORIENTED_EDGE('',*,*,#696,.T.);
#1253=ORIENTED_EDGE('',*,*,#686,.F.);
#1254=ORIENTED_EDGE('',*,*,#752,.F.);
#1255=ORIENTED_EDGE('',*,*,#781,.T.);
#1256=ORIENTED_EDGE('',*,*,#870,.T.);
#1257=ORIENTED_EDGE('',*,*,#836,.F.);
#1258=ORIENTED_EDGE('',*,*,#842,.T.);
#1259=ORIENTED_EDGE('',*,*,#856,.F.);
#1260=ORIENTED_EDGE('',*,*,#867,.F.);
#1261=ORIENTED_EDGE('',*,*,#802,.T.);
#1262=ORIENTED_EDGE('',*,*,#738,.F.);
#1263=PLANE('',#1387);
#1264=PLANE('',#1388);
#1265=PLANE('',#1389);
#1266=PLANE('',#1390);
#1267=PLANE('',#1393);
#1268=PLANE('',#1394);
#1269=PLANE('',#1395);
#1270=PLANE('',#1396);
#1271=PLANE('',#1399);
#1272=PLANE('',#1402);
#1273=PLANE('',#1403);
#1274=PLANE('',#1404);
#1275=PLANE('',#1405);
#1276=PLANE('',#1406);
#1277=PLANE('',#1407);
#1278=PLANE('',#1408);
#1279=PLANE('',#1409);
#1280=PLANE('',#1410);
#1281=PLANE('',#1411);
#1282=PLANE('',#1412);
#1283=PLANE('',#1413);
#1284=PLANE('',#1414);
#1285=PLANE('',#1415);
#1286=PLANE('',#1416);
#1287=PLANE('',#1418);
#1288=PLANE('',#1420);
#1289=PLANE('',#1422);
#1290=PLANE('',#1424);
#1291=PLANE('',#1425);
#1292=PLANE('',#1426);
#1293=PLANE('',#1427);
#1294=PLANE('',#1436);
#1295=PLANE('',#1437);
#1296=PLANE('',#1446);
#1297=PLANE('',#1447);
#1298=PLANE('',#1448);
#1299=PLANE('',#1457);
#1300=PLANE('',#1466);
#1301=PLANE('',#1467);
#1302=PLANE('',#1468);
#1303=PLANE('',#1473);
#1304=PLANE('',#1474);
#1305=PLANE('',#1475);
#1306=PLANE('',#1476);
#1307=PLANE('',#1477);
#1308=PLANE('',#1478);
#1309=PLANE('',#1479);
#1310=PLANE('',#1480);
#1311=PLANE('',#1481);
#1312=PLANE('',#1482);
#1313=PLANE('',#1483);
#1314=PLANE('',#1484);
#1315=PLANE('',#1485);
#1316=PLANE('',#1486);
#1317=ADVANCED_FACE('',(#71),#1263,.T.);
#1318=ADVANCED_FACE('',(#72),#1264,.T.);
#1319=ADVANCED_FACE('',(#73),#1265,.T.);
#1320=ADVANCED_FACE('',(#74,#41),#1266,.F.);
#1321=ADVANCED_FACE('',(#75),#1267,.T.);
#1322=ADVANCED_FACE('',(#76),#1268,.T.);
#1323=ADVANCED_FACE('',(#77),#1269,.T.);
#1324=ADVANCED_FACE('',(#78),#1270,.T.);
#1325=ADVANCED_FACE('',(#79),#31,.T.);
#1326=ADVANCED_FACE('',(#80),#1271,.T.);
#1327=ADVANCED_FACE('',(#81),#32,.T.);
#1328=ADVANCED_FACE('',(#82),#1272,.T.);
#1329=ADVANCED_FACE('',(#83),#1273,.F.);
#1330=ADVANCED_FACE('',(#84),#1274,.F.);
#1331=ADVANCED_FACE('',(#85),#1275,.F.);
#1332=ADVANCED_FACE('',(#86),#1276,.F.);
#1333=ADVANCED_FACE('',(#87),#1277,.T.);
#1334=ADVANCED_FACE('',(#88),#1278,.F.);
#1335=ADVANCED_FACE('',(#89),#1279,.F.);
#1336=ADVANCED_FACE('',(#90),#1280,.T.);
#1337=ADVANCED_FACE('',(#91),#1281,.T.);
#1338=ADVANCED_FACE('',(#92),#1282,.T.);
#1339=ADVANCED_FACE('',(#93),#1283,.T.);
#1340=ADVANCED_FACE('',(#94),#1284,.T.);
#1341=ADVANCED_FACE('',(#95),#1285,.T.);
#1342=ADVANCED_FACE('',(#96,#42),#1286,.F.);
#1343=ADVANCED_FACE('',(#97,#43),#1287,.F.);
#1344=ADVANCED_FACE('',(#98,#44),#1288,.F.);
#1345=ADVANCED_FACE('',(#99,#45),#1289,.F.);
#1346=ADVANCED_FACE('',(#100),#1290,.F.);
#1347=ADVANCED_FACE('',(#101),#1291,.F.);
#1348=ADVANCED_FACE('',(#102),#1292,.F.);
#1349=ADVANCED_FACE('',(#103),#1293,.F.);
#1350=ADVANCED_FACE('',(#104),#33,.F.);
#1351=ADVANCED_FACE('',(#105),#15,.F.);
#1352=ADVANCED_FACE('',(#106,#46),#1294,.T.);
#1353=ADVANCED_FACE('',(#107),#1295,.T.);
#1354=ADVANCED_FACE('',(#108),#34,.F.);
#1355=ADVANCED_FACE('',(#109),#16,.F.);
#1356=ADVANCED_FACE('',(#110,#47),#1296,.F.);
#1357=ADVANCED_FACE('',(#111),#1297,.T.);
#1358=ADVANCED_FACE('',(#112),#1298,.T.);
#1359=ADVANCED_FACE('',(#113),#35,.F.);
#1360=ADVANCED_FACE('',(#114),#17,.F.);
#1361=ADVANCED_FACE('',(#115,#48),#1299,.T.);
#1362=ADVANCED_FACE('',(#116),#36,.F.);
#1363=ADVANCED_FACE('',(#117),#18,.F.);
#1364=ADVANCED_FACE('',(#118,#49),#1300,.F.);
#1365=ADVANCED_FACE('',(#119),#1301,.T.);
#1366=ADVANCED_FACE('',(#120),#1302,.T.);
#1367=ADVANCED_FACE('',(#121),#37,.F.);
#1368=ADVANCED_FACE('',(#122),#38,.F.);
#1369=ADVANCED_FACE('',(#123),#39,.F.);
#1370=ADVANCED_FACE('',(#124),#40,.F.);
#1371=ADVANCED_FACE('',(#125,#50),#1303,.F.);
#1372=ADVANCED_FACE('',(#126),#1304,.T.);
#1373=ADVANCED_FACE('',(#127),#1305,.T.);
#1374=ADVANCED_FACE('',(#128),#1306,.T.);
#1375=ADVANCED_FACE('',(#129),#1307,.T.);
#1376=ADVANCED_FACE('',(#130),#1308,.T.);
#1377=ADVANCED_FACE('',(#131),#1309,.T.);
#1378=ADVANCED_FACE('',(#132),#1310,.T.);
#1379=ADVANCED_FACE('',(#133),#1311,.T.);
#1380=ADVANCED_FACE('',(#134),#1312,.T.);
#1381=ADVANCED_FACE('',(#135),#1313,.T.);
#1382=ADVANCED_FACE('',(#136),#1314,.T.);
#1383=ADVANCED_FACE('',(#137),#1315,.T.);
#1384=ADVANCED_FACE('',(#138),#1316,.T.);
#1385=CLOSED_SHELL('',(#1317,#1318,#1319,#1320,#1321,#1322,#1323,#1324,
#1325,#1326,#1327,#1328,#1329,#1330,#1331,#1332,#1333,#1334,#1335,#1336,
#1337,#1338,#1339,#1340,#1341,#1342,#1343,#1344,#1345,#1346,#1347,#1348,
#1349,#1350,#1351,#1352,#1353,#1354,#1355,#1356,#1357,#1358,#1359,#1360,
#1361,#1362,#1363,#1364,#1365,#1366,#1367,#1368,#1369,#1370,#1371,#1372,
#1373,#1374,#1375,#1376,#1377,#1378,#1379,#1380,#1381,#1382,#1383,#1384));
#1386=AXIS2_PLACEMENT_3D('',#1853,#1487,#1488);
#1387=AXIS2_PLACEMENT_3D('',#1854,#1489,#1490);
#1388=AXIS2_PLACEMENT_3D('',#1865,#1496,#1497);
#1389=AXIS2_PLACEMENT_3D('',#1873,#1502,#1503);
#1390=AXIS2_PLACEMENT_3D('',#1882,#1509,#1510);
#1391=AXIS2_PLACEMENT_3D('',#1892,#1515,#1516);
#1392=AXIS2_PLACEMENT_3D('',#1895,#1518,#1519);
#1393=AXIS2_PLACEMENT_3D('',#1896,#1520,#1521);
#1394=AXIS2_PLACEMENT_3D('',#1902,#1525,#1526);
#1395=AXIS2_PLACEMENT_3D('',#1908,#1530,#1531);
#1396=AXIS2_PLACEMENT_3D('',#1914,#1535,#1536);
#1397=AXIS2_PLACEMENT_3D('',#1918,#1539,#1540);
#1398=AXIS2_PLACEMENT_3D('',#1919,#1541,#1542);
#1399=AXIS2_PLACEMENT_3D('',#1920,#1543,#1544);
#1400=AXIS2_PLACEMENT_3D('',#1922,#1546,#1547);
#1401=AXIS2_PLACEMENT_3D('',#1924,#1548,#1549);
#1402=AXIS2_PLACEMENT_3D('',#1926,#1551,#1552);
#1403=AXIS2_PLACEMENT_3D('',#1927,#1553,#1554);
#1404=AXIS2_PLACEMENT_3D('',#1936,#1559,#1560);
#1405=AXIS2_PLACEMENT_3D('',#1945,#1565,#1566);
#1406=AXIS2_PLACEMENT_3D('',#1954,#1571,#1572);
#1407=AXIS2_PLACEMENT_3D('',#1963,#1577,#1578);
#1408=AXIS2_PLACEMENT_3D('',#1972,#1583,#1584);
#1409=AXIS2_PLACEMENT_3D('',#1981,#1589,#1590);
#1410=AXIS2_PLACEMENT_3D('',#1984,#1593,#1594);
#1411=AXIS2_PLACEMENT_3D('',#2002,#1604,#1605);
#1412=AXIS2_PLACEMENT_3D('',#2011,#1610,#1611);
#1413=AXIS2_PLACEMENT_3D('',#2016,#1615,#1616);
#1414=AXIS2_PLACEMENT_3D('',#2027,#1623,#1624);
#1415=AXIS2_PLACEMENT_3D('',#2046,#1635,#1636);
#1416=AXIS2_PLACEMENT_3D('',#2052,#1640,#1641);
#1417=AXIS2_PLACEMENT_3D('',#2061,#1647,#1648);
#1418=AXIS2_PLACEMENT_3D('',#2062,#1649,#1650);
#1419=AXIS2_PLACEMENT_3D('',#2067,#1653,#1654);
#1420=AXIS2_PLACEMENT_3D('',#2068,#1655,#1656);
#1421=AXIS2_PLACEMENT_3D('',#2074,#1660,#1661);
#1422=AXIS2_PLACEMENT_3D('',#2075,#1662,#1663);
#1423=AXIS2_PLACEMENT_3D('',#2084,#1668,#1669);
#1424=AXIS2_PLACEMENT_3D('',#2085,#1670,#1671);
#1425=AXIS2_PLACEMENT_3D('',#2088,#1674,#1675);
#1426=AXIS2_PLACEMENT_3D('',#2092,#1678,#1679);
#1427=AXIS2_PLACEMENT_3D('',#2094,#1681,#1682);
#1428=AXIS2_PLACEMENT_3D('',#2095,#1683,#1684);
#1429=AXIS2_PLACEMENT_3D('',#2098,#1685,#1686);
#1430=AXIS2_PLACEMENT_3D('',#2099,#1687,#1688);
#1431=AXIS2_PLACEMENT_3D('',#2100,#1689,#1690);
#1432=AXIS2_PLACEMENT_3D('',#2103,#1691,#1692);
#1433=AXIS2_PLACEMENT_3D('',#2104,#1693,#1694);
#1434=AXIS2_PLACEMENT_3D('',#2107,#1696,#1697);
#1435=AXIS2_PLACEMENT_3D('',#2108,#1698,#1699);
#1436=AXIS2_PLACEMENT_3D('',#2109,#1700,#1701);
#1437=AXIS2_PLACEMENT_3D('',#2115,#1705,#1706);
#1438=AXIS2_PLACEMENT_3D('',#2119,#1709,#1710);
#1439=AXIS2_PLACEMENT_3D('',#2122,#1711,#1712);
#1440=AXIS2_PLACEMENT_3D('',#2123,#1713,#1714);
#1441=AXIS2_PLACEMENT_3D('',#2124,#1715,#1716);
#1442=AXIS2_PLACEMENT_3D('',#2127,#1717,#1718);
#1443=AXIS2_PLACEMENT_3D('',#2128,#1719,#1720);
#1444=AXIS2_PLACEMENT_3D('',#2131,#1722,#1723);
#1445=AXIS2_PLACEMENT_3D('',#2132,#1724,#1725);
#1446=AXIS2_PLACEMENT_3D('',#2133,#1726,#1727);
#1447=AXIS2_PLACEMENT_3D('',#2137,#1730,#1731);
#1448=AXIS2_PLACEMENT_3D('',#2141,#1734,#1735);
#1449=AXIS2_PLACEMENT_3D('',#2143,#1737,#1738);
#1450=AXIS2_PLACEMENT_3D('',#2146,#1739,#1740);
#1451=AXIS2_PLACEMENT_3D('',#2147,#1741,#1742);
#1452=AXIS2_PLACEMENT_3D('',#2148,#1743,#1744);
#1453=AXIS2_PLACEMENT_3D('',#2151,#1745,#1746);
#1454=AXIS2_PLACEMENT_3D('',#2152,#1747,#1748);
#1455=AXIS2_PLACEMENT_3D('',#2155,#1750,#1751);
#1456=AXIS2_PLACEMENT_3D('',#2156,#1752,#1753);
#1457=AXIS2_PLACEMENT_3D('',#2157,#1754,#1755);
#1458=AXIS2_PLACEMENT_3D('',#2163,#1759,#1760);
#1459=AXIS2_PLACEMENT_3D('',#2166,#1761,#1762);
#1460=AXIS2_PLACEMENT_3D('',#2167,#1763,#1764);
#1461=AXIS2_PLACEMENT_3D('',#2168,#1765,#1766);
#1462=AXIS2_PLACEMENT_3D('',#2171,#1767,#1768);
#1463=AXIS2_PLACEMENT_3D('',#2172,#1769,#1770);
#1464=AXIS2_PLACEMENT_3D('',#2175,#1772,#1773);
#1465=AXIS2_PLACEMENT_3D('',#2176,#1774,#1775);
#1466=AXIS2_PLACEMENT_3D('',#2177,#1776,#1777);
#1467=AXIS2_PLACEMENT_3D('',#2186,#1782,#1783);
#1468=AXIS2_PLACEMENT_3D('',#2192,#1787,#1788);
#1469=AXIS2_PLACEMENT_3D('',#2196,#1791,#1792);
#1470=AXIS2_PLACEMENT_3D('',#2198,#1794,#1795);
#1471=AXIS2_PLACEMENT_3D('',#2200,#1797,#1798);
#1472=AXIS2_PLACEMENT_3D('',#2202,#1800,#1801);
#1473=AXIS2_PLACEMENT_3D('',#2204,#1803,#1804);
#1474=AXIS2_PLACEMENT_3D('',#2217,#1812,#1813);
#1475=AXIS2_PLACEMENT_3D('',#2226,#1819,#1820);
#1476=AXIS2_PLACEMENT_3D('',#2229,#1823,#1824);
#1477=AXIS2_PLACEMENT_3D('',#2230,#1825,#1826);
#1478=AXIS2_PLACEMENT_3D('',#2232,#1828,#1829);
#1479=AXIS2_PLACEMENT_3D('',#2234,#1831,#1832);
#1480=AXIS2_PLACEMENT_3D('',#2236,#1834,#1835);
#1481=AXIS2_PLACEMENT_3D('',#2238,#1837,#1838);
#1482=AXIS2_PLACEMENT_3D('',#2240,#1840,#1841);
#1483=AXIS2_PLACEMENT_3D('',#2242,#1843,#1844);
#1484=AXIS2_PLACEMENT_3D('',#2244,#1846,#1847);
#1485=AXIS2_PLACEMENT_3D('',#2245,#1848,#1849);
#1486=AXIS2_PLACEMENT_3D('',#2247,#1851,#1852);
#1487=DIRECTION('axis',(0.,0.,1.));
#1488=DIRECTION('refdir',(1.,0.,0.));
#1489=DIRECTION('center_axis',(-0.696388013058316,-0.717665475879041,0.));
#1490=DIRECTION('ref_axis',(0.717665475879041,-0.696388013058316,0.));
#1491=DIRECTION('',(-0.621516533530297,0.603089710199472,-0.5));
#1492=DIRECTION('',(0.,0.,1.));
#1493=DIRECTION('',(-0.717665475879041,0.696388013058316,0.));
#1494=DIRECTION('',(0.,0.,-1.));
#1495=DIRECTION('',(0.717665475879041,-0.696388013058316,0.));
#1496=DIRECTION('center_axis',(-0.717665475879038,0.69638801305832,0.));
#1497=DIRECTION('ref_axis',(-0.69638801305832,-0.717665475879038,0.));
#1498=DIRECTION('',(0.69638801305832,0.717665475879038,0.));
#1499=DIRECTION('',(0.,0.,-1.));
#1500=DIRECTION('',(-0.69638801305832,-0.717665475879038,0.));
#1501=DIRECTION('',(0.,0.,1.));
#1502=DIRECTION('center_axis',(0.,0.,1.));
#1503=DIRECTION('ref_axis',(1.,0.,0.));
#1504=DIRECTION('',(-0.71766547587904,0.696388013058317,0.));
#1505=DIRECTION('',(-0.696388013058311,-0.717665475879046,0.));
#1506=DIRECTION('',(-0.71766547587904,0.696388013058317,0.));
#1507=DIRECTION('',(0.696388013058317,0.71766547587904,0.));
#1508=DIRECTION('',(0.71766547587904,-0.696388013058317,0.));
#1509=DIRECTION('center_axis',(-0.696388013058317,-0.71766547587904,0.));
#1510=DIRECTION('ref_axis',(0.621516533530297,-0.603089710199472,0.5));
#1511=DIRECTION('',(-0.621516533530297,0.603089710199472,-0.5));
#1512=DIRECTION('',(0.71766547587904,-0.696388013058317,0.));
#1513=DIRECTION('',(-0.35883273793952,0.348194006529159,0.866025403784439));
#1514=DIRECTION('',(0.621516533530296,-0.603089710199471,0.500000000000002));
#1515=DIRECTION('center_axis',(-0.696388013058317,-0.71766547587904,0.));
#1516=DIRECTION('ref_axis',(0.621516533530297,-0.603089710199472,0.5));
#1517=DIRECTION('',(-0.621516533530297,0.603089710199472,-0.5));
#1518=DIRECTION('center_axis',(0.696388013058317,0.71766547587904,0.));
#1519=DIRECTION('ref_axis',(-0.621516533530297,0.603089710199472,-0.5));
#1520=DIRECTION('center_axis',(0.71766547587904,-0.696388013058317,0.));
#1521=DIRECTION('ref_axis',(-0.696388013058317,-0.71766547587904,0.));
#1522=DIRECTION('',(0.,0.,1.));
#1523=DIRECTION('',(-0.696388013058317,-0.71766547587904,0.));
#1524=DIRECTION('',(0.,0.,-1.));
#1525=DIRECTION('center_axis',(0.358832737939519,-0.34819400652916,-0.866025403784439));
#1526=DIRECTION('ref_axis',(0.621516533530297,-0.603089710199472,0.5));
#1527=DIRECTION('',(-0.696388013058319,-0.717665475879038,0.));
#1528=DIRECTION('',(-0.696388013058318,-0.71766547587904,1.33226762955019E-15));
#1529=DIRECTION('',(0.621516533530297,-0.603089710199472,0.5));
#1530=DIRECTION('center_axis',(-0.621516533530297,0.603089710199472,-0.5));
#1531=DIRECTION('ref_axis',(0.35883273793952,-0.348194006529159,-0.866025403784439));
#1532=DIRECTION('',(0.696388013058317,0.71766547587904,0.));
#1533=DIRECTION('',(0.35883273793952,-0.348194006529159,-0.866025403784439));
#1534=DIRECTION('',(-0.696388013058318,-0.71766547587904,1.33226762955019E-15));
#1535=DIRECTION('center_axis',(-0.358832737939521,0.348194006529161,0.866025403784437));
#1536=DIRECTION('ref_axis',(-0.621516533530296,0.603089710199471,-0.500000000000002));
#1537=DIRECTION('',(-0.621516533530296,0.603089710199471,-0.500000000000002));
#1538=DIRECTION('',(-0.696388013058318,-0.71766547587904,1.33226762955019E-15));
#1539=DIRECTION('center_axis',(-0.696388013058318,-0.71766547587904,1.33226762955019E-15));
#1540=DIRECTION('ref_axis',(0.621516533530297,-0.603089710199472,0.5));
#1541=DIRECTION('center_axis',(-0.696388013058317,-0.71766547587904,0.));
#1542=DIRECTION('ref_axis',(0.621516533530297,-0.603089710199472,0.5));
#1543=DIRECTION('center_axis',(-0.696388013058317,-0.71766547587904,0.));
#1544=DIRECTION('ref_axis',(0.621516533530297,-0.603089710199472,0.5));
#1545=DIRECTION('',(-0.71766547587904,0.696388013058317,0.));
#1546=DIRECTION('center_axis',(0.696388013058317,0.71766547587904,2.22044604925031E-16));
#1547=DIRECTION('ref_axis',(-0.621516533530297,0.603089710199472,-0.5));
#1548=DIRECTION('center_axis',(0.696388013058317,0.71766547587904,-5.55111512312578E-17));
#1549=DIRECTION('ref_axis',(-0.621516533530297,0.603089710199472,-0.5));
#1550=DIRECTION('',(-0.696388013058317,-0.71766547587904,-2.22044604925031E-16));
#1551=DIRECTION('center_axis',(0.696388013058317,0.71766547587904,-5.55111512312578E-17));
#1552=DIRECTION('ref_axis',(-0.621516533530297,0.603089710199472,-0.5));
#1553=DIRECTION('center_axis',(-0.696388013058317,-0.717665475879041,0.));
#1554=DIRECTION('ref_axis',(-0.717665475879041,0.696388013058317,0.));
#1555=DIRECTION('',(-0.717665475879041,0.696388013058317,0.));
#1556=DIRECTION('',(0.,0.,1.));
#1557=DIRECTION('',(-0.717665475879041,0.696388013058317,0.));
#1558=DIRECTION('',(0.,0.,-1.));
#1559=DIRECTION('center_axis',(0.696388013058326,0.717665475879032,0.));
#1560=DIRECTION('ref_axis',(0.717665475879032,-0.696388013058326,0.));
#1561=DIRECTION('',(0.717665475879032,-0.696388013058326,0.));
#1562=DIRECTION('',(0.,0.,1.));
#1563=DIRECTION('',(0.717665475879032,-0.696388013058326,0.));
#1564=DIRECTION('',(0.,0.,-1.));
#1565=DIRECTION('center_axis',(-0.696388013058326,-0.717665475879032,0.));
#1566=DIRECTION('ref_axis',(-0.717665475879032,0.696388013058326,0.));
#1567=DIRECTION('',(-0.717665475879032,0.696388013058326,0.));
#1568=DIRECTION('',(0.,0.,1.));
#1569=DIRECTION('',(-0.717665475879032,0.696388013058326,0.));
#1570=DIRECTION('',(0.,0.,-1.));
#1571=DIRECTION('center_axis',(0.696388013058317,0.71766547587904,0.));
#1572=DIRECTION('ref_axis',(0.71766547587904,-0.696388013058317,0.));
#1573=DIRECTION('',(0.71766547587904,-0.696388013058317,0.));
#1574=DIRECTION('',(0.,0.,1.));
#1575=DIRECTION('',(0.71766547587904,-0.696388013058317,0.));
#1576=DIRECTION('',(0.,0.,-1.));
#1577=DIRECTION('center_axis',(0.71766547587904,-0.696388013058317,0.));
#1578=DIRECTION('ref_axis',(-0.696388013058317,-0.71766547587904,0.));
#1579=DIRECTION('',(-0.696388013058317,-0.71766547587904,0.));
#1580=DIRECTION('',(0.,0.,-1.));
#1581=DIRECTION('',(-0.696388013058317,-0.71766547587904,0.));
#1582=DIRECTION('',(0.,0.,-1.));
#1583=DIRECTION('center_axis',(-0.717665475879039,0.696388013058318,0.));
#1584=DIRECTION('ref_axis',(0.696388013058318,0.717665475879039,0.));
#1585=DIRECTION('',(-0.696388013058318,-0.717665475879039,0.));
#1586=DIRECTION('',(0.,0.,1.));
#1587=DIRECTION('',(-0.696388013058318,-0.717665475879039,0.));
#1588=DIRECTION('',(0.,0.,-1.));
#1589=DIRECTION('center_axis',(0.,0.,-1.));
#1590=DIRECTION('ref_axis',(-0.71766547587904,0.696388013058317,0.));
#1591=DIRECTION('',(-0.696388013058317,-0.71766547587904,0.));
#1592=DIRECTION('',(0.696388013058317,0.71766547587904,0.));
#1593=DIRECTION('center_axis',(-0.71766547587904,0.696388013058317,0.));
#1594=DIRECTION('ref_axis',(0.696388013058317,0.71766547587904,0.));
#1595=DIRECTION('',(0.696388013058317,0.71766547587904,0.));
#1596=DIRECTION('',(0.,0.,-1.));
#1597=DIRECTION('',(0.696388013058317,0.71766547587904,0.));
#1598=DIRECTION('',(0.,0.,-1.));
#1599=DIRECTION('',(0.696388013058317,0.717665475879041,0.));
#1600=DIRECTION('',(0.,0.,-1.));
#1601=DIRECTION('',(0.696388013058317,0.71766547587904,0.));
#1602=DIRECTION('',(0.,0.,-1.));
#1603=DIRECTION('',(0.696388013058317,0.71766547587904,0.));
#1604=DIRECTION('center_axis',(-0.696388013058317,-0.71766547587904,0.));
#1605=DIRECTION('ref_axis',(-0.71766547587904,0.696388013058317,0.));
#1606=DIRECTION('',(-0.71766547587904,0.696388013058317,0.));
#1607=DIRECTION('',(0.,0.,1.));
#1608=DIRECTION('',(-0.71766547587904,0.696388013058317,0.));
#1609=DIRECTION('',(0.,0.,1.));
#1610=DIRECTION('center_axis',(-0.717665475879046,0.696388013058311,0.));
#1611=DIRECTION('ref_axis',(0.696388013058311,0.717665475879046,0.));
#1612=DIRECTION('',(-0.696388013058311,-0.717665475879046,0.));
#1613=DIRECTION('',(0.696388013058311,0.717665475879046,0.));
#1614=DIRECTION('',(0.,0.,-1.));
#1615=DIRECTION('center_axis',(0.696388013058317,0.71766547587904,0.));
#1616=DIRECTION('ref_axis',(0.71766547587904,-0.696388013058317,0.));
#1617=DIRECTION('',(0.71766547587904,-0.696388013058317,0.));
#1618=DIRECTION('',(0.71766547587904,-0.696388013058317,0.));
#1619=DIRECTION('',(0.,0.,1.));
#1620=DIRECTION('',(0.71766547587904,-0.696388013058317,0.));
#1621=DIRECTION('',(0.,0.,-1.));
#1622=DIRECTION('',(0.71766547587904,-0.696388013058317,0.));
#1623=DIRECTION('center_axis',(-0.696388013058317,-0.71766547587904,0.));
#1624=DIRECTION('ref_axis',(-0.71766547587904,0.696388013058317,0.));
#1625=DIRECTION('',(-0.71766547587904,0.696388013058317,0.));
#1626=DIRECTION('',(-0.50746612461754,0.492420686370566,0.707106781186545));
#1627=DIRECTION('',(0.,0.,-1.));
#1628=DIRECTION('',(-0.71766547587904,0.696388013058317,0.));
#1629=DIRECTION('',(0.,0.,-1.));
#1630=DIRECTION('',(0.507466124617543,-0.492420686370562,0.707106781186545));
#1631=DIRECTION('',(0.,0.,-1.));
#1632=DIRECTION('',(-0.71766547587904,0.696388013058317,0.));
#1633=DIRECTION('',(0.,0.,-1.));
#1634=DIRECTION('',(-0.71766547587904,0.696388013058317,0.));
#1635=DIRECTION('center_axis',(-0.696388013058317,-0.71766547587904,0.));
#1636=DIRECTION('ref_axis',(-0.71766547587904,0.696388013058317,0.));
#1637=DIRECTION('',(-0.71766547587904,0.696388013058317,0.));
#1638=DIRECTION('',(0.,0.,-1.));
#1639=DIRECTION('',(-0.71766547587904,0.696388013058317,0.));
#1640=DIRECTION('center_axis',(0.,0.,-1.));
#1641=DIRECTION('ref_axis',(-1.,0.,0.));
#1642=DIRECTION('',(-0.696388013058317,-0.71766547587904,0.));
#1643=DIRECTION('',(0.696388013058317,0.71766547587904,0.));
#1644=DIRECTION('',(0.71766547587904,-0.696388013058317,0.));
#1645=DIRECTION('',(0.696388013058317,0.71766547587904,0.));
#1646=DIRECTION('',(0.696388013058318,0.717665475879039,0.));
#1647=DIRECTION('center_axis',(0.,0.,1.));
#1648=DIRECTION('ref_axis',(-0.71766547587904,0.696388013058317,0.));
#1649=DIRECTION('center_axis',(0.,0.,-1.));
#1650=DIRECTION('ref_axis',(-1.,0.,0.));
#1651=DIRECTION('',(0.71766547587904,-0.696388013058317,0.));
#1652=DIRECTION('',(-0.696388013058317,-0.71766547587904,0.));
#1653=DIRECTION('center_axis',(0.,0.,1.));
#1654=DIRECTION('ref_axis',(-0.71766547587904,0.696388013058317,0.));
#1655=DIRECTION('center_axis',(0.,0.,-1.));
#1656=DIRECTION('ref_axis',(-1.,0.,0.));
#1657=DIRECTION('',(0.71766547587904,-0.696388013058317,0.));
#1658=DIRECTION('',(0.696388013058317,0.71766547587904,0.));
#1659=DIRECTION('',(-0.696388013058317,-0.71766547587904,0.));
#1660=DIRECTION('center_axis',(0.,0.,1.));
#1661=DIRECTION('ref_axis',(-0.71766547587904,0.696388013058317,0.));
#1662=DIRECTION('center_axis',(0.,0.,-1.));
#1663=DIRECTION('ref_axis',(-1.,0.,0.));
#1664=DIRECTION('',(0.71766547587904,-0.696388013058317,0.));
#1665=DIRECTION('',(-0.696388013058317,-0.71766547587904,0.));
#1666=DIRECTION('',(-0.71766547587904,0.696388013058317,0.));
#1667=DIRECTION('',(-0.696388013058314,-0.717665475879043,0.));
#1668=DIRECTION('center_axis',(0.,0.,1.));
#1669=DIRECTION('ref_axis',(-0.71766547587904,0.696388013058317,0.));
#1670=DIRECTION('center_axis',(0.,0.,-1.));
#1671=DIRECTION('ref_axis',(-0.71766547587904,0.696388013058317,0.));
#1672=DIRECTION('',(-0.696388013058317,-0.71766547587904,0.));
#1673=DIRECTION('',(0.696388013058317,0.71766547587904,0.));
#1674=DIRECTION('center_axis',(-7.73146006170307E-16,-7.96768735299479E-16,
-1.));
#1675=DIRECTION('ref_axis',(0.71766547587904,-0.696388013058317,0.));
#1676=DIRECTION('',(0.71766547587904,-0.696388013058317,0.));
#1677=DIRECTION('',(-0.696388013058317,-0.71766547587904,1.11022302462516E-15));
#1678=DIRECTION('center_axis',(0.,0.,-1.));
#1679=DIRECTION('ref_axis',(-1.,0.,0.));
#1680=DIRECTION('',(-0.696388013058318,-0.717665475879039,0.));
#1681=DIRECTION('center_axis',(0.717665475879039,-0.696388013058318,0.));
#1682=DIRECTION('ref_axis',(-0.696388013058318,-0.717665475879039,0.));
#1683=DIRECTION('center_axis',(0.,0.,-1.));
#1684=DIRECTION('ref_axis',(1.,0.,0.));
#1685=DIRECTION('center_axis',(0.507466124617537,-0.492420686370561,0.70710678118655));
#1686=DIRECTION('ref_axis',(0.507466124617541,-0.492420686370565,-0.707106781186545));
#1687=DIRECTION('center_axis',(1.17945466030792E-32,-1.14448599659633E-32,
1.));
#1688=DIRECTION('ref_axis',(1.,0.,-1.17945466030792E-32));
#1689=DIRECTION('center_axis',(0.,0.,-1.));
#1690=DIRECTION('ref_axis',(1.,0.,-1.17945466030792E-32));
#1691=DIRECTION('center_axis',(0.,0.,1.));
#1692=DIRECTION('ref_axis',(-0.71766547587904,0.696388013058317,0.));
#1693=DIRECTION('center_axis',(0.,0.,1.));
#1694=DIRECTION('ref_axis',(-0.71766547587904,0.696388013058317,0.));
#1695=DIRECTION('',(-0.309016994374947,3.78436673043415E-17,-0.951056516295154));
#1696=DIRECTION('center_axis',(0.507466124617537,-0.492420686370561,0.70710678118655));
#1697=DIRECTION('ref_axis',(0.507466124617531,-0.492420686370572,-0.707106781186547));
#1698=DIRECTION('center_axis',(0.507466124617537,-0.492420686370561,0.70710678118655));
#1699=DIRECTION('ref_axis',(0.507466124617531,-0.492420686370572,-0.707106781186547));
#1700=DIRECTION('center_axis',(-0.507466124617537,0.492420686370561,-0.70710678118655));
#1701=DIRECTION('ref_axis',(0.507466124617543,-0.492420686370562,-0.707106781186545));
#1702=DIRECTION('',(-0.507466124617543,0.492420686370562,0.707106781186545));
#1703=DIRECTION('',(0.696388013058313,0.717665475879044,7.22242530994534E-15));
#1704=DIRECTION('',(0.507466124617542,-0.492420686370564,-0.707106781186545));
#1705=DIRECTION('center_axis',(0.696388013058317,0.71766547587904,0.));
#1706=DIRECTION('ref_axis',(0.71766547587904,-0.696388013058317,0.));
#1707=DIRECTION('',(0.,0.,-1.));
#1708=DIRECTION('',(0.71766547587904,-0.696388013058317,0.));
#1709=DIRECTION('center_axis',(0.,0.,1.));
#1710=DIRECTION('ref_axis',(0.0300874705373784,-0.999547269575913,0.));
#1711=DIRECTION('center_axis',(-0.507466124617539,0.492420686370559,-0.70710678118655));
#1712=DIRECTION('ref_axis',(0.507466124617543,-0.492420686370562,-0.707106781186545));
#1713=DIRECTION('center_axis',(-1.17945466030792E-32,1.14448599659633E-32,
-1.));
#1714=DIRECTION('ref_axis',(0.0300874705373784,-0.999547269575913,-1.17945466030792E-32));
#1715=DIRECTION('center_axis',(0.,0.,-1.));
#1716=DIRECTION('ref_axis',(0.0300874705373784,-0.999547269575913,-1.17945466030792E-32));
#1717=DIRECTION('center_axis',(0.,0.,1.));
#1718=DIRECTION('ref_axis',(-0.71766547587904,0.696388013058317,0.));
#1719=DIRECTION('center_axis',(0.,0.,1.));
#1720=DIRECTION('ref_axis',(-0.71766547587904,0.696388013058317,0.));
#1721=DIRECTION('',(-0.00929753971380548,0.308877092980034,-0.951056516295154));
#1722=DIRECTION('center_axis',(-0.507466124617539,0.492420686370559,-0.70710678118655));
#1723=DIRECTION('ref_axis',(0.507466124617549,-0.492420686370553,-0.707106781186547));
#1724=DIRECTION('center_axis',(-0.507466124617539,0.492420686370559,-0.70710678118655));
#1725=DIRECTION('ref_axis',(0.507466124617549,-0.492420686370553,-0.707106781186547));
#1726=DIRECTION('center_axis',(0.507466124617539,-0.492420686370559,0.70710678118655));
#1727=DIRECTION('ref_axis',(0.50746612461754,-0.492420686370565,-0.707106781186545));
#1728=DIRECTION('',(-0.507466124617542,0.492420686370564,0.707106781186545));
#1729=DIRECTION('',(0.696388013058317,0.71766547587904,-2.11962481922309E-15));
#1730=DIRECTION('center_axis',(-0.71766547587904,0.696388013058317,0.));
#1731=DIRECTION('ref_axis',(0.696388013058317,0.71766547587904,0.));
#1732=DIRECTION('',(0.,0.,-1.));
#1733=DIRECTION('',(0.696388013058317,0.71766547587904,0.));
#1734=DIRECTION('center_axis',(-0.696388013058317,-0.71766547587904,0.));
#1735=DIRECTION('ref_axis',(-0.71766547587904,0.696388013058317,0.));
#1736=DIRECTION('',(-0.71766547587904,0.696388013058317,0.));
#1737=DIRECTION('center_axis',(0.,0.,-1.));
#1738=DIRECTION('ref_axis',(-1.,0.,0.));
#1739=DIRECTION('center_axis',(-0.507466124617537,0.492420686370561,0.70710678118655));
#1740=DIRECTION('ref_axis',(-0.50746612461754,0.492420686370565,-0.707106781186545));
#1741=DIRECTION('center_axis',(-1.17945466030792E-32,1.14448599659633E-32,
1.));
#1742=DIRECTION('ref_axis',(-1.,0.,-1.17945466030792E-32));
#1743=DIRECTION('center_axis',(0.,0.,-1.));
#1744=DIRECTION('ref_axis',(-1.,-5.25673780599035E-18,-1.17945466030792E-32));
#1745=DIRECTION('center_axis',(0.,0.,1.));
#1746=DIRECTION('ref_axis',(-0.71766547587904,0.696388013058317,0.));
#1747=DIRECTION('center_axis',(0.,0.,1.));
#1748=DIRECTION('ref_axis',(-0.71766547587904,0.696388013058317,0.));
#1749=DIRECTION('',(0.309016994374947,-3.62192459873172E-17,-0.951056516295154));
#1750=DIRECTION('center_axis',(-0.507466124617537,0.492420686370561,0.70710678118655));
#1751=DIRECTION('ref_axis',(-0.507466124617532,0.492420686370572,-0.707106781186547));
#1752=DIRECTION('center_axis',(-0.507466124617537,0.492420686370561,0.70710678118655));
#1753=DIRECTION('ref_axis',(-0.507466124617532,0.492420686370572,-0.707106781186547));
#1754=DIRECTION('center_axis',(0.507466124617537,-0.492420686370561,-0.70710678118655));
#1755=DIRECTION('ref_axis',(-0.507466124617543,0.492420686370562,-0.707106781186545));
#1756=DIRECTION('',(-0.696388013058317,-0.71766547587904,2.11962481922309E-15));
#1757=DIRECTION('',(-0.507466124617542,0.492420686370564,-0.707106781186545));
#1758=DIRECTION('',(-0.696388013058317,-0.71766547587904,0.));
#1759=DIRECTION('center_axis',(0.,0.,1.));
#1760=DIRECTION('ref_axis',(-0.0300874705373784,0.999547269575913,0.));
#1761=DIRECTION('center_axis',(0.507466124617539,-0.492420686370559,-0.70710678118655));
#1762=DIRECTION('ref_axis',(-0.507466124617543,0.492420686370562,-0.707106781186545));
#1763=DIRECTION('center_axis',(1.17945466030792E-32,-1.14448599659633E-32,
-1.));
#1764=DIRECTION('ref_axis',(-0.0300874705373784,0.999547269575913,-1.17945466030792E-32));
#1765=DIRECTION('center_axis',(0.,0.,-1.));
#1766=DIRECTION('ref_axis',(-0.0300874705373784,0.999547269575913,-1.17945466030792E-32));
#1767=DIRECTION('center_axis',(0.,0.,1.));
#1768=DIRECTION('ref_axis',(-0.71766547587904,0.696388013058317,0.));
#1769=DIRECTION('center_axis',(0.,0.,1.));
#1770=DIRECTION('ref_axis',(-0.71766547587904,0.696388013058317,0.));
#1771=DIRECTION('',(0.00929753971380548,-0.308877092980034,-0.951056516295154));
#1772=DIRECTION('center_axis',(0.507466124617539,-0.492420686370559,-0.70710678118655));
#1773=DIRECTION('ref_axis',(-0.507466124617549,0.492420686370553,-0.707106781186547));
#1774=DIRECTION('center_axis',(0.507466124617539,-0.492420686370559,-0.70710678118655));
#1775=DIRECTION('ref_axis',(-0.507466124617549,0.492420686370553,-0.707106781186547));
#1776=DIRECTION('center_axis',(-0.507466124617539,0.492420686370559,0.70710678118655));
#1777=DIRECTION('ref_axis',(-0.50746612461754,0.492420686370565,-0.707106781186545));
#1778=DIRECTION('',(0.50746612461754,-0.492420686370566,0.707106781186545));
#1779=DIRECTION('',(-0.696388013058317,-0.71766547587904,0.));
#1780=DIRECTION('',(0.507466124617542,-0.492420686370564,0.707106781186545));
#1781=DIRECTION('',(-0.696388013058313,-0.717665475879044,3.06168029443335E-15));
#1782=DIRECTION('center_axis',(0.717665475879044,-0.696388013058313,0.));
#1783=DIRECTION('ref_axis',(-0.696388013058313,-0.717665475879044,0.));
#1784=DIRECTION('',(0.,0.,-1.));
#1785=DIRECTION('',(-0.696388013058313,-0.717665475879044,0.));
#1786=DIRECTION('',(0.,0.,-1.));
#1787=DIRECTION('center_axis',(0.696388013058317,0.71766547587904,0.));
#1788=DIRECTION('ref_axis',(0.71766547587904,-0.696388013058317,0.));
#1789=DIRECTION('',(0.,0.,-1.));
#1790=DIRECTION('',(0.71766547587904,-0.696388013058317,0.));
#1791=DIRECTION('center_axis',(0.,0.,1.));
#1792=DIRECTION('ref_axis',(-0.71766547587904,0.696388013058317,0.));
#1793=DIRECTION('',(0.,0.,1.));
#1794=DIRECTION('center_axis',(0.,0.,1.));
#1795=DIRECTION('ref_axis',(-0.71766547587904,0.696388013058317,0.));
#1796=DIRECTION('',(0.,0.,1.));
#1797=DIRECTION('center_axis',(0.,0.,1.));
#1798=DIRECTION('ref_axis',(-0.71766547587904,0.696388013058317,0.));
#1799=DIRECTION('',(0.,0.,1.));
#1800=DIRECTION('center_axis',(0.,0.,1.));
#1801=DIRECTION('ref_axis',(-0.71766547587904,0.696388013058317,0.));
#1802=DIRECTION('',(0.,0.,1.));
#1803=DIRECTION('center_axis',(0.,0.,-1.));
#1804=DIRECTION('ref_axis',(-0.71766547587904,0.696388013058317,0.));
#1805=DIRECTION('',(-0.696388013058314,-0.717665475879043,0.));
#1806=DIRECTION('',(-0.71766547587904,0.696388013058317,0.));
#1807=DIRECTION('',(-0.696388013058317,-0.71766547587904,0.));
#1808=DIRECTION('',(0.71766547587904,-0.696388013058317,0.));
#1809=DIRECTION('',(0.696388013058317,0.71766547587904,0.));
#1810=DIRECTION('',(0.71766547587904,-0.696388013058317,0.));
#1811=DIRECTION('',(0.696388013058317,0.71766547587904,0.));
#1812=DIRECTION('center_axis',(0.,0.,-1.));
#1813=DIRECTION('ref_axis',(-0.71766547587904,0.696388013058317,0.));
#1814=DIRECTION('',(0.717665475879065,-0.696388013058292,0.));
#1815=DIRECTION('',(-0.696388013058317,-0.717665475879041,0.));
#1816=DIRECTION('',(-0.71766547587904,0.696388013058317,0.));
#1817=DIRECTION('',(-0.696388013058317,-0.71766547587904,0.));
#1818=DIRECTION('',(0.696388013058313,0.717665475879044,0.));
#1819=DIRECTION('center_axis',(-0.696388013058317,-0.71766547587904,0.));
#1820=DIRECTION('ref_axis',(-0.71766547587904,0.696388013058317,0.));
#1821=DIRECTION('',(0.,0.,-1.));
#1822=DIRECTION('',(0.,0.,-1.));
#1823=DIRECTION('center_axis',(0.71766547587904,-0.696388013058317,0.));
#1824=DIRECTION('ref_axis',(-0.696388013058317,-0.71766547587904,0.));
#1825=DIRECTION('center_axis',(0.696388013058317,0.71766547587904,0.));
#1826=DIRECTION('ref_axis',(0.71766547587904,-0.696388013058317,0.));
#1827=DIRECTION('',(0.,0.,-1.));
#1828=DIRECTION('center_axis',(0.71766547587904,-0.696388013058317,0.));
#1829=DIRECTION('ref_axis',(-0.696388013058317,-0.71766547587904,0.));
#1830=DIRECTION('',(0.,0.,-1.));
#1831=DIRECTION('center_axis',(-0.696388013058317,-0.71766547587904,0.));
#1832=DIRECTION('ref_axis',(-0.71766547587904,0.696388013058317,0.));
#1833=DIRECTION('',(0.,0.,-1.));
#1834=DIRECTION('center_axis',(0.717665475879043,-0.696388013058314,0.));
#1835=DIRECTION('ref_axis',(-0.696388013058314,-0.717665475879043,0.));
#1836=DIRECTION('',(-4.39596543613506E-15,4.26563313749135E-15,-1.));
#1837=DIRECTION('center_axis',(-0.717665475879044,0.696388013058313,0.));
#1838=DIRECTION('ref_axis',(0.696388013058313,0.717665475879044,0.));
#1839=DIRECTION('',(0.,0.,-1.));
#1840=DIRECTION('center_axis',(-0.71766547587904,0.696388013058317,0.));
#1841=DIRECTION('ref_axis',(0.696388013058317,0.71766547587904,0.));
#1842=DIRECTION('',(0.,0.,-1.));
#1843=DIRECTION('center_axis',(0.696388013058317,0.71766547587904,0.));
#1844=DIRECTION('ref_axis',(0.71766547587904,-0.696388013058317,0.));
#1845=DIRECTION('',(0.,0.,-1.));
#1846=DIRECTION('center_axis',(-0.71766547587904,0.696388013058317,0.));
#1847=DIRECTION('ref_axis',(0.696388013058317,0.71766547587904,0.));
#1848=DIRECTION('center_axis',(0.71766547587904,-0.696388013058317,0.));
#1849=DIRECTION('ref_axis',(-0.696388013058317,-0.71766547587904,0.));
#1850=DIRECTION('',(0.,0.,-1.));
#1851=DIRECTION('center_axis',(0.696388013058317,0.71766547587904,0.));
#1852=DIRECTION('ref_axis',(0.71766547587904,-0.696388013058317,0.));
#1853=CARTESIAN_POINT('',(0.,0.,0.));
#1854=CARTESIAN_POINT('Origin',(-184.229035912307,242.561557836773,-37.1038562949652));
#1855=CARTESIAN_POINT('',(-176.884570305644,235.434842141644,-30.5538562949652));
#1856=CARTESIAN_POINT('',(-184.229035912307,242.561557836773,-36.4623601001218));
#1857=CARTESIAN_POINT('',(-170.947483377218,229.673778932665,-25.7775658761869));
#1858=CARTESIAN_POINT('',(-184.229035912307,242.561557836773,-37.1038562949652));
#1859=CARTESIAN_POINT('',(-184.229035912307,242.561557836773,-37.1038562949652));
#1860=CARTESIAN_POINT('',(-165.198552799138,224.095293583937,-37.1038562949652));
#1861=CARTESIAN_POINT('',(-184.133153726635,242.468518381745,-37.1038562949652));
#1862=CARTESIAN_POINT('',(-165.198552799138,224.095293583937,-30.5538562949652));
#1863=CARTESIAN_POINT('',(-165.198552799138,224.095293583937,-23.1183562949652));
#1864=CARTESIAN_POINT('',(-182.601940589205,240.982702900601,-30.5538562949652));
#1865=CARTESIAN_POINT('Origin',(-183.323731495331,243.494522955415,-37.1038562949652));
#1866=CARTESIAN_POINT('',(-183.323731495331,243.494522955415,-37.1038562949652));
#1867=CARTESIAN_POINT('',(-198.47017077935,227.885298855046,-37.1038562949652));
#1868=CARTESIAN_POINT('',(-184.229035912307,242.561557836773,-30.5538562949652));
#1869=CARTESIAN_POINT('',(-184.229035912307,242.561557836773,-30.0871062949652));
#1870=CARTESIAN_POINT('',(-183.323731495331,243.494522955415,-30.5538562949652));
#1871=CARTESIAN_POINT('',(-183.323731495331,243.494522955415,-30.5538562949652));
#1872=CARTESIAN_POINT('',(-183.323731495332,243.494522955415,-23.1183562949652));
#1873=CARTESIAN_POINT('Origin',(-173.564754134177,233.810194779101,-30.5538562949652));
#1874=CARTESIAN_POINT('',(-176.89328828348,235.443301647454,-30.5538562949652));
#1875=CARTESIAN_POINT('',(-162.900472356046,226.463589654337,-30.5538562949652));
#1876=CARTESIAN_POINT('',(-166.784253770113,222.461143052053,-30.5538562949652));
#1877=CARTESIAN_POINT('',(-180.483276515082,243.525095974266,-30.5538562949652));
#1878=CARTESIAN_POINT('',(-162.900472356046,226.463589654337,-30.5538562949652));
#1879=CARTESIAN_POINT('',(-181.876052541199,242.089765022508,-30.5538562949652));
#1880=CARTESIAN_POINT('',(-181.233311870387,242.752144013438,-30.5538562949652));
#1881=CARTESIAN_POINT('',(-177.577047810956,237.918217884122,-30.5538562949652));
#1882=CARTESIAN_POINT('Origin',(-179.423812700301,237.898800664551,-23.0703562949652));
#1883=CARTESIAN_POINT('',(-185.026436894891,243.335317345257,-37.1038562949652));
#1884=CARTESIAN_POINT('',(-170.947483377218,229.673778932665,-25.7775658761869));
#1885=CARTESIAN_POINT('',(-187.800405367044,246.027042748716,-37.1038562949652));
#1886=CARTESIAN_POINT('',(-181.730542120632,240.137139795634,-37.1038562949652));
#1887=CARTESIAN_POINT('',(-193.027653425008,251.099312505582,-24.4881467137436));
#1888=CARTESIAN_POINT('',(-187.106913249006,245.354111397851,-38.7775658761869));
#1889=CARTESIAN_POINT('',(-176.86822355322,235.418980040396,-11.4881467137435));
#1890=CARTESIAN_POINT('',(-193.027653425008,251.099312505582,-24.4881467137436));
#1891=CARTESIAN_POINT('',(-170.947483377218,229.673778932665,-25.7775658761869));
#1892=CARTESIAN_POINT('Origin',(-173.907853465219,232.54637948653,-18.6328562949652));
#1893=CARTESIAN_POINT('',(-170.947483377218,229.673778932665,-25.7775658761869));
#1894=CARTESIAN_POINT('',(-171.810235164554,230.510951714607,-16.9453562949652));
#1895=CARTESIAN_POINT('Origin',(-173.907853465219,232.54637948653,-18.6328562949652));
#1896=CARTESIAN_POINT('Origin',(-180.483276515082,243.525095974266,-9.13285629496522));
#1897=CARTESIAN_POINT('',(-180.483276515082,243.525095974266,-20.7328562949652));
#1898=CARTESIAN_POINT('',(-180.483276515082,243.525095974266,-9.13285629496522));
#1899=CARTESIAN_POINT('',(-181.876052541199,242.089765022508,-20.7328562949652));
#1900=CARTESIAN_POINT('',(-181.701955537934,242.269181391478,-20.7328562949652));
#1901=CARTESIAN_POINT('',(-181.876052541199,242.089765022508,-9.13285629496522));
#1902=CARTESIAN_POINT('Origin',(-187.106913249006,245.354111397851,-38.7775658761869));
#1903=CARTESIAN_POINT('',(-191.370531693852,236.797384859999,-37.1038562949652));
#1904=CARTESIAN_POINT('',(-199.720223970422,228.192575804209,-37.1038562949652));
#1905=CARTESIAN_POINT('',(-177.291578176179,223.135846447407,-25.7775658761869));
#1906=CARTESIAN_POINT('',(-170.947483377218,229.673778932665,-25.7775658761869));
#1907=CARTESIAN_POINT('',(-177.291578176179,223.135846447407,-25.7775658761869));
#1908=CARTESIAN_POINT('Origin',(-193.027653425008,251.099312505582,-24.4881467137436));
#1909=CARTESIAN_POINT('',(-194.144500166005,239.489110263458,-37.1038562949652));
#1910=CARTESIAN_POINT('',(-202.494192442575,230.884301207668,-37.1038562949652));
#1911=CARTESIAN_POINT('',(-199.371748223969,244.561380020324,-24.4881467137436));
#1912=CARTESIAN_POINT('',(-193.451008047967,238.816178912593,-38.7775658761869));
#1913=CARTESIAN_POINT('',(-193.027653425008,251.099312505582,-24.4881467137436));
#1914=CARTESIAN_POINT('Origin',(-176.86822355322,235.418980040396,-11.4881467137436));
#1915=CARTESIAN_POINT('',(-183.212318352182,228.881047555138,-11.4881467137435));
#1916=CARTESIAN_POINT('',(-199.371748223969,244.561380020324,-24.4881467137436));
#1917=CARTESIAN_POINT('',(-176.86822355322,235.418980040396,-11.4881467137435));
#1918=CARTESIAN_POINT('Origin',(-173.907853465219,232.54637948653,-18.6328562949652));
#1919=CARTESIAN_POINT('Origin',(-180.25194826418,226.008447001272,-18.6328562949652));
#1920=CARTESIAN_POINT('Origin',(-185.767907499262,231.360868179293,-23.0703562949652));
#1921=CARTESIAN_POINT('',(-188.074636919593,233.599207310376,-37.1038562949652));
#1922=CARTESIAN_POINT('Origin',(-173.907853465219,232.54637948653,-18.6328562949652));
#1923=CARTESIAN_POINT('',(-164.846355033971,237.687606473398,-16.9453562949652));
#1924=CARTESIAN_POINT('Origin',(-166.943973334636,239.723034245321,-18.6328562949652));
#1925=CARTESIAN_POINT('',(-171.810235164554,230.510951714607,-16.9453562949652));
#1926=CARTESIAN_POINT('Origin',(-166.943973334636,239.723034245321,-18.6328562949652));
#1927=CARTESIAN_POINT('Origin',(-212.484361633387,260.446590599331,-9.13285629496522));
#1928=CARTESIAN_POINT('',(-212.484361633387,260.446590599331,-9.13285629496522));
#1929=CARTESIAN_POINT('',(-213.919692585145,261.839366625448,-9.13285629496522));
#1930=CARTESIAN_POINT('',(-211.946112526478,259.924299589538,-9.13285629496522));
#1931=CARTESIAN_POINT('',(-212.484361633387,260.446590599331,-14.1328562949652));
#1932=CARTESIAN_POINT('',(-212.484361633387,260.446590599331,-9.13285629496522));
#1933=CARTESIAN_POINT('',(-213.919692585145,261.839366625448,-14.1328562949652));
#1934=CARTESIAN_POINT('',(-212.484361633387,260.446590599331,-14.1328562949652));
#1935=CARTESIAN_POINT('',(-213.919692585145,261.839366625448,-9.13285629496522));
#1936=CARTESIAN_POINT('Origin',(-263.070231450672,211.187080538947,-9.13285629496522));
#1937=CARTESIAN_POINT('',(-263.070231450672,211.187080538947,-9.13285629496522));
#1938=CARTESIAN_POINT('',(-261.634900498914,209.79430451283,-9.13285629496522));
#1939=CARTESIAN_POINT('',(-261.814316867884,209.968401516095,-9.13285629496522));
#1940=CARTESIAN_POINT('',(-263.070231450672,211.187080538947,-14.1328562949652));
#1941=CARTESIAN_POINT('',(-263.070231450672,211.187080538947,-9.13285629496522));
#1942=CARTESIAN_POINT('',(-261.634900498914,209.79430451283,-14.1328562949652));
#1943=CARTESIAN_POINT('',(-263.070231450672,211.187080538947,-14.1328562949652));
#1944=CARTESIAN_POINT('',(-261.634900498914,209.79430451283,-9.13285629496522));
#1945=CARTESIAN_POINT('Origin',(-163.683109273612,213.092205711366,-9.13285629496522));
#1946=CARTESIAN_POINT('',(-163.683109273612,213.092205711366,-9.13285629496522));
#1947=CARTESIAN_POINT('',(-165.11844022537,214.484981737482,-9.13285629496522));
#1948=CARTESIAN_POINT('',(-187.54548634659,236.247107145555,-9.13285629496522));
#1949=CARTESIAN_POINT('',(-163.683109273612,213.092205711366,-14.1328562949652));
#1950=CARTESIAN_POINT('',(-163.683109273612,213.092205711366,-9.13285629496522));
#1951=CARTESIAN_POINT('',(-165.11844022537,214.484981737482,-14.1328562949652));
#1952=CARTESIAN_POINT('',(-165.11844022537,214.484981737482,-14.1328562949652));
#1953=CARTESIAN_POINT('',(-165.11844022537,214.484981737482,-9.13285629496522));
#1954=CARTESIAN_POINT('Origin',(-214.518501891615,163.575548922201,-9.13285629496522));
#1955=CARTESIAN_POINT('',(-214.518501891615,163.575548922201,-9.13285629496522));
#1956=CARTESIAN_POINT('',(-213.083170939857,162.182772896085,-9.13285629496522));
#1957=CARTESIAN_POINT('',(-237.663213488714,186.034062343332,-9.13285629496522));
#1958=CARTESIAN_POINT('',(-214.518501891615,163.575548922201,-14.1328562949652));
#1959=CARTESIAN_POINT('',(-214.518501891615,163.575548922201,-9.13285629496522));
#1960=CARTESIAN_POINT('',(-213.083170939857,162.182772896085,-14.1328562949652));
#1961=CARTESIAN_POINT('',(-214.518501891615,163.575548922201,-14.1328562949652));
#1962=CARTESIAN_POINT('',(-213.083170939857,162.182772896085,-9.13285629496522));
#1963=CARTESIAN_POINT('Origin',(-257.502310541508,204.001294314553,-9.13285629496522));
#1964=CARTESIAN_POINT('',(-257.502310541508,204.001294314553,-14.1328562949652));
#1965=CARTESIAN_POINT('',(-262.377026632916,198.9776359834,-14.1328562949652));
#1966=CARTESIAN_POINT('',(-258.472639123593,203.001318280268,-14.1328562949652));
#1967=CARTESIAN_POINT('',(-262.377026632916,198.9776359834,-37.1038562949652));
#1968=CARTESIAN_POINT('',(-262.377026632916,198.9776359834,-9.13285629496522));
#1969=CARTESIAN_POINT('',(-257.502310541508,204.001294314553,-37.1038562949652));
#1970=CARTESIAN_POINT('',(-244.793229303193,217.098689249346,-37.1038562949652));
#1971=CARTESIAN_POINT('',(-257.502310541508,204.001294314553,-9.13285629496522));
#1972=CARTESIAN_POINT('Origin',(-262.869132777039,196.668338356883,-9.13285629496522));
#1973=CARTESIAN_POINT('',(-261.476356750922,198.103669308641,-14.1328562949652));
#1974=CARTESIAN_POINT('',(-262.869132777039,196.668338356883,-14.1328562949652));
#1975=CARTESIAN_POINT('',(-260.705715300362,198.897856964054,-14.1328562949652));
#1976=CARTESIAN_POINT('',(-262.869132777039,196.668338356883,-24.3828562949652));
#1977=CARTESIAN_POINT('',(-262.869132777039,196.668338356883,-9.13285629496522));
#1978=CARTESIAN_POINT('',(-261.476356750922,198.103669308641,-24.3828562949652));
#1979=CARTESIAN_POINT('',(-262.335035925009,197.218754022129,-24.3828562949652));
#1980=CARTESIAN_POINT('',(-261.476356750922,198.103669308641,-9.13285629496522));
#1981=CARTESIAN_POINT('Origin',(-206.783011633764,264.168168242879,-9.13285629496522));
#1982=CARTESIAN_POINT('',(-265.354075850536,208.83345548032,-9.13285629496522));
#1983=CARTESIAN_POINT('',(-267.400684964069,203.852352074808,-9.13285629496522));
#1984=CARTESIAN_POINT('Origin',(-211.732198845045,264.093697123006,-9.13285629496522));
#1985=CARTESIAN_POINT('',(-206.857482753637,269.117355454159,-14.1328562949652));
#1986=CARTESIAN_POINT('',(-211.567128307135,264.263811231695,-14.1328562949652));
#1987=CARTESIAN_POINT('',(-206.857482753637,269.117355454159,-17.1328562949652));
#1988=CARTESIAN_POINT('',(-206.857482753637,269.117355454159,-9.13285629496522));
#1989=CARTESIAN_POINT('',(-211.732198845045,264.093697123006,-17.1328562949652));
#1990=CARTESIAN_POINT('',(-211.732198845045,264.093697123006,-17.1328562949652));
#1991=CARTESIAN_POINT('',(-211.732198845045,264.093697123006,-38.9038562949652));
#1992=CARTESIAN_POINT('',(-211.732198845045,264.093697123006,-9.13285629496522));
#1993=CARTESIAN_POINT('',(-265.354075850536,208.83345548032,-38.9038562949652));
#1994=CARTESIAN_POINT('',(-265.354075850536,208.83345548032,-38.9038562949652));
#1995=CARTESIAN_POINT('',(-265.354075850536,208.83345548032,-17.1328562949652));
#1996=CARTESIAN_POINT('',(-265.354075850536,208.83345548032,-9.13285629496522));
#1997=CARTESIAN_POINT('',(-270.228791941944,203.809797149167,-17.1328562949652));
#1998=CARTESIAN_POINT('',(-265.354075850536,208.83345548032,-17.1328562949652));
#1999=CARTESIAN_POINT('',(-270.228791941944,203.809797149167,-14.1328562949652));
#2000=CARTESIAN_POINT('',(-270.228791941944,203.809797149167,-9.13285629496522));
#2001=CARTESIAN_POINT('',(-238.817077916818,236.181265743257,-14.1328562949652));
#2002=CARTESIAN_POINT('Origin',(-162.888391559629,213.911205257166,-9.13285629496522));
#2003=CARTESIAN_POINT('',(-164.323722511387,215.303981283282,-14.1328562949652));
#2004=CARTESIAN_POINT('',(-169.167964473571,220.004600371426,-14.1328562949652));
#2005=CARTESIAN_POINT('',(-164.983629189164,215.944322940484,-14.1328562949652));
#2006=CARTESIAN_POINT('',(-169.167964473571,220.004600371426,-37.1038562949652));
#2007=CARTESIAN_POINT('',(-169.167964473571,220.004600371426,-9.13285629496522));
#2008=CARTESIAN_POINT('',(-164.323722511387,215.303981283282,-37.1038562949652));
#2009=CARTESIAN_POINT('',(-175.447537387512,226.097995485686,-37.1038562949652));
#2010=CARTESIAN_POINT('',(-164.323722511387,215.303981283282,-9.13285629496522));
#2011=CARTESIAN_POINT('Origin',(-169.167964473571,220.004600371426,-9.13285629496522));
#2012=CARTESIAN_POINT('',(-181.877045711885,206.907205436634,-37.1038562949652));
#2013=CARTESIAN_POINT('',(-162.900472356046,226.463589654337,-14.1328562949652));
#2014=CARTESIAN_POINT('',(-168.294426065992,220.90482890095,-14.1328562949652));
#2015=CARTESIAN_POINT('',(-162.900472356046,226.463589654337,-9.13285629496522));
#2016=CARTESIAN_POINT('Origin',(-262.377026632916,198.9776359834,-9.13285629496522));
#2017=CARTESIAN_POINT('',(-263.369639378087,199.940819584366,-14.1328562949652));
#2018=CARTESIAN_POINT('',(-225.893263010525,163.575548922201,-24.3828562949652));
#2019=CARTESIAN_POINT('',(-253.03091825682,189.90862254941,-24.3828562949652));
#2020=CARTESIAN_POINT('',(-225.893263010525,163.575548922201,-14.1328562949652));
#2021=CARTESIAN_POINT('',(-225.893263010525,163.575548922201,-9.13285629496522));
#2022=CARTESIAN_POINT('',(-225.058421887206,162.765459304367,-14.1328562949652));
#2023=CARTESIAN_POINT('',(-242.736929499782,179.91983164627,-14.1328562949652));
#2024=CARTESIAN_POINT('',(-225.058421887206,162.765459304367,-37.1038562949652));
#2025=CARTESIAN_POINT('',(-225.058421887206,162.765459304367,-9.13285629496522));
#2026=CARTESIAN_POINT('',(-253.047375446488,189.924591813642,-37.1038562949652));
#2027=CARTESIAN_POINT('Origin',(-225.015866961564,159.937352326493,-9.13285629496522));
#2028=CARTESIAN_POINT('',(-245.38544755547,179.703012280033,-14.1328562949652));
#2029=CARTESIAN_POINT('',(-265.205133610791,198.935081057758,-24.1328562949652));
#2030=CARTESIAN_POINT('',(-265.205133610791,198.935081057758,-24.1328562949652));
#2031=CARTESIAN_POINT('',(-265.205133610791,198.935081057758,-38.9038562949652));
#2032=CARTESIAN_POINT('',(-265.205133610791,198.935081057758,-9.13285629496522));
#2033=CARTESIAN_POINT('',(-225.015866961564,159.937352326493,-38.9038562949652));
#2034=CARTESIAN_POINT('',(-225.015866961564,159.937352326493,-38.9038562949652));
#2035=CARTESIAN_POINT('',(-225.015866961564,159.937352326493,-24.1328562949652));
#2036=CARTESIAN_POINT('',(-225.015866961564,159.937352326493,-9.13285629496522));
#2037=CARTESIAN_POINT('',(-219.992208630411,155.062636235084,-17.1328562949652));
#2038=CARTESIAN_POINT('',(-225.015866961564,159.937352326493,-24.1328562949652));
#2039=CARTESIAN_POINT('',(-219.992208630411,155.062636235084,-14.1328562949652));
#2040=CARTESIAN_POINT('',(-219.992208630411,155.062636235084,-9.13285629496522));
#2041=CARTESIAN_POINT('',(-227.286039036641,162.140217970443,-14.1328562949652));
#2042=CARTESIAN_POINT('',(-224.752737677164,159.682024341938,-14.1328562949652));
#2043=CARTESIAN_POINT('',(-227.286039036641,162.140217970443,-24.3828562949652));
#2044=CARTESIAN_POINT('',(-227.286039036641,162.140217970443,-9.13285629496522));
#2045=CARTESIAN_POINT('',(-235.046726434202,169.670815245078,-24.3828562949652));
#2046=CARTESIAN_POINT('Origin',(-181.696636172229,241.915668019243,-9.13285629496522));
#2047=CARTESIAN_POINT('',(-201.791269496842,261.414532384876,-20.7328562949652));
#2048=CARTESIAN_POINT('',(-193.717532893203,253.58016723797,-20.7328562949652));
#2049=CARTESIAN_POINT('',(-201.791269496842,261.414532384876,-37.1038562949652));
#2050=CARTESIAN_POINT('',(-201.791269496842,261.414532384876,-9.13285629496522));
#2051=CARTESIAN_POINT('',(-182.414301648108,242.612056032302,-37.1038562949652));
#2052=CARTESIAN_POINT('Origin',(-220.066679750284,160.011823446365,-14.1328562949652));
#2053=CARTESIAN_POINT('',(-186.154052334,189.934684699393,-14.1328562949652));
#2054=CARTESIAN_POINT('',(-215.160047464644,162.914401544112,-14.1328562949652));
#2055=CARTESIAN_POINT('',(-216.141291821149,161.903176214469,-14.1328562949652));
#2056=CARTESIAN_POINT('',(-220.183705795798,167.789117635521,-14.1328562949652));
#2057=CARTESIAN_POINT('',(-219.202911035518,166.837401637907,-14.1328562949652));
#2058=CARTESIAN_POINT('',(-223.602308198007,164.2660631403,-14.1328562949652));
#2059=CARTESIAN_POINT('',(-224.065343630326,165.459318612748,-14.1328562949652));
#2060=CARTESIAN_POINT('',(-218.882531715083,158.862783224819,-14.1328562949652));
#2061=CARTESIAN_POINT('Origin',(-220.066679750284,160.011823446365,-14.1328562949652));
#2062=CARTESIAN_POINT('Origin',(-265.279604730663,203.884268269039,-14.1328562949652));
#2063=CARTESIAN_POINT('',(-262.525968872661,208.876010405961,-14.1328562949652));
#2064=CARTESIAN_POINT('',(-261.006752452255,207.401835961223,-14.1328562949652));
#2065=CARTESIAN_POINT('',(-238.078134978118,234.070824241261,-14.1328562949652));
#2066=CARTESIAN_POINT('',(-264.095456695463,202.735228047493,-14.1328562949652));
#2067=CARTESIAN_POINT('Origin',(-265.279604730663,203.884268269039,-14.1328562949652));
#2068=CARTESIAN_POINT('Origin',(-161.570086653385,220.295723420205,-14.1328562949652));
#2069=CARTESIAN_POINT('',(-156.620899442104,220.370194540077,-14.1328562949652));
#2070=CARTESIAN_POINT('',(-183.834428727406,246.776892680437,-14.1328562949652));
#2071=CARTESIAN_POINT('',(-188.868346580437,190.009419943222,-14.1328562949652));
#2072=CARTESIAN_POINT('',(-158.881107093288,218.040928428146,-14.1328562949652));
#2073=CARTESIAN_POINT('',(-160.385938618184,219.146683198658,-14.1328562949652));
#2074=CARTESIAN_POINT('Origin',(-161.570086653385,220.295723420205,-14.1328562949652));
#2075=CARTESIAN_POINT('Origin',(-206.783011633765,264.168168242879,-14.1328562949652));
#2076=CARTESIAN_POINT('',(-200.398493470725,262.849863336634,-14.1328562949652));
#2077=CARTESIAN_POINT('',(-204.736000382992,267.058771138086,-14.1328562949652));
#2078=CARTESIAN_POINT('',(-211.689643919404,261.265590145131,-14.1328562949652));
#2079=CARTESIAN_POINT('',(-210.828185368435,262.153369729699,-14.1328562949652));
#2080=CARTESIAN_POINT('',(-206.665985588251,256.390874053723,-14.1328562949652));
#2081=CARTESIAN_POINT('',(-207.773997859061,257.466035796413,-14.1328562949652));
#2082=CARTESIAN_POINT('',(-203.367168991578,259.790482803867,-14.1328562949652));
#2083=CARTESIAN_POINT('',(-205.598863598564,263.019128021332,-14.1328562949652));
#2084=CARTESIAN_POINT('Origin',(-206.783011633764,264.168168242879,-14.1328562949652));
#2085=CARTESIAN_POINT('Origin',(-206.783011633764,264.168168242879,-9.13285629496522));
#2086=CARTESIAN_POINT('',(-158.056230393862,221.762970566194,-9.13285629496522));
#2087=CARTESIAN_POINT('',(-161.495615533512,215.346536208924,-9.13285629496522));
#2088=CARTESIAN_POINT('Origin',(-200.398493470726,262.849863336634,-20.7328562949652));
#2089=CARTESIAN_POINT('',(-200.398493470726,262.849863336634,-20.7328562949652));
#2090=CARTESIAN_POINT('',(-205.601568170849,267.898676431307,-20.7328562949652));
#2091=CARTESIAN_POINT('',(-200.398493470726,262.849863336634,-20.7328562949652));
#2092=CARTESIAN_POINT('Origin',(-244.009392202781,180.505109494156,-24.3828562949652));
#2093=CARTESIAN_POINT('',(-225.683748480554,163.791464966182,-24.3828562949652));
#2094=CARTESIAN_POINT('Origin',(-225.149651628524,164.341880631429,-9.13285629496522));
#2095=CARTESIAN_POINT('Origin',(-206.783011633764,264.168168242879,-22.3248562949652));
#2096=CARTESIAN_POINT('',(-207.571680783804,260.925722108636,-22.3248562949652));
#2097=CARTESIAN_POINT('',(-203.565762513351,265.054037340932,-22.3248562949652));
#2098=CARTESIAN_POINT('Origin',(-206.783011633764,264.168168242879,-20.6328562949652));
#2099=CARTESIAN_POINT('Origin',(-206.783011633764,264.168168242879,-22.3248562949652));
#2100=CARTESIAN_POINT('Origin',(-206.783011633764,264.168168242879,-17.1328562949652));
#2101=CARTESIAN_POINT('',(-208.433011633764,264.168168242879,-17.1328562949652));
#2102=CARTESIAN_POINT('',(-205.598863598564,263.019128021332,-17.1328562949652));
#2103=CARTESIAN_POINT('Origin',(-206.783011633764,264.168168242879,-17.1328562949652));
#2104=CARTESIAN_POINT('Origin',(-206.783011633764,264.168168242879,-17.1328562949652));
#2105=CARTESIAN_POINT('',(-209.043193189356,264.168168242879,-19.0108020232984));
#2106=CARTESIAN_POINT('',(-208.433011633764,264.168168242879,-17.1328562949652));
#2107=CARTESIAN_POINT('Origin',(-206.05636346478,263.463063857062,-21.6453728411943));
#2108=CARTESIAN_POINT('Origin',(-206.05636346478,263.463063857062,-21.6453728411943));
#2109=CARTESIAN_POINT('Origin',(-206.857482753637,269.117355454159,-17.1328562949652));
#2110=CARTESIAN_POINT('',(-201.833824422484,264.242639362751,-24.1328562949652));
#2111=CARTESIAN_POINT('',(-201.833824422484,264.242639362751,-24.1328562949652));
#2112=CARTESIAN_POINT('',(-206.708540513892,259.218981031598,-24.1328562949652));
#2113=CARTESIAN_POINT('',(-204.271182468188,261.730810197174,-24.1328562949653));
#2114=CARTESIAN_POINT('',(-212.270447951955,264.6159881328,-16.3828562949653));
#2115=CARTESIAN_POINT('Origin',(-211.732198845045,264.093697123006,-9.13285629496522));
#2116=CARTESIAN_POINT('',(-206.708540513892,259.218981031598,-38.9038562949652));
#2117=CARTESIAN_POINT('',(-206.708540513892,259.218981031598,-9.13285629496522));
#2118=CARTESIAN_POINT('',(-211.732198845045,264.093697123006,-38.9038562949652));
#2119=CARTESIAN_POINT('Origin',(-265.279604730663,203.884268269039,-22.3248562949652));
#2120=CARTESIAN_POINT('',(-262.062355610249,204.770137367093,-22.3248562949652));
#2121=CARTESIAN_POINT('',(-266.068273880702,200.641822134796,-22.3248562949652));
#2122=CARTESIAN_POINT('Origin',(-265.279604730663,203.884268269039,-20.6328562949652));
#2123=CARTESIAN_POINT('Origin',(-265.279604730663,203.884268269039,-22.3248562949652));
#2124=CARTESIAN_POINT('Origin',(-265.279604730663,203.884268269039,-17.1328562949652));
#2125=CARTESIAN_POINT('',(-265.32924905705,205.533521263839,-17.1328562949652));
#2126=CARTESIAN_POINT('',(-264.095456695463,202.735228047493,-17.1328562949652));
#2127=CARTESIAN_POINT('Origin',(-265.279604730663,203.884268269039,-17.1328562949652));
#2128=CARTESIAN_POINT('Origin',(-265.279604730663,203.884268269039,-17.1328562949652));
#2129=CARTESIAN_POINT('',(-265.347607876626,206.143426571677,-19.0108020232984));
#2130=CARTESIAN_POINT('',(-265.32924905705,205.533521263839,-17.1328562949652));
#2131=CARTESIAN_POINT('Origin',(-264.552956561678,203.179163883222,-21.6453728411943));
#2132=CARTESIAN_POINT('Origin',(-264.552956561678,203.179163883222,-21.6453728411943));
#2133=CARTESIAN_POINT('Origin',(-270.228791941944,203.809797149167,-17.1328562949652));
#2134=CARTESIAN_POINT('',(-260.330417519382,203.958739388912,-24.1328562949652));
#2135=CARTESIAN_POINT('',(-264.636410374657,208.137067467262,-18.1328562949653));
#2136=CARTESIAN_POINT('',(-265.205133610791,198.935081057758,-24.1328562949653));
#2137=CARTESIAN_POINT('Origin',(-265.205133610791,198.935081057758,-9.13285629496522));
#2138=CARTESIAN_POINT('',(-260.330417519382,203.958739388912,-38.9038562949652));
#2139=CARTESIAN_POINT('',(-260.330417519382,203.958739388912,-9.13285629496522));
#2140=CARTESIAN_POINT('',(-265.205133610791,198.935081057758,-38.9038562949652));
#2141=CARTESIAN_POINT('Origin',(-260.330417519382,203.958739388912,-9.13285629496522));
#2142=CARTESIAN_POINT('',(-260.330417519382,203.958739388912,-38.9038562949652));
#2143=CARTESIAN_POINT('Origin',(-220.066679750284,160.011823446365,-22.3248562949652));
#2144=CARTESIAN_POINT('',(-219.278010600245,163.254269580608,-22.3248562949652));
#2145=CARTESIAN_POINT('',(-223.283928870697,159.125954348312,-22.3248562949652));
#2146=CARTESIAN_POINT('Origin',(-220.066679750284,160.011823446365,-20.6328562949652));
#2147=CARTESIAN_POINT('Origin',(-220.066679750284,160.011823446365,-22.3248562949652));
#2148=CARTESIAN_POINT('Origin',(-220.066679750284,160.011823446365,-17.1328562949652));
#2149=CARTESIAN_POINT('',(-218.416679750284,160.011823446365,-17.1328562949652));
#2150=CARTESIAN_POINT('',(-218.882531715083,158.862783224819,-17.1328562949652));
#2151=CARTESIAN_POINT('Origin',(-220.066679750284,160.011823446365,-17.1328562949652));
#2152=CARTESIAN_POINT('Origin',(-220.066679750284,160.011823446365,-17.1328562949652));
#2153=CARTESIAN_POINT('',(-217.806498194692,160.011823446365,-19.0108020232984));
#2154=CARTESIAN_POINT('',(-218.416679750284,160.011823446365,-17.1328562949652));
#2155=CARTESIAN_POINT('Origin',(-220.793327919269,160.716927832182,-21.6453728411943));
#2156=CARTESIAN_POINT('Origin',(-220.793327919269,160.716927832182,-21.6453728411943));
#2157=CARTESIAN_POINT('Origin',(-219.992208630411,155.062636235084,-17.1328562949652));
#2158=CARTESIAN_POINT('',(-220.141150870156,164.961010657646,-24.1328562949652));
#2159=CARTESIAN_POINT('',(-222.57850891586,162.449181492069,-24.1328562949651));
#2160=CARTESIAN_POINT('',(-215.117492539003,160.086294566238,-17.1328562949652));
#2161=CARTESIAN_POINT('',(-214.579243432094,159.564003556444,-16.3828562949652));
#2162=CARTESIAN_POINT('',(-215.117492539003,160.086294566238,-17.1328562949652));
#2163=CARTESIAN_POINT('Origin',(-161.570086653385,220.295723420205,-22.3248562949652));
#2164=CARTESIAN_POINT('',(-164.787335773799,219.409854322151,-22.3248562949652));
#2165=CARTESIAN_POINT('',(-160.781417503346,223.538169554447,-22.3248562949652));
#2166=CARTESIAN_POINT('Origin',(-161.570086653385,220.295723420205,-20.6328562949652));
#2167=CARTESIAN_POINT('Origin',(-161.570086653385,220.295723420205,-22.3248562949652));
#2168=CARTESIAN_POINT('Origin',(-161.570086653385,220.295723420205,-17.1328562949652));
#2169=CARTESIAN_POINT('',(-161.520442326998,218.646470425404,-17.1328562949652));
#2170=CARTESIAN_POINT('',(-160.385938618184,219.146683198658,-17.1328562949652));
#2171=CARTESIAN_POINT('Origin',(-161.570086653385,220.295723420205,-17.1328562949652));
#2172=CARTESIAN_POINT('Origin',(-161.570086653385,220.295723420205,-17.1328562949652));
#2173=CARTESIAN_POINT('',(-161.502083507422,218.036565117567,-19.0108020232984));
#2174=CARTESIAN_POINT('',(-161.520442326998,218.646470425404,-17.1328562949652));
#2175=CARTESIAN_POINT('Origin',(-162.29673482237,221.000827806022,-21.6453728411943));
#2176=CARTESIAN_POINT('Origin',(-162.29673482237,221.000827806022,-21.6453728411943));
#2177=CARTESIAN_POINT('Origin',(-156.620899442104,220.370194540077,-17.1328562949652));
#2178=CARTESIAN_POINT('',(-161.644557773257,225.244910631485,-24.1328562949652));
#2179=CARTESIAN_POINT('',(-156.620899442104,220.370194540077,-17.1328562949652));
#2180=CARTESIAN_POINT('',(-161.644557773257,225.244910631485,-24.1328562949652));
#2181=CARTESIAN_POINT('',(-161.495615533512,215.346536208924,-17.1328562949652));
#2182=CARTESIAN_POINT('',(-161.495615533512,215.346536208924,-17.1328562949652));
#2183=CARTESIAN_POINT('',(-166.519273864666,220.221252300332,-24.1328562949652));
#2184=CARTESIAN_POINT('',(-162.213281009391,216.042924221982,-18.1328562949652));
#2185=CARTESIAN_POINT('',(-161.644557773258,225.244910631485,-24.1328562949653));
#2186=CARTESIAN_POINT('Origin',(-161.644557773257,225.244910631485,-9.13285629496522));
#2187=CARTESIAN_POINT('',(-166.519273864666,220.221252300332,-38.9038562949652));
#2188=CARTESIAN_POINT('',(-166.519273864666,220.221252300332,-9.13285629496522));
#2189=CARTESIAN_POINT('',(-161.644557773257,225.244910631485,-38.9038562949652));
#2190=CARTESIAN_POINT('',(-161.644557773257,225.244910631485,-38.9038562949652));
#2191=CARTESIAN_POINT('',(-161.644557773257,225.244910631485,-9.13285629496522));
#2192=CARTESIAN_POINT('Origin',(-166.519273864666,220.221252300332,-9.13285629496522));
#2193=CARTESIAN_POINT('',(-161.495615533512,215.346536208924,-38.9038562949652));
#2194=CARTESIAN_POINT('',(-161.495615533512,215.346536208924,-9.13285629496522));
#2195=CARTESIAN_POINT('',(-166.519273864666,220.221252300332,-38.9038562949652));
#2196=CARTESIAN_POINT('Origin',(-220.066679750284,160.011823446365,-10.1328562949652));
#2197=CARTESIAN_POINT('',(-218.882531715083,158.862783224819,-10.1328562949652));
#2198=CARTESIAN_POINT('Origin',(-206.783011633764,264.168168242879,-10.1328562949652));
#2199=CARTESIAN_POINT('',(-205.598863598564,263.019128021332,-10.1328562949652));
#2200=CARTESIAN_POINT('Origin',(-161.570086653385,220.295723420205,-10.1328562949652));
#2201=CARTESIAN_POINT('',(-160.385938618184,219.146683198658,-10.1328562949652));
#2202=CARTESIAN_POINT('Origin',(-265.279604730663,203.884268269039,-10.1328562949652));
#2203=CARTESIAN_POINT('',(-264.095456695463,202.735228047493,-10.1328562949652));
#2204=CARTESIAN_POINT('Origin',(-213.424845692024,212.089995844622,-37.1038562949652));
#2205=CARTESIAN_POINT('',(-206.665985588251,256.390874053723,-37.1038562949652));
#2206=CARTESIAN_POINT('',(-216.937708780861,245.805308284507,-37.1038562949652));
#2207=CARTESIAN_POINT('',(-211.689643919404,261.265590145131,-37.1038562949652));
#2208=CARTESIAN_POINT('',(-197.336334401823,247.337829883965,-37.1038562949652));
#2209=CARTESIAN_POINT('',(-262.525968872661,208.876010405961,-37.1038562949652));
#2210=CARTESIAN_POINT('',(-224.398725157718,248.168195210339,-37.1038562949652));
#2211=CARTESIAN_POINT('',(-250.684488520657,197.385608190499,-37.1038562949652));
#2212=CARTESIAN_POINT('',(-220.183705795798,167.789117635521,-37.1038562949652));
#2213=CARTESIAN_POINT('',(-209.911982603187,178.374683404736,-37.1038562949652));
#2214=CARTESIAN_POINT('',(-215.160047464644,162.914401544112,-37.1038562949652));
#2215=CARTESIAN_POINT('',(-229.513356982225,176.842161805279,-37.1038562949652));
#2216=CARTESIAN_POINT('',(-202.45096622633,176.011796478905,-37.1038562949652));
#2217=CARTESIAN_POINT('Origin',(-213.424845692024,212.089995844622,-38.9038562949652));
#2218=CARTESIAN_POINT('',(-201.833824422484,264.242639362751,-38.9038562949652));
#2219=CARTESIAN_POINT('',(-163.079888725016,226.637686657602,-38.9038562949652));
#2220=CARTESIAN_POINT('',(-215.117492539003,160.086294566238,-38.9038562949652));
#2221=CARTESIAN_POINT('',(-161.495615533512,215.346536208924,-38.9038562949652));
#2222=CARTESIAN_POINT('',(-220.141150870156,164.961010657646,-38.9038562949652));
#2223=CARTESIAN_POINT('',(-215.117492539003,160.086294566238,-38.9038562949652));
#2224=CARTESIAN_POINT('',(-220.141150870156,164.961010657646,-38.9038562949652));
#2225=CARTESIAN_POINT('',(-206.708540513892,259.218981031598,-38.9038562949652));
#2226=CARTESIAN_POINT('Origin',(-215.117492539003,160.086294566238,-9.13285629496522));
#2227=CARTESIAN_POINT('',(-220.141150870156,164.961010657646,-9.13285629496522));
#2228=CARTESIAN_POINT('',(-215.117492539003,160.086294566238,-9.13285629496522));
#2229=CARTESIAN_POINT('Origin',(-220.141150870156,164.961010657646,-9.13285629496522));
#2230=CARTESIAN_POINT('Origin',(-262.525968872661,208.876010405961,-9.13285629496522));
#2231=CARTESIAN_POINT('',(-262.525968872661,208.876010405961,-9.13285629496522));
#2232=CARTESIAN_POINT('Origin',(-211.689643919404,261.265590145131,-9.13285629496522));
#2233=CARTESIAN_POINT('',(-211.689643919404,261.265590145131,-9.13285629496522));
#2234=CARTESIAN_POINT('Origin',(-206.665985588251,256.390874053723,-9.13285629496522));
#2235=CARTESIAN_POINT('',(-206.665985588251,256.390874053723,-9.13285629496522));
#2236=CARTESIAN_POINT('Origin',(-201.791269496842,261.414532384876,-9.13285629496522));
#2237=CARTESIAN_POINT('',(-200.398493470726,262.849863336634,-9.13285629496525));
#2238=CARTESIAN_POINT('Origin',(-206.708540513892,259.218981031598,-9.13285629496522));
#2239=CARTESIAN_POINT('',(-201.833824422484,264.242639362751,-9.13285629496522));
#2240=CARTESIAN_POINT('Origin',(-215.160047464644,162.914401544112,-9.13285629496522));
#2241=CARTESIAN_POINT('',(-215.160047464644,162.914401544112,-9.13285629496522));
#2242=CARTESIAN_POINT('Origin',(-220.183705795798,167.789117635521,-9.13285629496522));
#2243=CARTESIAN_POINT('',(-220.183705795798,167.789117635521,-9.13285629496522));
#2244=CARTESIAN_POINT('Origin',(-225.058421887206,162.765459304367,-9.13285629496522));
#2245=CARTESIAN_POINT('Origin',(-156.620899442104,220.370194540077,-9.13285629496522));
#2246=CARTESIAN_POINT('',(-156.620899442104,220.370194540077,-9.13285629496522));
#2247=CARTESIAN_POINT('Origin',(-206.857482753637,269.117355454159,-9.13285629496522));
#2248=UNCERTAINTY_MEASURE_WITH_UNIT(LENGTH_MEASURE(0.01),#2252,
'DISTANCE_ACCURACY_VALUE',
'Maximum model space distance between geometric entities at asserted c
onnectivities');
#2249=UNCERTAINTY_MEASURE_WITH_UNIT(LENGTH_MEASURE(0.01),#2252,
'DISTANCE_ACCURACY_VALUE',
'Maximum model space distance between geometric entities at asserted c
onnectivities');
#2250=(
GEOMETRIC_REPRESENTATION_CONTEXT(3)
GLOBAL_UNCERTAINTY_ASSIGNED_CONTEXT((#2248))
GLOBAL_UNIT_ASSIGNED_CONTEXT((#2252,#2253,#2254))
REPRESENTATION_CONTEXT('','3D')
);
#2251=(
GEOMETRIC_REPRESENTATION_CONTEXT(3)
GLOBAL_UNCERTAINTY_ASSIGNED_CONTEXT((#2249))
GLOBAL_UNIT_ASSIGNED_CONTEXT((#2252,#2253,#2254))
REPRESENTATION_CONTEXT('','3D')
);
#2252=(
LENGTH_UNIT()
NAMED_UNIT(*)
SI_UNIT(.MILLI.,.METRE.)
);
#2253=(
NAMED_UNIT(*)
PLANE_ANGLE_UNIT()
SI_UNIT($,.RADIAN.)
);
#2254=(
NAMED_UNIT(*)
SI_UNIT($,.STERADIAN.)
SOLID_ANGLE_UNIT()
);
#2255=SHAPE_DEFINITION_REPRESENTATION(#2256,#2257);
#2256=PRODUCT_DEFINITION_SHAPE('',$,#2259);
#2257=SHAPE_REPRESENTATION('',(#1386),#2250);
#2258=PRODUCT_DEFINITION_CONTEXT('part definition',#2263,'design');
#2259=PRODUCT_DEFINITION('bqap_bqfb_num_10 (v4~recovered)',
'bqap_bqfb_num_10 (v4~recovered)',#2260,#2258);
#2260=PRODUCT_DEFINITION_FORMATION('',$,#2265);
#2261=PRODUCT_RELATED_PRODUCT_CATEGORY(
'bqap_bqfb_num_10 (v4~recovered)','bqap_bqfb_num_10 (v4~recovered)',(#2265));
#2262=APPLICATION_PROTOCOL_DEFINITION('international standard',
'automotive_design',2009,#2263);
#2263=APPLICATION_CONTEXT(
'Core Data for Automotive Mechanical Design Process');
#2264=PRODUCT_CONTEXT('part definition',#2263,'mechanical');
#2265=PRODUCT('bqap_bqfb_num_10 (v4~recovered)',
'bqap_bqfb_num_10 (v4~recovered)',$,(#2264));
#2266=PRESENTATION_STYLE_ASSIGNMENT((#2272));
#2267=PRESENTATION_STYLE_ASSIGNMENT((#2273));
#2268=PRESENTATION_STYLE_ASSIGNMENT((#2274));
#2269=PRESENTATION_STYLE_ASSIGNMENT((#2275));
#2270=PRESENTATION_STYLE_ASSIGNMENT((#2276));
#2271=PRESENTATION_STYLE_ASSIGNMENT((#2277));
#2272=SURFACE_STYLE_USAGE(.BOTH.,#2278);
#2273=SURFACE_STYLE_USAGE(.BOTH.,#2279);
#2274=SURFACE_STYLE_USAGE(.BOTH.,#2280);
#2275=SURFACE_STYLE_USAGE(.BOTH.,#2281);
#2276=SURFACE_STYLE_USAGE(.BOTH.,#2282);
#2277=SURFACE_STYLE_USAGE(.BOTH.,#2283);
#2278=SURFACE_SIDE_STYLE('',(#2284));
#2279=SURFACE_SIDE_STYLE('',(#2285));
#2280=SURFACE_SIDE_STYLE('',(#2286));
#2281=SURFACE_SIDE_STYLE('',(#2287));
#2282=SURFACE_SIDE_STYLE('',(#2288));
#2283=SURFACE_SIDE_STYLE('',(#2289));
#2284=SURFACE_STYLE_FILL_AREA(#2290);
#2285=SURFACE_STYLE_FILL_AREA(#2291);
#2286=SURFACE_STYLE_FILL_AREA(#2292);
#2287=SURFACE_STYLE_FILL_AREA(#2293);
#2288=SURFACE_STYLE_FILL_AREA(#2294);
#2289=SURFACE_STYLE_FILL_AREA(#2295);
#2290=FILL_AREA_STYLE('Steel - Satin',(#2296));
#2291=FILL_AREA_STYLE('Opaque(160,160,160) (1)',(#2297));
#2292=FILL_AREA_STYLE('3D Cherry - Glossy',(#2298));
#2293=FILL_AREA_STYLE('Opaque(160,160,160)',(#2299));
#2294=FILL_AREA_STYLE('ABS (White)',(#2300));
#2295=FILL_AREA_STYLE('Opaque(160,160,160) (2)',(#2301));
#2296=FILL_AREA_STYLE_COLOUR('Steel - Satin',#2302);
#2297=FILL_AREA_STYLE_COLOUR('Opaque(160,160,160) (1)',#2303);
#2298=FILL_AREA_STYLE_COLOUR('3D Cherry - Glossy',#2304);
#2299=FILL_AREA_STYLE_COLOUR('Opaque(160,160,160)',#2305);
#2300=FILL_AREA_STYLE_COLOUR('ABS (White)',#2306);
#2301=FILL_AREA_STYLE_COLOUR('Opaque(160,160,160) (2)',#2307);
#2302=COLOUR_RGB('Steel - Satin',0.627450980392157,0.627450980392157,0.627450980392157);
#2303=COLOUR_RGB('Opaque(160,160,160) (1)',0.,0.,0.);
#2304=COLOUR_RGB('3D Cherry - Glossy',0.67843137254902,0.419607843137255,
0.262745098039216);
#2305=COLOUR_RGB('Opaque(160,160,160)',0.627450980392157,0.627450980392157,
0.627450980392157);
#2306=COLOUR_RGB('ABS (White)',0.964705882352941,0.964705882352941,0.952941176470588);
#2307=COLOUR_RGB('Opaque(160,160,160) (2)',0.627450980392157,0.627450980392157,
0.627450980392157);
ENDSEC;
END-ISO-10303-21;
