ISO-10303-21;
HEADER;
/* Generated by software containing ST-Developer
 * from STEP Tools, Inc. (www.steptools.com) 
 */

FILE_DESCRIPTION(
/* description */ (''),
/* implementation_level */ '2;1');

FILE_NAME(
/* name */ 'frame_oct17_2025.step',
/* time_stamp */ '2025-10-17T08:59:49-04:00',
/* author */ (''),
/* organization */ (''),
/* preprocessor_version */ 'ST-DEVELOPER v20.1',
/* originating_system */ 'Autodesk Translation Framework v14.10.0.0',
/* authorisation */ '');

FILE_SCHEMA (('AUTOMOTIVE_DESIGN { 1 0 10303 214 3 1 1 }'));
ENDSEC;

DATA;
#10=MECHANICAL_DESIGN_GEOMETRIC_PRESENTATION_REPRESENTATION('',(#17),#2050);
#11=ITEM_DEFINED_TRANSFORMATION($,$,#1011,#1113);
#12=(
REPRESENTATION_RELATIONSHIP($,$,#2061,#2060)
REPRESENTATION_RELATIONSHIP_WITH_TRANSFORMATION(#11)
SHAPE_REPRESENTATION_RELATIONSHIP()
);
#13=CONTEXT_DEPENDENT_SHAPE_REPRESENTATION(#12,#2059);
#14=NEXT_ASSEMBLY_USAGE_OCCURRENCE('v6 frame v1:1','v6 frame v1:1',
'v6 frame v1:1',#2063,#2064,'v6 frame v1:1');
#15=SHAPE_REPRESENTATION_RELATIONSHIP('SRR','None',#2061,#16);
#16=ADVANCED_BREP_SHAPE_REPRESENTATION('',(#18),#2049);
#17=STYLED_ITEM('',(#2078),#18);
#18=MANIFOLD_SOLID_BREP('Body1',#997);
#19=CONICAL_SURFACE('',#1043,259.5,0.566817088985858);
#20=CONICAL_SURFACE('',#1054,257.476050124882,0.506347114065131);
#21=CONICAL_SURFACE('',#1080,0.675,0.785398163397448);
#22=CONICAL_SURFACE('',#1081,0.675,0.785398163397448);
#23=CONICAL_SURFACE('',#1082,0.675,0.785398163397448);
#24=CONICAL_SURFACE('',#1083,0.675,0.785398163397448);
#25=CONICAL_SURFACE('',#1084,0.675,0.785398163397448);
#26=CONICAL_SURFACE('',#1085,0.675,0.785398163397448);
#27=FACE_BOUND('',#221,.T.);
#28=FACE_BOUND('',#222,.T.);
#29=FACE_BOUND('',#223,.T.);
#30=FACE_BOUND('',#224,.T.);
#31=FACE_BOUND('',#225,.T.);
#32=FACE_BOUND('',#226,.T.);
#33=FACE_BOUND('',#227,.T.);
#34=FACE_BOUND('',#228,.T.);
#35=FACE_BOUND('',#229,.T.);
#36=FACE_BOUND('',#230,.T.);
#37=FACE_BOUND('',#231,.T.);
#38=FACE_BOUND('',#232,.T.);
#39=FACE_BOUND('',#233,.T.);
#40=FACE_BOUND('',#235,.T.);
#41=FACE_BOUND('',#267,.T.);
#42=FACE_BOUND('',#268,.T.);
#43=FACE_BOUND('',#269,.T.);
#44=FACE_BOUND('',#270,.T.);
#45=FACE_BOUND('',#271,.T.);
#46=FACE_BOUND('',#272,.T.);
#47=FACE_BOUND('',#273,.T.);
#48=FACE_BOUND('',#274,.T.);
#49=FACE_BOUND('',#275,.T.);
#50=FACE_BOUND('',#276,.T.);
#51=FACE_BOUND('',#277,.T.);
#52=FACE_BOUND('',#278,.T.);
#53=FACE_BOUND('',#279,.T.);
#54=FACE_BOUND('',#280,.T.);
#55=FACE_BOUND('',#281,.T.);
#56=FACE_BOUND('',#283,.T.);
#57=FACE_BOUND('',#284,.T.);
#58=FACE_BOUND('',#285,.T.);
#59=FACE_BOUND('',#286,.T.);
#60=FACE_BOUND('',#287,.T.);
#61=FACE_BOUND('',#288,.T.);
#62=FACE_BOUND('',#289,.T.);
#63=FACE_BOUND('',#290,.T.);
#64=FACE_BOUND('',#291,.T.);
#65=B_SPLINE_CURVE_WITH_KNOTS('',3,(#1430,#1431,#1432,#1433,#1434,#1435,
#1436,#1437,#1438,#1439,#1440,#1441,#1442,#1443,#1444,#1445,#1446,#1447,
#1448,#1449,#1450,#1451),.UNSPECIFIED.,.F.,.F.,(4,2,2,2,2,2,2,2,2,2,4),
(0.0643232979883471,0.10955656827474,0.21911313654948,0.269784461837654,
0.295120124481742,0.320455787125829,0.345791449769918,0.371127112414007,
0.421798437702184,0.531355005976926,0.576588276263317),.UNSPECIFIED.);
#66=B_SPLINE_CURVE_WITH_KNOTS('',3,(#1461,#1462,#1463,#1464,#1465,#1466,
#1467,#1468,#1469,#1470,#1471,#1472,#1473,#1474,#1475,#1476,#1477,#1478,
#1479,#1480,#1481,#1482,#1483,#1484,#1485,#1486,#1487),.UNSPECIFIED.,.F.,
 .F.,(4,3,2,2,2,2,2,2,2,2,2,2,4),(-0.013377138224206,0.,0.109556110669358,
0.219112221338717,0.269783272417476,0.295118797956856,0.320454323496235,
0.345789849035614,0.371125374574993,0.421796425653751,0.531352536323109,
0.640908646992468,0.654285785216677),.UNSPECIFIED.);
#67=B_SPLINE_CURVE_WITH_KNOTS('',3,(#1523,#1524,#1525,#1526,#1527,#1528,
#1529,#1530,#1531,#1532,#1533,#1534,#1535,#1536,#1537,#1538,#1539,#1540,
#1541,#1542,#1543,#1544,#1545,#1546,#1547,#1548,#1549),.UNSPECIFIED.,.F.,
 .F.,(4,2,2,2,2,2,2,2,2,2,3,2,4),(-0.749457494603667,-0.688256000058,-0.589967087748798,
-0.415283357658571,-0.342720719941493,-0.318852131907947,-0.294983543874401,
-0.271114955840855,-0.247246367807309,-0.174683730090224,0.,0.0982889123091998,
0.159490406854867),.UNSPECIFIED.);
#68=B_SPLINE_CURVE_WITH_KNOTS('',3,(#1553,#1554,#1555,#1556,#1557,#1558,
#1559,#1560,#1561,#1562,#1563,#1564,#1565,#1566,#1567,#1568,#1569,#1570,
#1571,#1572,#1573,#1574,#1575,#1576,#1577,#1578,#1579),.UNSPECIFIED.,.F.,
 .F.,(4,2,2,2,2,2,2,2,2,2,3,2,4),(-0.721188983051463,-0.688256881119101,
-0.58996812943514,-0.415284082698629,-0.342721340480154,-0.318852702598863,
-0.294984064717572,-0.271115426836283,-0.247246788954993,-0.174684046736512,
0.,0.098288751683959,0.131220853616323),.UNSPECIFIED.);
#69=B_SPLINE_CURVE_WITH_KNOTS('',3,(#1583,#1584,#1585,#1586,#1587,#1588,
#1589,#1590,#1591,#1592,#1593,#1594,#1595,#1596,#1597,#1598,#1599,#1600,
#1601,#1602,#1603,#1604,#1605,#1606,#1607,#1608,#1609),.UNSPECIFIED.,.F.,
 .F.,(4,2,2,2,2,2,2,2,2,2,3,2,4),(-0.730146576830734,-0.688256595965006,
-0.589967792294931,-0.415283848040506,-0.342721139643754,-0.318852517895609,
-0.294983896147465,-0.271115274399324,-0.247246652651182,-0.174683944254422,
0.,0.0982888036700742,0.140178784535795),.UNSPECIFIED.);
#70=B_SPLINE_CURVE_WITH_KNOTS('',3,(#1613,#1614,#1615,#1616,#1617,#1618,
#1619,#1620,#1621,#1622,#1623,#1624,#1625,#1626,#1627,#1628,#1629,#1630,
#1631,#1632,#1633,#1634),.UNSPECIFIED.,.F.,.F.,(4,2,2,2,2,2,2,2,2,2,4),
(-0.773100993979354,-0.688255313093368,-0.589966275544398,-0.415282792343786,
-0.342720236106558,-0.318851686939379,-0.294983137772199,-0.27111458860502,
-0.247246039437841,-0.174683483200613,-0.00164417795202045),
 .UNSPECIFIED.);
#71=B_SPLINE_CURVE_WITH_KNOTS('',3,(#1636,#1637,#1638,#1639,#1640,#1641,
#1642,#1643,#1644),.UNSPECIFIED.,.F.,.F.,(4,3,2,4),(-0.00164417795202045,
0.,0.0982890375489661,0.183134718434966),.UNSPECIFIED.);
#72=B_SPLINE_CURVE_WITH_KNOTS('',3,(#1648,#1649,#1650,#1651,#1652,#1653,
#1654,#1655,#1656,#1657,#1658,#1659,#1660,#1661,#1662,#1663,#1664,#1665,
#1666,#1667,#1668,#1669),.UNSPECIFIED.,.F.,.F.,(4,2,2,2,2,2,2,2,2,2,4),
(-0.834659360855096,-0.786543103391841,-0.688253787761128,-0.589964472130415,
-0.415281537122137,-0.342719161802228,-0.318850698933718,-0.294982236065207,
-0.271113773196699,-0.247245310328191,-0.175433897820031),.UNSPECIFIED.);
#73=B_SPLINE_CURVE_WITH_KNOTS('',3,(#1671,#1672,#1673,#1674,#1675,#1676,
#1677,#1678,#1679,#1680,#1681,#1682,#1683),.UNSPECIFIED.,.F.,.F.,(4,2,3,
2,2,4),(-0.175433897820031,-0.174682935008267,0.,0.0982893156307153,0.196578631261431,
0.244694888761877),.UNSPECIFIED.);
#74=B_SPLINE_CURVE_WITH_KNOTS('',3,(#1689,#1690,#1691,#1692,#1693,#1694,
#1695,#1696,#1697,#1698,#1699,#1700,#1701,#1702,#1703,#1704,#1705,#1706,
#1707,#1708),.UNSPECIFIED.,.F.,.F.,(4,2,2,2,2,2,2,2,2,4),(0.304293141590173,
0.322407831787142,0.347573608030453,0.397905160517076,0.496194635802367,
0.594484111087659,0.76916673136328,0.841729002813567,0.865597416135579,
0.882492134957818),.UNSPECIFIED.);
#75=B_SPLINE_CURVE_WITH_KNOTS('',3,(#1713,#1714,#1715,#1716),
 .UNSPECIFIED.,.F.,.F.,(4,4),(0.882492134957818,0.889428792383433),
 .UNSPECIFIED.);
#76=B_SPLINE_CURVE_WITH_KNOTS('',3,(#1718,#1719,#1720,#1721,#1722,#1723,
#1724,#1725,#1726,#1727,#1728,#1729),.UNSPECIFIED.,.F.,.F.,(4,2,2,2,2,4),
(0.889428792383433,0.889465829457591,0.913334242779604,0.937202656101618,
1.00976492755189,1.18444754782752),.UNSPECIFIED.);
#77=B_SPLINE_CURVE_WITH_KNOTS('',3,(#1730,#1731,#1732,#1733,#1734,#1735,
#1736,#1737,#1738,#1739,#1740,#1741,#1742,#1743),.UNSPECIFIED.,.F.,.F.,
(4,2,2,2,2,2,4),(0.,0.0982894752852944,0.196578950570589,0.24691050305721,
0.272076279300521,0.297242055543831,0.304293141590173),.UNSPECIFIED.);
#78=B_SPLINE_CURVE_WITH_KNOTS('',3,(#1747,#1748,#1749,#1750,#1751,#1752,
#1753,#1754,#1755,#1756),.UNSPECIFIED.,.F.,.F.,(4,2,2,2,4),(-0.804764642657937,
-0.786543663437397,-0.688254472672119,-0.589965281906841,-0.588322005562955),
 .UNSPECIFIED.);
#79=B_SPLINE_CURVE_WITH_KNOTS('',3,(#1758,#1759,#1760,#1761,#1762,#1763,
#1764,#1765,#1766,#1767,#1768,#1769,#1770,#1771,#1772,#1773,#1774,#1775,
#1776,#1777,#1778,#1779,#1780,#1781,#1782),.UNSPECIFIED.,.F.,.F.,(4,2,2,
2,2,2,2,2,3,2,2,4),(-0.588322005562955,-0.41528210074696,-0.342719644190819,
-0.318851142572121,-0.294982640953423,-0.271114139334725,-0.247245637716027,
-0.174683181159888,0.,0.0982891907652794,0.196578381530559,0.214799361636659),
 .UNSPECIFIED.);
#80=B_SPLINE_CURVE_WITH_KNOTS('',3,(#1786,#1787,#1788,#1789,#1790,#1791,
#1792,#1793,#1794,#1795,#1796,#1797,#1798,#1799,#1800,#1801,#1802,#1803,
#1804,#1805,#1806,#1807,#1808,#1809,#1810,#1811),.UNSPECIFIED.,.F.,.F.,
(4,2,2,2,2,2,2,2,2,2,2,2,4),(0.,0.0982894236735168,0.196578847347034,0.246910365816429,
0.272076125051126,0.297241884285824,0.322407643520522,0.347573402755219,
0.397904921224615,0.496194344898134,0.594483768571653,0.769166490591365,
0.769839333478317),.UNSPECIFIED.);
#81=B_SPLINE_CURVE_WITH_KNOTS('',3,(#1812,#1813,#1814,#1815,#1816,#1817,
#1818,#1819,#1820,#1821,#1822,#1823,#1824,#1825,#1826,#1827),
 .UNSPECIFIED.,.F.,.F.,(4,2,2,2,2,2,2,4),(0.769839333478317,0.841728795619723,
0.865597224958707,0.889465654297692,0.913334083636676,0.937202512975659,
1.00976481800402,1.18444754002374),.UNSPECIFIED.);
#82=B_SPLINE_CURVE_WITH_KNOTS('',3,(#1835,#1836,#1837,#1838,#1839,#1840,
#1841,#1842,#1843,#1844),.UNSPECIFIED.,.F.,.F.,(4,2,2,2,4),(1.57914210572806,
1.58425578470232,1.63536081001529,1.68646583532827,1.69157951430249),
 .UNSPECIFIED.);
#83=B_SPLINE_CURVE_WITH_KNOTS('',3,(#1849,#1850,#1851,#1852,#1853,#1854,
#1855,#1856,#1857,#1858,#1859,#1860,#1861,#1862),.UNSPECIFIED.,.F.,.F.,
(4,2,2,2,2,2,4),(1.54840171263297,1.56323868414364,1.61534664028176,1.66745459641988,
1.719562552558,1.77167050869612,1.78650748020677),.UNSPECIFIED.);
#84=B_SPLINE_CURVE_WITH_KNOTS('',3,(#1867,#1868,#1869,#1870,#1871,#1872,
#1873,#1874,#1875,#1876,#1877,#1878,#1879,#1880),.UNSPECIFIED.,.F.,.F.,
(4,2,2,2,2,2,4),(1.35524993510218,1.39238796633075,1.44371250724989,1.49503704816903,
1.54636158908818,1.59768613000733,1.63482416123599),.UNSPECIFIED.);
#85=B_SPLINE_CURVE_WITH_KNOTS('',3,(#1885,#1886,#1887,#1888,#1889,#1890,
#1891,#1892,#1893,#1894,#1895,#1896,#1897,#1898),.UNSPECIFIED.,.F.,.F.,
(4,2,2,2,2,2,4),(1.35319593768235,1.39640671363776,1.4479218201945,1.49943692675124,
1.55095203330797,1.60246713986471,1.64567791582013),.UNSPECIFIED.);
#86=B_SPLINE_CURVE_WITH_KNOTS('',3,(#1903,#1904,#1905,#1906,#1907,#1908,
#1909,#1910,#1911,#1912,#1913,#1914,#1915,#1916),.UNSPECIFIED.,.F.,.F.,
(4,2,2,2,2,2,4),(1.54132862618417,1.57695328101976,1.62951839038708,1.68208349975441,
1.73464860912176,1.7872137184891,1.82283837332483),.UNSPECIFIED.);
#87=B_SPLINE_CURVE_WITH_KNOTS('',3,(#1921,#1922,#1923,#1924,#1925,#1926,
#1927,#1928,#1929,#1930),.UNSPECIFIED.,.F.,.F.,(4,2,2,2,4),(1.56140812361738,
1.59815482683851,1.64970820834943,1.70126158986035,1.73800829308151),
 .UNSPECIFIED.);
#88=CIRCLE('',#1017,1.35);
#89=CIRCLE('',#1018,1.35);
#90=CIRCLE('',#1020,1.35);
#91=CIRCLE('',#1021,1.35);
#92=CIRCLE('',#1023,1.35);
#93=CIRCLE('',#1024,1.35);
#94=CIRCLE('',#1025,1.35);
#95=CIRCLE('',#1027,1.35);
#96=CIRCLE('',#1028,1.35);
#97=CIRCLE('',#1029,1.35);
#98=CIRCLE('',#1031,1.75);
#99=CIRCLE('',#1032,1.75);
#100=CIRCLE('',#1033,1.75);
#101=CIRCLE('',#1034,1.75);
#102=CIRCLE('',#1035,1.75);
#103=CIRCLE('',#1036,1.75);
#104=CIRCLE('',#1037,1.75);
#105=CIRCLE('',#1038,1.75);
#106=CIRCLE('',#1039,1.75);
#107=CIRCLE('',#1040,258.952100249765);
#108=CIRCLE('',#1041,258.952100249765);
#109=CIRCLE('',#1042,258.952100249765);
#110=CIRCLE('',#1044,256.);
#111=CIRCLE('',#1045,256.);
#112=CIRCLE('',#1046,256.);
#113=CIRCLE('',#1047,256.);
#114=CIRCLE('',#1048,256.);
#115=CIRCLE('',#1049,263.);
#116=CIRCLE('',#1050,256.);
#117=CIRCLE('',#1051,256.);
#118=CIRCLE('',#1053,256.);
#119=CIRCLE('',#1056,1.35);
#120=CIRCLE('',#1057,1.35);
#121=CIRCLE('',#1058,1.35);
#122=CIRCLE('',#1060,1.35);
#123=CIRCLE('',#1061,1.35);
#124=CIRCLE('',#1062,1.35);
#125=CIRCLE('',#1064,1.35);
#126=CIRCLE('',#1065,1.35);
#127=CIRCLE('',#1067,1.35);
#128=CIRCLE('',#1068,1.35);
#129=CIRCLE('',#1070,1.35);
#130=CIRCLE('',#1071,1.35);
#131=CIRCLE('',#1072,1.35);
#132=CIRCLE('',#1074,1.35);
#133=CIRCLE('',#1075,1.35);
#134=CIRCLE('',#1077,1.35);
#135=CIRCLE('',#1079,1.35);
#136=CIRCLE('',#1087,1.75);
#137=CIRCLE('',#1089,1.75);
#138=CIRCLE('',#1091,1.75);
#139=CIRCLE('',#1093,1.75);
#140=CIRCLE('',#1095,1.75);
#141=CIRCLE('',#1097,1.75);
#142=CIRCLE('',#1099,1.75);
#143=CIRCLE('',#1101,1.75);
#144=CIRCLE('',#1103,1.75);
#145=CIRCLE('',#1109,253.);
#146=CIRCLE('',#1110,253.);
#147=CYLINDRICAL_SURFACE('',#1016,1.35);
#148=CYLINDRICAL_SURFACE('',#1019,1.35);
#149=CYLINDRICAL_SURFACE('',#1022,1.35);
#150=CYLINDRICAL_SURFACE('',#1026,1.35);
#151=CYLINDRICAL_SURFACE('',#1052,256.);
#152=CYLINDRICAL_SURFACE('',#1055,1.35);
#153=CYLINDRICAL_SURFACE('',#1059,1.35);
#154=CYLINDRICAL_SURFACE('',#1063,1.35);
#155=CYLINDRICAL_SURFACE('',#1066,1.35);
#156=CYLINDRICAL_SURFACE('',#1069,1.35);
#157=CYLINDRICAL_SURFACE('',#1073,1.35);
#158=CYLINDRICAL_SURFACE('',#1076,1.35);
#159=CYLINDRICAL_SURFACE('',#1078,1.35);
#160=CYLINDRICAL_SURFACE('',#1086,1.75);
#161=CYLINDRICAL_SURFACE('',#1088,1.75);
#162=CYLINDRICAL_SURFACE('',#1090,1.75);
#163=CYLINDRICAL_SURFACE('',#1092,1.75);
#164=CYLINDRICAL_SURFACE('',#1094,1.75);
#165=CYLINDRICAL_SURFACE('',#1096,1.75);
#166=CYLINDRICAL_SURFACE('',#1098,1.75);
#167=CYLINDRICAL_SURFACE('',#1100,1.75);
#168=CYLINDRICAL_SURFACE('',#1102,1.75);
#169=CYLINDRICAL_SURFACE('',#1108,253.);
#170=FACE_OUTER_BOUND('',#212,.T.);
#171=FACE_OUTER_BOUND('',#213,.T.);
#172=FACE_OUTER_BOUND('',#214,.T.);
#173=FACE_OUTER_BOUND('',#215,.T.);
#174=FACE_OUTER_BOUND('',#216,.T.);
#175=FACE_OUTER_BOUND('',#217,.T.);
#176=FACE_OUTER_BOUND('',#218,.T.);
#177=FACE_OUTER_BOUND('',#219,.T.);
#178=FACE_OUTER_BOUND('',#220,.T.);
#179=FACE_OUTER_BOUND('',#234,.T.);
#180=FACE_OUTER_BOUND('',#236,.T.);
#181=FACE_OUTER_BOUND('',#237,.T.);
#182=FACE_OUTER_BOUND('',#238,.T.);
#183=FACE_OUTER_BOUND('',#239,.T.);
#184=FACE_OUTER_BOUND('',#240,.T.);
#185=FACE_OUTER_BOUND('',#241,.T.);
#186=FACE_OUTER_BOUND('',#242,.T.);
#187=FACE_OUTER_BOUND('',#243,.T.);
#188=FACE_OUTER_BOUND('',#244,.T.);
#189=FACE_OUTER_BOUND('',#245,.T.);
#190=FACE_OUTER_BOUND('',#246,.T.);
#191=FACE_OUTER_BOUND('',#247,.T.);
#192=FACE_OUTER_BOUND('',#248,.T.);
#193=FACE_OUTER_BOUND('',#249,.T.);
#194=FACE_OUTER_BOUND('',#250,.T.);
#195=FACE_OUTER_BOUND('',#251,.T.);
#196=FACE_OUTER_BOUND('',#252,.T.);
#197=FACE_OUTER_BOUND('',#253,.T.);
#198=FACE_OUTER_BOUND('',#254,.T.);
#199=FACE_OUTER_BOUND('',#255,.T.);
#200=FACE_OUTER_BOUND('',#256,.T.);
#201=FACE_OUTER_BOUND('',#257,.T.);
#202=FACE_OUTER_BOUND('',#258,.T.);
#203=FACE_OUTER_BOUND('',#259,.T.);
#204=FACE_OUTER_BOUND('',#260,.T.);
#205=FACE_OUTER_BOUND('',#261,.T.);
#206=FACE_OUTER_BOUND('',#262,.T.);
#207=FACE_OUTER_BOUND('',#263,.T.);
#208=FACE_OUTER_BOUND('',#264,.T.);
#209=FACE_OUTER_BOUND('',#265,.T.);
#210=FACE_OUTER_BOUND('',#266,.T.);
#211=FACE_OUTER_BOUND('',#282,.T.);
#212=EDGE_LOOP('',(#656,#657,#658,#659));
#213=EDGE_LOOP('',(#660,#661,#662,#663));
#214=EDGE_LOOP('',(#664,#665,#666,#667));
#215=EDGE_LOOP('',(#668,#669,#670,#671));
#216=EDGE_LOOP('',(#672,#673,#674,#675));
#217=EDGE_LOOP('',(#676,#677,#678,#679));
#218=EDGE_LOOP('',(#680,#681,#682,#683,#684,#685));
#219=EDGE_LOOP('',(#686,#687,#688,#689,#690,#691));
#220=EDGE_LOOP('',(#692,#693,#694,#695));
#221=EDGE_LOOP('',(#696,#697,#698,#699));
#222=EDGE_LOOP('',(#700));
#223=EDGE_LOOP('',(#701));
#224=EDGE_LOOP('',(#702));
#225=EDGE_LOOP('',(#703));
#226=EDGE_LOOP('',(#704));
#227=EDGE_LOOP('',(#705));
#228=EDGE_LOOP('',(#706));
#229=EDGE_LOOP('',(#707));
#230=EDGE_LOOP('',(#708));
#231=EDGE_LOOP('',(#709));
#232=EDGE_LOOP('',(#710));
#233=EDGE_LOOP('',(#711,#712,#713,#714,#715,#716,#717));
#234=EDGE_LOOP('',(#718,#719,#720,#721,#722,#723,#724,#725,#726,#727,#728,
#729,#730,#731,#732,#733,#734,#735,#736,#737,#738,#739,#740,#741,#742));
#235=EDGE_LOOP('',(#743,#744));
#236=EDGE_LOOP('',(#745,#746,#747,#748,#749,#750,#751,#752,#753,#754,#755,
#756,#757,#758,#759,#760,#761,#762,#763,#764,#765,#766,#767,#768,#769,#770,
#771,#772));
#237=EDGE_LOOP('',(#773,#774,#775,#776,#777,#778,#779,#780));
#238=EDGE_LOOP('',(#781,#782,#783,#784,#785,#786,#787,#788));
#239=EDGE_LOOP('',(#789,#790,#791,#792,#793,#794,#795,#796));
#240=EDGE_LOOP('',(#797,#798,#799,#800,#801,#802,#803,#804));
#241=EDGE_LOOP('',(#805,#806,#807,#808,#809,#810,#811,#812));
#242=EDGE_LOOP('',(#813,#814,#815,#816,#817,#818,#819,#820));
#243=EDGE_LOOP('',(#821,#822,#823,#824,#825,#826,#827,#828));
#244=EDGE_LOOP('',(#829,#830,#831,#832,#833));
#245=EDGE_LOOP('',(#834,#835,#836,#837,#838,#839,#840));
#246=EDGE_LOOP('',(#841,#842,#843));
#247=EDGE_LOOP('',(#844,#845,#846));
#248=EDGE_LOOP('',(#847,#848));
#249=EDGE_LOOP('',(#849,#850));
#250=EDGE_LOOP('',(#851,#852,#853));
#251=EDGE_LOOP('',(#854,#855));
#252=EDGE_LOOP('',(#856,#857,#858,#859));
#253=EDGE_LOOP('',(#860,#861,#862,#863));
#254=EDGE_LOOP('',(#864,#865,#866,#867));
#255=EDGE_LOOP('',(#868,#869,#870,#871));
#256=EDGE_LOOP('',(#872,#873,#874,#875));
#257=EDGE_LOOP('',(#876,#877,#878,#879));
#258=EDGE_LOOP('',(#880,#881,#882,#883));
#259=EDGE_LOOP('',(#884,#885,#886,#887));
#260=EDGE_LOOP('',(#888,#889,#890,#891));
#261=EDGE_LOOP('',(#892,#893,#894,#895));
#262=EDGE_LOOP('',(#896,#897,#898,#899));
#263=EDGE_LOOP('',(#900,#901,#902,#903));
#264=EDGE_LOOP('',(#904,#905,#906,#907));
#265=EDGE_LOOP('',(#908,#909,#910,#911));
#266=EDGE_LOOP('',(#912,#913,#914,#915));
#267=EDGE_LOOP('',(#916,#917,#918,#919));
#268=EDGE_LOOP('',(#920));
#269=EDGE_LOOP('',(#921));
#270=EDGE_LOOP('',(#922));
#271=EDGE_LOOP('',(#923));
#272=EDGE_LOOP('',(#924));
#273=EDGE_LOOP('',(#925));
#274=EDGE_LOOP('',(#926));
#275=EDGE_LOOP('',(#927));
#276=EDGE_LOOP('',(#928));
#277=EDGE_LOOP('',(#929));
#278=EDGE_LOOP('',(#930));
#279=EDGE_LOOP('',(#931));
#280=EDGE_LOOP('',(#932));
#281=EDGE_LOOP('',(#933));
#282=EDGE_LOOP('',(#934));
#283=EDGE_LOOP('',(#935));
#284=EDGE_LOOP('',(#936));
#285=EDGE_LOOP('',(#937));
#286=EDGE_LOOP('',(#938));
#287=EDGE_LOOP('',(#939));
#288=EDGE_LOOP('',(#940));
#289=EDGE_LOOP('',(#941));
#290=EDGE_LOOP('',(#942));
#291=EDGE_LOOP('',(#943));
#292=LINE('',#1389,#354);
#293=LINE('',#1391,#355);
#294=LINE('',#1393,#356);
#295=LINE('',#1394,#357);
#296=LINE('',#1397,#358);
#297=LINE('',#1399,#359);
#298=LINE('',#1400,#360);
#299=LINE('',#1403,#361);
#300=LINE('',#1405,#362);
#301=LINE('',#1406,#363);
#302=LINE('',#1408,#364);
#303=LINE('',#1409,#365);
#304=LINE('',#1414,#366);
#305=LINE('',#1420,#367);
#306=LINE('',#1426,#368);
#307=LINE('',#1457,#369);
#308=LINE('',#1492,#370);
#309=LINE('',#1494,#371);
#310=LINE('',#1496,#372);
#311=LINE('',#1497,#373);
#312=LINE('',#1687,#374);
#313=LINE('',#1710,#375);
#314=LINE('',#1831,#376);
#315=LINE('',#1833,#377);
#316=LINE('',#1845,#378);
#317=LINE('',#1847,#379);
#318=LINE('',#1863,#380);
#319=LINE('',#1865,#381);
#320=LINE('',#1881,#382);
#321=LINE('',#1883,#383);
#322=LINE('',#1899,#384);
#323=LINE('',#1901,#385);
#324=LINE('',#1917,#386);
#325=LINE('',#1919,#387);
#326=LINE('',#1931,#388);
#327=LINE('',#1933,#389);
#328=LINE('',#1938,#390);
#329=LINE('',#1945,#391);
#330=LINE('',#1951,#392);
#331=LINE('',#1956,#393);
#332=LINE('',#1962,#394);
#333=LINE('',#1968,#395);
#334=LINE('',#1973,#396);
#335=LINE('',#1977,#397);
#336=LINE('',#1987,#398);
#337=LINE('',#1991,#399);
#338=LINE('',#1995,#400);
#339=LINE('',#1999,#401);
#340=LINE('',#2003,#402);
#341=LINE('',#2007,#403);
#342=LINE('',#2011,#404);
#343=LINE('',#2015,#405);
#344=LINE('',#2019,#406);
#345=LINE('',#2023,#407);
#346=LINE('',#2024,#408);
#347=LINE('',#2025,#409);
#348=LINE('',#2028,#410);
#349=LINE('',#2029,#411);
#350=LINE('',#2032,#412);
#351=LINE('',#2033,#413);
#352=LINE('',#2035,#414);
#353=LINE('',#2040,#415);
#354=VECTOR('',#1120,10.);
#355=VECTOR('',#1121,10.);
#356=VECTOR('',#1122,10.);
#357=VECTOR('',#1123,10.);
#358=VECTOR('',#1126,10.);
#359=VECTOR('',#1127,10.);
#360=VECTOR('',#1128,10.);
#361=VECTOR('',#1131,10.);
#362=VECTOR('',#1132,10.);
#363=VECTOR('',#1133,10.);
#364=VECTOR('',#1136,10.);
#365=VECTOR('',#1137,10.);
#366=VECTOR('',#1142,1.35);
#367=VECTOR('',#1149,1.35);
#368=VECTOR('',#1156,1.35);
#369=VECTOR('',#1165,1.35);
#370=VECTOR('',#1172,10.);
#371=VECTOR('',#1173,10.);
#372=VECTOR('',#1174,10.);
#373=VECTOR('',#1175,10.);
#374=VECTOR('',#1212,259.5);
#375=VECTOR('',#1213,259.5);
#376=VECTOR('',#1224,256.);
#377=VECTOR('',#1225,10.);
#378=VECTOR('',#1226,10.);
#379=VECTOR('',#1227,10.);
#380=VECTOR('',#1228,10.);
#381=VECTOR('',#1229,10.);
#382=VECTOR('',#1230,10.);
#383=VECTOR('',#1231,10.);
#384=VECTOR('',#1232,10.);
#385=VECTOR('',#1233,10.);
#386=VECTOR('',#1234,10.);
#387=VECTOR('',#1235,10.);
#388=VECTOR('',#1236,10.);
#389=VECTOR('',#1239,257.476050124882);
#390=VECTOR('',#1244,1.35);
#391=VECTOR('',#1253,1.35);
#392=VECTOR('',#1262,1.35);
#393=VECTOR('',#1269,1.35);
#394=VECTOR('',#1276,1.35);
#395=VECTOR('',#1285,1.35);
#396=VECTOR('',#1292,1.35);
#397=VECTOR('',#1297,1.35);
#398=VECTOR('',#1314,1.75);
#399=VECTOR('',#1319,1.75);
#400=VECTOR('',#1324,1.75);
#401=VECTOR('',#1329,1.75);
#402=VECTOR('',#1334,1.75);
#403=VECTOR('',#1339,1.75);
#404=VECTOR('',#1344,1.75);
#405=VECTOR('',#1349,1.75);
#406=VECTOR('',#1354,1.75);
#407=VECTOR('',#1357,10.);
#408=VECTOR('',#1358,10.);
#409=VECTOR('',#1359,10.);
#410=VECTOR('',#1362,10.);
#411=VECTOR('',#1363,10.);
#412=VECTOR('',#1366,10.);
#413=VECTOR('',#1367,10.);
#414=VECTOR('',#1370,10.);
#415=VECTOR('',#1375,253.);
#416=VERTEX_POINT('',#1387);
#417=VERTEX_POINT('',#1388);
#418=VERTEX_POINT('',#1390);
#419=VERTEX_POINT('',#1392);
#420=VERTEX_POINT('',#1396);
#421=VERTEX_POINT('',#1398);
#422=VERTEX_POINT('',#1402);
#423=VERTEX_POINT('',#1404);
#424=VERTEX_POINT('',#1411);
#425=VERTEX_POINT('',#1413);
#426=VERTEX_POINT('',#1417);
#427=VERTEX_POINT('',#1419);
#428=VERTEX_POINT('',#1423);
#429=VERTEX_POINT('',#1425);
#430=VERTEX_POINT('',#1427);
#431=VERTEX_POINT('',#1429);
#432=VERTEX_POINT('',#1454);
#433=VERTEX_POINT('',#1456);
#434=VERTEX_POINT('',#1458);
#435=VERTEX_POINT('',#1460);
#436=VERTEX_POINT('',#1490);
#437=VERTEX_POINT('',#1491);
#438=VERTEX_POINT('',#1493);
#439=VERTEX_POINT('',#1495);
#440=VERTEX_POINT('',#1498);
#441=VERTEX_POINT('',#1500);
#442=VERTEX_POINT('',#1502);
#443=VERTEX_POINT('',#1504);
#444=VERTEX_POINT('',#1506);
#445=VERTEX_POINT('',#1508);
#446=VERTEX_POINT('',#1510);
#447=VERTEX_POINT('',#1512);
#448=VERTEX_POINT('',#1514);
#449=VERTEX_POINT('',#1517);
#450=VERTEX_POINT('',#1521);
#451=VERTEX_POINT('',#1522);
#452=VERTEX_POINT('',#1550);
#453=VERTEX_POINT('',#1552);
#454=VERTEX_POINT('',#1580);
#455=VERTEX_POINT('',#1582);
#456=VERTEX_POINT('',#1610);
#457=VERTEX_POINT('',#1612);
#458=VERTEX_POINT('',#1635);
#459=VERTEX_POINT('',#1645);
#460=VERTEX_POINT('',#1647);
#461=VERTEX_POINT('',#1670);
#462=VERTEX_POINT('',#1684);
#463=VERTEX_POINT('',#1686);
#464=VERTEX_POINT('',#1688);
#465=VERTEX_POINT('',#1709);
#466=VERTEX_POINT('',#1712);
#467=VERTEX_POINT('',#1717);
#468=VERTEX_POINT('',#1744);
#469=VERTEX_POINT('',#1746);
#470=VERTEX_POINT('',#1757);
#471=VERTEX_POINT('',#1784);
#472=VERTEX_POINT('',#1785);
#473=VERTEX_POINT('',#1829);
#474=VERTEX_POINT('',#1832);
#475=VERTEX_POINT('',#1834);
#476=VERTEX_POINT('',#1846);
#477=VERTEX_POINT('',#1848);
#478=VERTEX_POINT('',#1864);
#479=VERTEX_POINT('',#1866);
#480=VERTEX_POINT('',#1882);
#481=VERTEX_POINT('',#1884);
#482=VERTEX_POINT('',#1900);
#483=VERTEX_POINT('',#1902);
#484=VERTEX_POINT('',#1918);
#485=VERTEX_POINT('',#1920);
#486=VERTEX_POINT('',#1935);
#487=VERTEX_POINT('',#1937);
#488=VERTEX_POINT('',#1942);
#489=VERTEX_POINT('',#1944);
#490=VERTEX_POINT('',#1949);
#491=VERTEX_POINT('',#1954);
#492=VERTEX_POINT('',#1959);
#493=VERTEX_POINT('',#1961);
#494=VERTEX_POINT('',#1966);
#495=VERTEX_POINT('',#1971);
#496=VERTEX_POINT('',#1975);
#497=VERTEX_POINT('',#1985);
#498=VERTEX_POINT('',#1989);
#499=VERTEX_POINT('',#1993);
#500=VERTEX_POINT('',#1997);
#501=VERTEX_POINT('',#2001);
#502=VERTEX_POINT('',#2005);
#503=VERTEX_POINT('',#2009);
#504=VERTEX_POINT('',#2013);
#505=VERTEX_POINT('',#2017);
#506=VERTEX_POINT('',#2021);
#507=VERTEX_POINT('',#2022);
#508=VERTEX_POINT('',#2027);
#509=VERTEX_POINT('',#2031);
#510=VERTEX_POINT('',#2037);
#511=VERTEX_POINT('',#2039);
#512=EDGE_CURVE('',#416,#417,#292,.T.);
#513=EDGE_CURVE('',#416,#418,#293,.T.);
#514=EDGE_CURVE('',#419,#418,#294,.T.);
#515=EDGE_CURVE('',#417,#419,#295,.T.);
#516=EDGE_CURVE('',#420,#416,#296,.T.);
#517=EDGE_CURVE('',#420,#421,#297,.T.);
#518=EDGE_CURVE('',#418,#421,#298,.T.);
#519=EDGE_CURVE('',#422,#420,#299,.T.);
#520=EDGE_CURVE('',#422,#423,#300,.T.);
#521=EDGE_CURVE('',#421,#423,#301,.T.);
#522=EDGE_CURVE('',#417,#422,#302,.T.);
#523=EDGE_CURVE('',#423,#419,#303,.T.);
#524=EDGE_CURVE('',#424,#424,#88,.T.);
#525=EDGE_CURVE('',#424,#425,#304,.T.);
#526=EDGE_CURVE('',#425,#425,#89,.T.);
#527=EDGE_CURVE('',#426,#426,#90,.T.);
#528=EDGE_CURVE('',#426,#427,#305,.T.);
#529=EDGE_CURVE('',#427,#427,#91,.T.);
#530=EDGE_CURVE('',#428,#428,#92,.T.);
#531=EDGE_CURVE('',#428,#429,#306,.T.);
#532=EDGE_CURVE('',#430,#429,#93,.T.);
#533=EDGE_CURVE('',#431,#430,#65,.T.);
#534=EDGE_CURVE('',#429,#431,#94,.T.);
#535=EDGE_CURVE('',#432,#432,#95,.T.);
#536=EDGE_CURVE('',#432,#433,#307,.T.);
#537=EDGE_CURVE('',#434,#433,#96,.T.);
#538=EDGE_CURVE('',#435,#434,#66,.T.);
#539=EDGE_CURVE('',#433,#435,#97,.T.);
#540=EDGE_CURVE('',#436,#437,#308,.T.);
#541=EDGE_CURVE('',#437,#438,#309,.T.);
#542=EDGE_CURVE('',#438,#439,#310,.T.);
#543=EDGE_CURVE('',#439,#436,#311,.T.);
#544=EDGE_CURVE('',#440,#440,#98,.T.);
#545=EDGE_CURVE('',#441,#441,#99,.T.);
#546=EDGE_CURVE('',#442,#442,#100,.T.);
#547=EDGE_CURVE('',#443,#443,#101,.T.);
#548=EDGE_CURVE('',#444,#444,#102,.T.);
#549=EDGE_CURVE('',#445,#445,#103,.T.);
#550=EDGE_CURVE('',#446,#446,#104,.T.);
#551=EDGE_CURVE('',#447,#447,#105,.T.);
#552=EDGE_CURVE('',#448,#448,#106,.T.);
#553=EDGE_CURVE('',#434,#431,#107,.T.);
#554=EDGE_CURVE('',#449,#435,#108,.T.);
#555=EDGE_CURVE('',#430,#449,#109,.T.);
#556=EDGE_CURVE('',#450,#451,#67,.T.);
#557=EDGE_CURVE('',#451,#452,#110,.T.);
#558=EDGE_CURVE('',#452,#453,#68,.T.);
#559=EDGE_CURVE('',#453,#454,#111,.T.);
#560=EDGE_CURVE('',#454,#455,#69,.T.);
#561=EDGE_CURVE('',#455,#456,#112,.T.);
#562=EDGE_CURVE('',#456,#457,#70,.T.);
#563=EDGE_CURVE('',#457,#458,#71,.T.);
#564=EDGE_CURVE('',#458,#459,#113,.T.);
#565=EDGE_CURVE('',#459,#460,#72,.T.);
#566=EDGE_CURVE('',#460,#461,#73,.T.);
#567=EDGE_CURVE('',#461,#462,#114,.T.);
#568=EDGE_CURVE('',#462,#463,#312,.T.);
#569=EDGE_CURVE('',#463,#464,#74,.T.);
#570=EDGE_CURVE('',#464,#465,#313,.T.);
#571=EDGE_CURVE('',#465,#465,#115,.T.);
#572=EDGE_CURVE('',#464,#466,#75,.T.);
#573=EDGE_CURVE('',#466,#467,#76,.T.);
#574=EDGE_CURVE('',#467,#463,#77,.T.);
#575=EDGE_CURVE('',#462,#468,#116,.T.);
#576=EDGE_CURVE('',#468,#469,#78,.T.);
#577=EDGE_CURVE('',#469,#470,#79,.T.);
#578=EDGE_CURVE('',#470,#450,#117,.T.);
#579=EDGE_CURVE('',#471,#472,#80,.T.);
#580=EDGE_CURVE('',#472,#471,#81,.T.);
#581=EDGE_CURVE('',#473,#473,#118,.T.);
#582=EDGE_CURVE('',#473,#462,#314,.T.);
#583=EDGE_CURVE('',#474,#461,#315,.T.);
#584=EDGE_CURVE('',#475,#474,#82,.T.);
#585=EDGE_CURVE('',#459,#475,#316,.T.);
#586=EDGE_CURVE('',#476,#458,#317,.T.);
#587=EDGE_CURVE('',#477,#476,#83,.T.);
#588=EDGE_CURVE('',#456,#477,#318,.T.);
#589=EDGE_CURVE('',#478,#455,#319,.T.);
#590=EDGE_CURVE('',#479,#478,#84,.T.);
#591=EDGE_CURVE('',#454,#479,#320,.T.);
#592=EDGE_CURVE('',#480,#453,#321,.T.);
#593=EDGE_CURVE('',#481,#480,#85,.T.);
#594=EDGE_CURVE('',#452,#481,#322,.T.);
#595=EDGE_CURVE('',#482,#451,#323,.T.);
#596=EDGE_CURVE('',#483,#482,#86,.T.);
#597=EDGE_CURVE('',#450,#483,#324,.T.);
#598=EDGE_CURVE('',#484,#470,#325,.T.);
#599=EDGE_CURVE('',#485,#484,#87,.T.);
#600=EDGE_CURVE('',#468,#485,#326,.T.);
#601=EDGE_CURVE('',#449,#473,#327,.T.);
#602=EDGE_CURVE('',#486,#486,#119,.T.);
#603=EDGE_CURVE('',#486,#487,#328,.T.);
#604=EDGE_CURVE('',#487,#482,#120,.T.);
#605=EDGE_CURVE('',#483,#487,#121,.T.);
#606=EDGE_CURVE('',#488,#488,#122,.T.);
#607=EDGE_CURVE('',#488,#489,#329,.T.);
#608=EDGE_CURVE('',#489,#478,#123,.T.);
#609=EDGE_CURVE('',#479,#489,#124,.T.);
#610=EDGE_CURVE('',#490,#490,#125,.T.);
#611=EDGE_CURVE('',#490,#460,#330,.T.);
#612=EDGE_CURVE('',#475,#474,#126,.T.);
#613=EDGE_CURVE('',#491,#491,#127,.T.);
#614=EDGE_CURVE('',#491,#457,#331,.T.);
#615=EDGE_CURVE('',#477,#476,#128,.T.);
#616=EDGE_CURVE('',#492,#492,#129,.T.);
#617=EDGE_CURVE('',#492,#493,#332,.T.);
#618=EDGE_CURVE('',#493,#480,#130,.T.);
#619=EDGE_CURVE('',#481,#493,#131,.T.);
#620=EDGE_CURVE('',#494,#494,#132,.T.);
#621=EDGE_CURVE('',#494,#469,#333,.T.);
#622=EDGE_CURVE('',#485,#484,#133,.T.);
#623=EDGE_CURVE('',#495,#495,#134,.T.);
#624=EDGE_CURVE('',#495,#472,#334,.T.);
#625=EDGE_CURVE('',#496,#496,#135,.T.);
#626=EDGE_CURVE('',#496,#466,#335,.T.);
#627=EDGE_CURVE('',#497,#497,#136,.T.);
#628=EDGE_CURVE('',#497,#448,#336,.T.);
#629=EDGE_CURVE('',#498,#498,#137,.T.);
#630=EDGE_CURVE('',#498,#447,#337,.T.);
#631=EDGE_CURVE('',#499,#499,#138,.T.);
#632=EDGE_CURVE('',#499,#446,#338,.T.);
#633=EDGE_CURVE('',#500,#500,#139,.T.);
#634=EDGE_CURVE('',#500,#445,#339,.T.);
#635=EDGE_CURVE('',#501,#501,#140,.T.);
#636=EDGE_CURVE('',#501,#444,#340,.T.);
#637=EDGE_CURVE('',#502,#502,#141,.T.);
#638=EDGE_CURVE('',#502,#443,#341,.T.);
#639=EDGE_CURVE('',#503,#503,#142,.T.);
#640=EDGE_CURVE('',#503,#442,#342,.T.);
#641=EDGE_CURVE('',#504,#504,#143,.T.);
#642=EDGE_CURVE('',#504,#441,#343,.T.);
#643=EDGE_CURVE('',#505,#505,#144,.T.);
#644=EDGE_CURVE('',#505,#440,#344,.T.);
#645=EDGE_CURVE('',#506,#507,#345,.T.);
#646=EDGE_CURVE('',#506,#436,#346,.T.);
#647=EDGE_CURVE('',#507,#439,#347,.T.);
#648=EDGE_CURVE('',#507,#508,#348,.T.);
#649=EDGE_CURVE('',#508,#438,#349,.T.);
#650=EDGE_CURVE('',#508,#509,#350,.T.);
#651=EDGE_CURVE('',#509,#437,#351,.T.);
#652=EDGE_CURVE('',#509,#506,#352,.T.);
#653=EDGE_CURVE('',#510,#510,#145,.T.);
#654=EDGE_CURVE('',#510,#511,#353,.T.);
#655=EDGE_CURVE('',#511,#511,#146,.T.);
#656=ORIENTED_EDGE('',*,*,#512,.F.);
#657=ORIENTED_EDGE('',*,*,#513,.T.);
#658=ORIENTED_EDGE('',*,*,#514,.F.);
#659=ORIENTED_EDGE('',*,*,#515,.F.);
#660=ORIENTED_EDGE('',*,*,#516,.F.);
#661=ORIENTED_EDGE('',*,*,#517,.T.);
#662=ORIENTED_EDGE('',*,*,#518,.F.);
#663=ORIENTED_EDGE('',*,*,#513,.F.);
#664=ORIENTED_EDGE('',*,*,#519,.F.);
#665=ORIENTED_EDGE('',*,*,#520,.T.);
#666=ORIENTED_EDGE('',*,*,#521,.F.);
#667=ORIENTED_EDGE('',*,*,#517,.F.);
#668=ORIENTED_EDGE('',*,*,#522,.F.);
#669=ORIENTED_EDGE('',*,*,#515,.T.);
#670=ORIENTED_EDGE('',*,*,#523,.F.);
#671=ORIENTED_EDGE('',*,*,#520,.F.);
#672=ORIENTED_EDGE('',*,*,#524,.F.);
#673=ORIENTED_EDGE('',*,*,#525,.T.);
#674=ORIENTED_EDGE('',*,*,#526,.F.);
#675=ORIENTED_EDGE('',*,*,#525,.F.);
#676=ORIENTED_EDGE('',*,*,#527,.F.);
#677=ORIENTED_EDGE('',*,*,#528,.T.);
#678=ORIENTED_EDGE('',*,*,#529,.F.);
#679=ORIENTED_EDGE('',*,*,#528,.F.);
#680=ORIENTED_EDGE('',*,*,#530,.F.);
#681=ORIENTED_EDGE('',*,*,#531,.T.);
#682=ORIENTED_EDGE('',*,*,#532,.F.);
#683=ORIENTED_EDGE('',*,*,#533,.F.);
#684=ORIENTED_EDGE('',*,*,#534,.F.);
#685=ORIENTED_EDGE('',*,*,#531,.F.);
#686=ORIENTED_EDGE('',*,*,#535,.F.);
#687=ORIENTED_EDGE('',*,*,#536,.T.);
#688=ORIENTED_EDGE('',*,*,#537,.F.);
#689=ORIENTED_EDGE('',*,*,#538,.F.);
#690=ORIENTED_EDGE('',*,*,#539,.F.);
#691=ORIENTED_EDGE('',*,*,#536,.F.);
#692=ORIENTED_EDGE('',*,*,#540,.T.);
#693=ORIENTED_EDGE('',*,*,#541,.T.);
#694=ORIENTED_EDGE('',*,*,#542,.T.);
#695=ORIENTED_EDGE('',*,*,#543,.T.);
#696=ORIENTED_EDGE('',*,*,#512,.T.);
#697=ORIENTED_EDGE('',*,*,#522,.T.);
#698=ORIENTED_EDGE('',*,*,#519,.T.);
#699=ORIENTED_EDGE('',*,*,#516,.T.);
#700=ORIENTED_EDGE('',*,*,#524,.T.);
#701=ORIENTED_EDGE('',*,*,#527,.T.);
#702=ORIENTED_EDGE('',*,*,#544,.T.);
#703=ORIENTED_EDGE('',*,*,#545,.T.);
#704=ORIENTED_EDGE('',*,*,#546,.T.);
#705=ORIENTED_EDGE('',*,*,#547,.T.);
#706=ORIENTED_EDGE('',*,*,#548,.T.);
#707=ORIENTED_EDGE('',*,*,#549,.T.);
#708=ORIENTED_EDGE('',*,*,#550,.T.);
#709=ORIENTED_EDGE('',*,*,#551,.T.);
#710=ORIENTED_EDGE('',*,*,#552,.T.);
#711=ORIENTED_EDGE('',*,*,#532,.T.);
#712=ORIENTED_EDGE('',*,*,#534,.T.);
#713=ORIENTED_EDGE('',*,*,#553,.F.);
#714=ORIENTED_EDGE('',*,*,#537,.T.);
#715=ORIENTED_EDGE('',*,*,#539,.T.);
#716=ORIENTED_EDGE('',*,*,#554,.F.);
#717=ORIENTED_EDGE('',*,*,#555,.F.);
#718=ORIENTED_EDGE('',*,*,#556,.T.);
#719=ORIENTED_EDGE('',*,*,#557,.T.);
#720=ORIENTED_EDGE('',*,*,#558,.T.);
#721=ORIENTED_EDGE('',*,*,#559,.T.);
#722=ORIENTED_EDGE('',*,*,#560,.T.);
#723=ORIENTED_EDGE('',*,*,#561,.T.);
#724=ORIENTED_EDGE('',*,*,#562,.T.);
#725=ORIENTED_EDGE('',*,*,#563,.T.);
#726=ORIENTED_EDGE('',*,*,#564,.T.);
#727=ORIENTED_EDGE('',*,*,#565,.T.);
#728=ORIENTED_EDGE('',*,*,#566,.T.);
#729=ORIENTED_EDGE('',*,*,#567,.T.);
#730=ORIENTED_EDGE('',*,*,#568,.T.);
#731=ORIENTED_EDGE('',*,*,#569,.T.);
#732=ORIENTED_EDGE('',*,*,#570,.T.);
#733=ORIENTED_EDGE('',*,*,#571,.F.);
#734=ORIENTED_EDGE('',*,*,#570,.F.);
#735=ORIENTED_EDGE('',*,*,#572,.T.);
#736=ORIENTED_EDGE('',*,*,#573,.T.);
#737=ORIENTED_EDGE('',*,*,#574,.T.);
#738=ORIENTED_EDGE('',*,*,#568,.F.);
#739=ORIENTED_EDGE('',*,*,#575,.T.);
#740=ORIENTED_EDGE('',*,*,#576,.T.);
#741=ORIENTED_EDGE('',*,*,#577,.T.);
#742=ORIENTED_EDGE('',*,*,#578,.T.);
#743=ORIENTED_EDGE('',*,*,#579,.T.);
#744=ORIENTED_EDGE('',*,*,#580,.T.);
#745=ORIENTED_EDGE('',*,*,#581,.T.);
#746=ORIENTED_EDGE('',*,*,#582,.T.);
#747=ORIENTED_EDGE('',*,*,#567,.F.);
#748=ORIENTED_EDGE('',*,*,#583,.F.);
#749=ORIENTED_EDGE('',*,*,#584,.F.);
#750=ORIENTED_EDGE('',*,*,#585,.F.);
#751=ORIENTED_EDGE('',*,*,#564,.F.);
#752=ORIENTED_EDGE('',*,*,#586,.F.);
#753=ORIENTED_EDGE('',*,*,#587,.F.);
#754=ORIENTED_EDGE('',*,*,#588,.F.);
#755=ORIENTED_EDGE('',*,*,#561,.F.);
#756=ORIENTED_EDGE('',*,*,#589,.F.);
#757=ORIENTED_EDGE('',*,*,#590,.F.);
#758=ORIENTED_EDGE('',*,*,#591,.F.);
#759=ORIENTED_EDGE('',*,*,#559,.F.);
#760=ORIENTED_EDGE('',*,*,#592,.F.);
#761=ORIENTED_EDGE('',*,*,#593,.F.);
#762=ORIENTED_EDGE('',*,*,#594,.F.);
#763=ORIENTED_EDGE('',*,*,#557,.F.);
#764=ORIENTED_EDGE('',*,*,#595,.F.);
#765=ORIENTED_EDGE('',*,*,#596,.F.);
#766=ORIENTED_EDGE('',*,*,#597,.F.);
#767=ORIENTED_EDGE('',*,*,#578,.F.);
#768=ORIENTED_EDGE('',*,*,#598,.F.);
#769=ORIENTED_EDGE('',*,*,#599,.F.);
#770=ORIENTED_EDGE('',*,*,#600,.F.);
#771=ORIENTED_EDGE('',*,*,#575,.F.);
#772=ORIENTED_EDGE('',*,*,#582,.F.);
#773=ORIENTED_EDGE('',*,*,#533,.T.);
#774=ORIENTED_EDGE('',*,*,#555,.T.);
#775=ORIENTED_EDGE('',*,*,#601,.T.);
#776=ORIENTED_EDGE('',*,*,#581,.F.);
#777=ORIENTED_EDGE('',*,*,#601,.F.);
#778=ORIENTED_EDGE('',*,*,#554,.T.);
#779=ORIENTED_EDGE('',*,*,#538,.T.);
#780=ORIENTED_EDGE('',*,*,#553,.T.);
#781=ORIENTED_EDGE('',*,*,#602,.F.);
#782=ORIENTED_EDGE('',*,*,#603,.T.);
#783=ORIENTED_EDGE('',*,*,#604,.T.);
#784=ORIENTED_EDGE('',*,*,#595,.T.);
#785=ORIENTED_EDGE('',*,*,#556,.F.);
#786=ORIENTED_EDGE('',*,*,#597,.T.);
#787=ORIENTED_EDGE('',*,*,#605,.T.);
#788=ORIENTED_EDGE('',*,*,#603,.F.);
#789=ORIENTED_EDGE('',*,*,#606,.F.);
#790=ORIENTED_EDGE('',*,*,#607,.T.);
#791=ORIENTED_EDGE('',*,*,#608,.T.);
#792=ORIENTED_EDGE('',*,*,#589,.T.);
#793=ORIENTED_EDGE('',*,*,#560,.F.);
#794=ORIENTED_EDGE('',*,*,#591,.T.);
#795=ORIENTED_EDGE('',*,*,#609,.T.);
#796=ORIENTED_EDGE('',*,*,#607,.F.);
#797=ORIENTED_EDGE('',*,*,#610,.F.);
#798=ORIENTED_EDGE('',*,*,#611,.T.);
#799=ORIENTED_EDGE('',*,*,#565,.F.);
#800=ORIENTED_EDGE('',*,*,#585,.T.);
#801=ORIENTED_EDGE('',*,*,#612,.T.);
#802=ORIENTED_EDGE('',*,*,#583,.T.);
#803=ORIENTED_EDGE('',*,*,#566,.F.);
#804=ORIENTED_EDGE('',*,*,#611,.F.);
#805=ORIENTED_EDGE('',*,*,#613,.F.);
#806=ORIENTED_EDGE('',*,*,#614,.T.);
#807=ORIENTED_EDGE('',*,*,#562,.F.);
#808=ORIENTED_EDGE('',*,*,#588,.T.);
#809=ORIENTED_EDGE('',*,*,#615,.T.);
#810=ORIENTED_EDGE('',*,*,#586,.T.);
#811=ORIENTED_EDGE('',*,*,#563,.F.);
#812=ORIENTED_EDGE('',*,*,#614,.F.);
#813=ORIENTED_EDGE('',*,*,#616,.F.);
#814=ORIENTED_EDGE('',*,*,#617,.T.);
#815=ORIENTED_EDGE('',*,*,#618,.T.);
#816=ORIENTED_EDGE('',*,*,#592,.T.);
#817=ORIENTED_EDGE('',*,*,#558,.F.);
#818=ORIENTED_EDGE('',*,*,#594,.T.);
#819=ORIENTED_EDGE('',*,*,#619,.T.);
#820=ORIENTED_EDGE('',*,*,#617,.F.);
#821=ORIENTED_EDGE('',*,*,#620,.F.);
#822=ORIENTED_EDGE('',*,*,#621,.T.);
#823=ORIENTED_EDGE('',*,*,#576,.F.);
#824=ORIENTED_EDGE('',*,*,#600,.T.);
#825=ORIENTED_EDGE('',*,*,#622,.T.);
#826=ORIENTED_EDGE('',*,*,#598,.T.);
#827=ORIENTED_EDGE('',*,*,#577,.F.);
#828=ORIENTED_EDGE('',*,*,#621,.F.);
#829=ORIENTED_EDGE('',*,*,#623,.F.);
#830=ORIENTED_EDGE('',*,*,#624,.T.);
#831=ORIENTED_EDGE('',*,*,#579,.F.);
#832=ORIENTED_EDGE('',*,*,#580,.F.);
#833=ORIENTED_EDGE('',*,*,#624,.F.);
#834=ORIENTED_EDGE('',*,*,#625,.F.);
#835=ORIENTED_EDGE('',*,*,#626,.T.);
#836=ORIENTED_EDGE('',*,*,#572,.F.);
#837=ORIENTED_EDGE('',*,*,#569,.F.);
#838=ORIENTED_EDGE('',*,*,#574,.F.);
#839=ORIENTED_EDGE('',*,*,#573,.F.);
#840=ORIENTED_EDGE('',*,*,#626,.F.);
#841=ORIENTED_EDGE('',*,*,#596,.T.);
#842=ORIENTED_EDGE('',*,*,#604,.F.);
#843=ORIENTED_EDGE('',*,*,#605,.F.);
#844=ORIENTED_EDGE('',*,*,#590,.T.);
#845=ORIENTED_EDGE('',*,*,#608,.F.);
#846=ORIENTED_EDGE('',*,*,#609,.F.);
#847=ORIENTED_EDGE('',*,*,#584,.T.);
#848=ORIENTED_EDGE('',*,*,#612,.F.);
#849=ORIENTED_EDGE('',*,*,#587,.T.);
#850=ORIENTED_EDGE('',*,*,#615,.F.);
#851=ORIENTED_EDGE('',*,*,#593,.T.);
#852=ORIENTED_EDGE('',*,*,#618,.F.);
#853=ORIENTED_EDGE('',*,*,#619,.F.);
#854=ORIENTED_EDGE('',*,*,#599,.T.);
#855=ORIENTED_EDGE('',*,*,#622,.F.);
#856=ORIENTED_EDGE('',*,*,#627,.F.);
#857=ORIENTED_EDGE('',*,*,#628,.T.);
#858=ORIENTED_EDGE('',*,*,#552,.F.);
#859=ORIENTED_EDGE('',*,*,#628,.F.);
#860=ORIENTED_EDGE('',*,*,#629,.F.);
#861=ORIENTED_EDGE('',*,*,#630,.T.);
#862=ORIENTED_EDGE('',*,*,#551,.F.);
#863=ORIENTED_EDGE('',*,*,#630,.F.);
#864=ORIENTED_EDGE('',*,*,#631,.F.);
#865=ORIENTED_EDGE('',*,*,#632,.T.);
#866=ORIENTED_EDGE('',*,*,#550,.F.);
#867=ORIENTED_EDGE('',*,*,#632,.F.);
#868=ORIENTED_EDGE('',*,*,#633,.F.);
#869=ORIENTED_EDGE('',*,*,#634,.T.);
#870=ORIENTED_EDGE('',*,*,#549,.F.);
#871=ORIENTED_EDGE('',*,*,#634,.F.);
#872=ORIENTED_EDGE('',*,*,#635,.F.);
#873=ORIENTED_EDGE('',*,*,#636,.T.);
#874=ORIENTED_EDGE('',*,*,#548,.F.);
#875=ORIENTED_EDGE('',*,*,#636,.F.);
#876=ORIENTED_EDGE('',*,*,#637,.F.);
#877=ORIENTED_EDGE('',*,*,#638,.T.);
#878=ORIENTED_EDGE('',*,*,#547,.F.);
#879=ORIENTED_EDGE('',*,*,#638,.F.);
#880=ORIENTED_EDGE('',*,*,#639,.F.);
#881=ORIENTED_EDGE('',*,*,#640,.T.);
#882=ORIENTED_EDGE('',*,*,#546,.F.);
#883=ORIENTED_EDGE('',*,*,#640,.F.);
#884=ORIENTED_EDGE('',*,*,#641,.F.);
#885=ORIENTED_EDGE('',*,*,#642,.T.);
#886=ORIENTED_EDGE('',*,*,#545,.F.);
#887=ORIENTED_EDGE('',*,*,#642,.F.);
#888=ORIENTED_EDGE('',*,*,#643,.F.);
#889=ORIENTED_EDGE('',*,*,#644,.T.);
#890=ORIENTED_EDGE('',*,*,#544,.F.);
#891=ORIENTED_EDGE('',*,*,#644,.F.);
#892=ORIENTED_EDGE('',*,*,#645,.F.);
#893=ORIENTED_EDGE('',*,*,#646,.T.);
#894=ORIENTED_EDGE('',*,*,#543,.F.);
#895=ORIENTED_EDGE('',*,*,#647,.F.);
#896=ORIENTED_EDGE('',*,*,#648,.F.);
#897=ORIENTED_EDGE('',*,*,#647,.T.);
#898=ORIENTED_EDGE('',*,*,#542,.F.);
#899=ORIENTED_EDGE('',*,*,#649,.F.);
#900=ORIENTED_EDGE('',*,*,#650,.F.);
#901=ORIENTED_EDGE('',*,*,#649,.T.);
#902=ORIENTED_EDGE('',*,*,#541,.F.);
#903=ORIENTED_EDGE('',*,*,#651,.F.);
#904=ORIENTED_EDGE('',*,*,#652,.F.);
#905=ORIENTED_EDGE('',*,*,#651,.T.);
#906=ORIENTED_EDGE('',*,*,#540,.F.);
#907=ORIENTED_EDGE('',*,*,#646,.F.);
#908=ORIENTED_EDGE('',*,*,#653,.F.);
#909=ORIENTED_EDGE('',*,*,#654,.T.);
#910=ORIENTED_EDGE('',*,*,#655,.F.);
#911=ORIENTED_EDGE('',*,*,#654,.F.);
#912=ORIENTED_EDGE('',*,*,#652,.T.);
#913=ORIENTED_EDGE('',*,*,#645,.T.);
#914=ORIENTED_EDGE('',*,*,#648,.T.);
#915=ORIENTED_EDGE('',*,*,#650,.T.);
#916=ORIENTED_EDGE('',*,*,#514,.T.);
#917=ORIENTED_EDGE('',*,*,#518,.T.);
#918=ORIENTED_EDGE('',*,*,#521,.T.);
#919=ORIENTED_EDGE('',*,*,#523,.T.);
#920=ORIENTED_EDGE('',*,*,#526,.T.);
#921=ORIENTED_EDGE('',*,*,#529,.T.);
#922=ORIENTED_EDGE('',*,*,#530,.T.);
#923=ORIENTED_EDGE('',*,*,#535,.T.);
#924=ORIENTED_EDGE('',*,*,#627,.T.);
#925=ORIENTED_EDGE('',*,*,#629,.T.);
#926=ORIENTED_EDGE('',*,*,#631,.T.);
#927=ORIENTED_EDGE('',*,*,#633,.T.);
#928=ORIENTED_EDGE('',*,*,#635,.T.);
#929=ORIENTED_EDGE('',*,*,#637,.T.);
#930=ORIENTED_EDGE('',*,*,#639,.T.);
#931=ORIENTED_EDGE('',*,*,#641,.T.);
#932=ORIENTED_EDGE('',*,*,#643,.T.);
#933=ORIENTED_EDGE('',*,*,#653,.T.);
#934=ORIENTED_EDGE('',*,*,#571,.T.);
#935=ORIENTED_EDGE('',*,*,#602,.T.);
#936=ORIENTED_EDGE('',*,*,#606,.T.);
#937=ORIENTED_EDGE('',*,*,#610,.T.);
#938=ORIENTED_EDGE('',*,*,#623,.T.);
#939=ORIENTED_EDGE('',*,*,#625,.T.);
#940=ORIENTED_EDGE('',*,*,#613,.T.);
#941=ORIENTED_EDGE('',*,*,#616,.T.);
#942=ORIENTED_EDGE('',*,*,#620,.T.);
#943=ORIENTED_EDGE('',*,*,#655,.T.);
#944=PLANE('',#1012);
#945=PLANE('',#1013);
#946=PLANE('',#1014);
#947=PLANE('',#1015);
#948=PLANE('',#1030);
#949=PLANE('',#1104);
#950=PLANE('',#1105);
#951=PLANE('',#1106);
#952=PLANE('',#1107);
#953=PLANE('',#1111);
#954=PLANE('',#1112);
#955=ADVANCED_FACE('',(#170),#944,.F.);
#956=ADVANCED_FACE('',(#171),#945,.F.);
#957=ADVANCED_FACE('',(#172),#946,.F.);
#958=ADVANCED_FACE('',(#173),#947,.F.);
#959=ADVANCED_FACE('',(#174),#147,.F.);
#960=ADVANCED_FACE('',(#175),#148,.F.);
#961=ADVANCED_FACE('',(#176),#149,.F.);
#962=ADVANCED_FACE('',(#177),#150,.F.);
#963=ADVANCED_FACE('',(#178,#27,#28,#29,#30,#31,#32,#33,#34,#35,#36,#37,
#38,#39),#948,.F.);
#964=ADVANCED_FACE('',(#179,#40),#19,.T.);
#965=ADVANCED_FACE('',(#180),#151,.T.);
#966=ADVANCED_FACE('',(#181),#20,.T.);
#967=ADVANCED_FACE('',(#182),#152,.F.);
#968=ADVANCED_FACE('',(#183),#153,.F.);
#969=ADVANCED_FACE('',(#184),#154,.F.);
#970=ADVANCED_FACE('',(#185),#155,.F.);
#971=ADVANCED_FACE('',(#186),#156,.F.);
#972=ADVANCED_FACE('',(#187),#157,.F.);
#973=ADVANCED_FACE('',(#188),#158,.F.);
#974=ADVANCED_FACE('',(#189),#159,.F.);
#975=ADVANCED_FACE('',(#190),#21,.F.);
#976=ADVANCED_FACE('',(#191),#22,.F.);
#977=ADVANCED_FACE('',(#192),#23,.F.);
#978=ADVANCED_FACE('',(#193),#24,.F.);
#979=ADVANCED_FACE('',(#194),#25,.F.);
#980=ADVANCED_FACE('',(#195),#26,.F.);
#981=ADVANCED_FACE('',(#196),#160,.F.);
#982=ADVANCED_FACE('',(#197),#161,.F.);
#983=ADVANCED_FACE('',(#198),#162,.F.);
#984=ADVANCED_FACE('',(#199),#163,.F.);
#985=ADVANCED_FACE('',(#200),#164,.F.);
#986=ADVANCED_FACE('',(#201),#165,.F.);
#987=ADVANCED_FACE('',(#202),#166,.F.);
#988=ADVANCED_FACE('',(#203),#167,.F.);
#989=ADVANCED_FACE('',(#204),#168,.F.);
#990=ADVANCED_FACE('',(#205),#949,.T.);
#991=ADVANCED_FACE('',(#206),#950,.T.);
#992=ADVANCED_FACE('',(#207),#951,.T.);
#993=ADVANCED_FACE('',(#208),#952,.T.);
#994=ADVANCED_FACE('',(#209),#169,.F.);
#995=ADVANCED_FACE('',(#210,#41,#42,#43,#44,#45,#46,#47,#48,#49,#50,#51,
#52,#53,#54,#55),#953,.T.);
#996=ADVANCED_FACE('',(#211,#56,#57,#58,#59,#60,#61,#62,#63,#64),#954,.F.);
#997=CLOSED_SHELL('',(#955,#956,#957,#958,#959,#960,#961,#962,#963,#964,
#965,#966,#967,#968,#969,#970,#971,#972,#973,#974,#975,#976,#977,#978,#979,
#980,#981,#982,#983,#984,#985,#986,#987,#988,#989,#990,#991,#992,#993,#994,
#995,#996));
#998=DERIVED_UNIT_ELEMENT(#1000,1.);
#999=DERIVED_UNIT_ELEMENT(#2052,-3.);
#1000=(
MASS_UNIT()
NAMED_UNIT(*)
SI_UNIT(.KILO.,.GRAM.)
);
#1001=DERIVED_UNIT((#998,#999));
#1002=MEASURE_REPRESENTATION_ITEM('density measure',
POSITIVE_RATIO_MEASURE(7850.),#1001);
#1003=PROPERTY_DEFINITION_REPRESENTATION(#1008,#1005);
#1004=PROPERTY_DEFINITION_REPRESENTATION(#1009,#1006);
#1005=REPRESENTATION('material name',(#1007),#2049);
#1006=REPRESENTATION('density',(#1002),#2049);
#1007=DESCRIPTIVE_REPRESENTATION_ITEM('Steel','Steel');
#1008=PROPERTY_DEFINITION('material property','material name',#2064);
#1009=PROPERTY_DEFINITION('material property','density of part',#2064);
#1010=AXIS2_PLACEMENT_3D('',#1384,#1114,#1115);
#1011=AXIS2_PLACEMENT_3D('',#1385,#1116,#1117);
#1012=AXIS2_PLACEMENT_3D('',#1386,#1118,#1119);
#1013=AXIS2_PLACEMENT_3D('',#1395,#1124,#1125);
#1014=AXIS2_PLACEMENT_3D('',#1401,#1129,#1130);
#1015=AXIS2_PLACEMENT_3D('',#1407,#1134,#1135);
#1016=AXIS2_PLACEMENT_3D('',#1410,#1138,#1139);
#1017=AXIS2_PLACEMENT_3D('',#1412,#1140,#1141);
#1018=AXIS2_PLACEMENT_3D('',#1415,#1143,#1144);
#1019=AXIS2_PLACEMENT_3D('',#1416,#1145,#1146);
#1020=AXIS2_PLACEMENT_3D('',#1418,#1147,#1148);
#1021=AXIS2_PLACEMENT_3D('',#1421,#1150,#1151);
#1022=AXIS2_PLACEMENT_3D('',#1422,#1152,#1153);
#1023=AXIS2_PLACEMENT_3D('',#1424,#1154,#1155);
#1024=AXIS2_PLACEMENT_3D('',#1428,#1157,#1158);
#1025=AXIS2_PLACEMENT_3D('',#1452,#1159,#1160);
#1026=AXIS2_PLACEMENT_3D('',#1453,#1161,#1162);
#1027=AXIS2_PLACEMENT_3D('',#1455,#1163,#1164);
#1028=AXIS2_PLACEMENT_3D('',#1459,#1166,#1167);
#1029=AXIS2_PLACEMENT_3D('',#1488,#1168,#1169);
#1030=AXIS2_PLACEMENT_3D('',#1489,#1170,#1171);
#1031=AXIS2_PLACEMENT_3D('',#1499,#1176,#1177);
#1032=AXIS2_PLACEMENT_3D('',#1501,#1178,#1179);
#1033=AXIS2_PLACEMENT_3D('',#1503,#1180,#1181);
#1034=AXIS2_PLACEMENT_3D('',#1505,#1182,#1183);
#1035=AXIS2_PLACEMENT_3D('',#1507,#1184,#1185);
#1036=AXIS2_PLACEMENT_3D('',#1509,#1186,#1187);
#1037=AXIS2_PLACEMENT_3D('',#1511,#1188,#1189);
#1038=AXIS2_PLACEMENT_3D('',#1513,#1190,#1191);
#1039=AXIS2_PLACEMENT_3D('',#1515,#1192,#1193);
#1040=AXIS2_PLACEMENT_3D('',#1516,#1194,#1195);
#1041=AXIS2_PLACEMENT_3D('',#1518,#1196,#1197);
#1042=AXIS2_PLACEMENT_3D('',#1519,#1198,#1199);
#1043=AXIS2_PLACEMENT_3D('',#1520,#1200,#1201);
#1044=AXIS2_PLACEMENT_3D('',#1551,#1202,#1203);
#1045=AXIS2_PLACEMENT_3D('',#1581,#1204,#1205);
#1046=AXIS2_PLACEMENT_3D('',#1611,#1206,#1207);
#1047=AXIS2_PLACEMENT_3D('',#1646,#1208,#1209);
#1048=AXIS2_PLACEMENT_3D('',#1685,#1210,#1211);
#1049=AXIS2_PLACEMENT_3D('',#1711,#1214,#1215);
#1050=AXIS2_PLACEMENT_3D('',#1745,#1216,#1217);
#1051=AXIS2_PLACEMENT_3D('',#1783,#1218,#1219);
#1052=AXIS2_PLACEMENT_3D('',#1828,#1220,#1221);
#1053=AXIS2_PLACEMENT_3D('',#1830,#1222,#1223);
#1054=AXIS2_PLACEMENT_3D('',#1932,#1237,#1238);
#1055=AXIS2_PLACEMENT_3D('',#1934,#1240,#1241);
#1056=AXIS2_PLACEMENT_3D('',#1936,#1242,#1243);
#1057=AXIS2_PLACEMENT_3D('',#1939,#1245,#1246);
#1058=AXIS2_PLACEMENT_3D('',#1940,#1247,#1248);
#1059=AXIS2_PLACEMENT_3D('',#1941,#1249,#1250);
#1060=AXIS2_PLACEMENT_3D('',#1943,#1251,#1252);
#1061=AXIS2_PLACEMENT_3D('',#1946,#1254,#1255);
#1062=AXIS2_PLACEMENT_3D('',#1947,#1256,#1257);
#1063=AXIS2_PLACEMENT_3D('',#1948,#1258,#1259);
#1064=AXIS2_PLACEMENT_3D('',#1950,#1260,#1261);
#1065=AXIS2_PLACEMENT_3D('',#1952,#1263,#1264);
#1066=AXIS2_PLACEMENT_3D('',#1953,#1265,#1266);
#1067=AXIS2_PLACEMENT_3D('',#1955,#1267,#1268);
#1068=AXIS2_PLACEMENT_3D('',#1957,#1270,#1271);
#1069=AXIS2_PLACEMENT_3D('',#1958,#1272,#1273);
#1070=AXIS2_PLACEMENT_3D('',#1960,#1274,#1275);
#1071=AXIS2_PLACEMENT_3D('',#1963,#1277,#1278);
#1072=AXIS2_PLACEMENT_3D('',#1964,#1279,#1280);
#1073=AXIS2_PLACEMENT_3D('',#1965,#1281,#1282);
#1074=AXIS2_PLACEMENT_3D('',#1967,#1283,#1284);
#1075=AXIS2_PLACEMENT_3D('',#1969,#1286,#1287);
#1076=AXIS2_PLACEMENT_3D('',#1970,#1288,#1289);
#1077=AXIS2_PLACEMENT_3D('',#1972,#1290,#1291);
#1078=AXIS2_PLACEMENT_3D('',#1974,#1293,#1294);
#1079=AXIS2_PLACEMENT_3D('',#1976,#1295,#1296);
#1080=AXIS2_PLACEMENT_3D('',#1978,#1298,#1299);
#1081=AXIS2_PLACEMENT_3D('',#1979,#1300,#1301);
#1082=AXIS2_PLACEMENT_3D('',#1980,#1302,#1303);
#1083=AXIS2_PLACEMENT_3D('',#1981,#1304,#1305);
#1084=AXIS2_PLACEMENT_3D('',#1982,#1306,#1307);
#1085=AXIS2_PLACEMENT_3D('',#1983,#1308,#1309);
#1086=AXIS2_PLACEMENT_3D('',#1984,#1310,#1311);
#1087=AXIS2_PLACEMENT_3D('',#1986,#1312,#1313);
#1088=AXIS2_PLACEMENT_3D('',#1988,#1315,#1316);
#1089=AXIS2_PLACEMENT_3D('',#1990,#1317,#1318);
#1090=AXIS2_PLACEMENT_3D('',#1992,#1320,#1321);
#1091=AXIS2_PLACEMENT_3D('',#1994,#1322,#1323);
#1092=AXIS2_PLACEMENT_3D('',#1996,#1325,#1326);
#1093=AXIS2_PLACEMENT_3D('',#1998,#1327,#1328);
#1094=AXIS2_PLACEMENT_3D('',#2000,#1330,#1331);
#1095=AXIS2_PLACEMENT_3D('',#2002,#1332,#1333);
#1096=AXIS2_PLACEMENT_3D('',#2004,#1335,#1336);
#1097=AXIS2_PLACEMENT_3D('',#2006,#1337,#1338);
#1098=AXIS2_PLACEMENT_3D('',#2008,#1340,#1341);
#1099=AXIS2_PLACEMENT_3D('',#2010,#1342,#1343);
#1100=AXIS2_PLACEMENT_3D('',#2012,#1345,#1346);
#1101=AXIS2_PLACEMENT_3D('',#2014,#1347,#1348);
#1102=AXIS2_PLACEMENT_3D('',#2016,#1350,#1351);
#1103=AXIS2_PLACEMENT_3D('',#2018,#1352,#1353);
#1104=AXIS2_PLACEMENT_3D('',#2020,#1355,#1356);
#1105=AXIS2_PLACEMENT_3D('',#2026,#1360,#1361);
#1106=AXIS2_PLACEMENT_3D('',#2030,#1364,#1365);
#1107=AXIS2_PLACEMENT_3D('',#2034,#1368,#1369);
#1108=AXIS2_PLACEMENT_3D('',#2036,#1371,#1372);
#1109=AXIS2_PLACEMENT_3D('',#2038,#1373,#1374);
#1110=AXIS2_PLACEMENT_3D('',#2041,#1376,#1377);
#1111=AXIS2_PLACEMENT_3D('',#2042,#1378,#1379);
#1112=AXIS2_PLACEMENT_3D('',#2043,#1380,#1381);
#1113=AXIS2_PLACEMENT_3D('',#2044,#1382,#1383);
#1114=DIRECTION('axis',(0.,0.,1.));
#1115=DIRECTION('refdir',(1.,0.,0.));
#1116=DIRECTION('axis',(0.,0.,1.));
#1117=DIRECTION('refdir',(1.,0.,0.));
#1118=DIRECTION('center_axis',(0.,-1.,0.));
#1119=DIRECTION('ref_axis',(1.,0.,0.));
#1120=DIRECTION('',(1.,0.,0.));
#1121=DIRECTION('',(0.,0.,1.));
#1122=DIRECTION('',(-1.,0.,0.));
#1123=DIRECTION('',(0.,0.,1.));
#1124=DIRECTION('center_axis',(-1.,0.,0.));
#1125=DIRECTION('ref_axis',(0.,-1.,0.));
#1126=DIRECTION('',(0.,-1.,0.));
#1127=DIRECTION('',(0.,0.,1.));
#1128=DIRECTION('',(0.,1.,0.));
#1129=DIRECTION('center_axis',(0.,1.,0.));
#1130=DIRECTION('ref_axis',(-1.,0.,0.));
#1131=DIRECTION('',(-1.,0.,0.));
#1132=DIRECTION('',(0.,0.,1.));
#1133=DIRECTION('',(1.,0.,0.));
#1134=DIRECTION('center_axis',(1.,0.,0.));
#1135=DIRECTION('ref_axis',(0.,1.,0.));
#1136=DIRECTION('',(0.,1.,0.));
#1137=DIRECTION('',(0.,-1.,0.));
#1138=DIRECTION('center_axis',(0.,0.,1.));
#1139=DIRECTION('ref_axis',(-1.,0.,0.));
#1140=DIRECTION('center_axis',(0.,0.,1.));
#1141=DIRECTION('ref_axis',(-1.,0.,0.));
#1142=DIRECTION('',(0.,0.,1.));
#1143=DIRECTION('center_axis',(0.,0.,-1.));
#1144=DIRECTION('ref_axis',(-1.,0.,0.));
#1145=DIRECTION('center_axis',(0.,0.,1.));
#1146=DIRECTION('ref_axis',(-1.,0.,0.));
#1147=DIRECTION('center_axis',(0.,0.,1.));
#1148=DIRECTION('ref_axis',(-1.,0.,0.));
#1149=DIRECTION('',(0.,0.,1.));
#1150=DIRECTION('center_axis',(0.,0.,-1.));
#1151=DIRECTION('ref_axis',(-1.,0.,0.));
#1152=DIRECTION('center_axis',(0.,0.,-1.));
#1153=DIRECTION('ref_axis',(1.,0.,0.));
#1154=DIRECTION('center_axis',(0.,0.,-1.));
#1155=DIRECTION('ref_axis',(1.,0.,0.));
#1156=DIRECTION('',(0.,0.,-1.));
#1157=DIRECTION('center_axis',(0.,0.,1.));
#1158=DIRECTION('ref_axis',(1.,0.,0.));
#1159=DIRECTION('center_axis',(0.,0.,1.));
#1160=DIRECTION('ref_axis',(1.,0.,0.));
#1161=DIRECTION('center_axis',(0.,0.,-1.));
#1162=DIRECTION('ref_axis',(1.,0.,0.));
#1163=DIRECTION('center_axis',(0.,0.,-1.));
#1164=DIRECTION('ref_axis',(1.,0.,0.));
#1165=DIRECTION('',(0.,0.,-1.));
#1166=DIRECTION('center_axis',(0.,0.,1.));
#1167=DIRECTION('ref_axis',(1.,0.,0.));
#1168=DIRECTION('center_axis',(0.,0.,1.));
#1169=DIRECTION('ref_axis',(1.,0.,0.));
#1170=DIRECTION('center_axis',(0.,0.,1.));
#1171=DIRECTION('ref_axis',(1.,0.,0.));
#1172=DIRECTION('',(0.,1.,0.));
#1173=DIRECTION('',(1.,0.,0.));
#1174=DIRECTION('',(0.,-1.,0.));
#1175=DIRECTION('',(-1.,0.,0.));
#1176=DIRECTION('center_axis',(0.,0.,1.));
#1177=DIRECTION('ref_axis',(1.,0.,0.));
#1178=DIRECTION('center_axis',(0.,0.,1.));
#1179=DIRECTION('ref_axis',(1.,0.,0.));
#1180=DIRECTION('center_axis',(0.,0.,1.));
#1181=DIRECTION('ref_axis',(1.,0.,0.));
#1182=DIRECTION('center_axis',(0.,0.,1.));
#1183=DIRECTION('ref_axis',(1.,0.,0.));
#1184=DIRECTION('center_axis',(0.,0.,1.));
#1185=DIRECTION('ref_axis',(1.,0.,0.));
#1186=DIRECTION('center_axis',(0.,0.,1.));
#1187=DIRECTION('ref_axis',(1.,0.,0.));
#1188=DIRECTION('center_axis',(0.,0.,1.));
#1189=DIRECTION('ref_axis',(1.,0.,0.));
#1190=DIRECTION('center_axis',(0.,0.,1.));
#1191=DIRECTION('ref_axis',(1.,0.,0.));
#1192=DIRECTION('center_axis',(0.,0.,1.));
#1193=DIRECTION('ref_axis',(1.,0.,0.));
#1194=DIRECTION('center_axis',(0.,0.,-1.));
#1195=DIRECTION('ref_axis',(1.,0.,0.));
#1196=DIRECTION('center_axis',(0.,0.,-1.));
#1197=DIRECTION('ref_axis',(1.,0.,0.));
#1198=DIRECTION('center_axis',(0.,0.,-1.));
#1199=DIRECTION('ref_axis',(1.,0.,0.));
#1200=DIRECTION('center_axis',(0.,0.,-1.));
#1201=DIRECTION('ref_axis',(-1.,-1.317408110726E-16,0.));
#1202=DIRECTION('center_axis',(0.,0.,-1.));
#1203=DIRECTION('ref_axis',(1.,0.,0.));
#1204=DIRECTION('center_axis',(0.,0.,-1.));
#1205=DIRECTION('ref_axis',(1.,0.,0.));
#1206=DIRECTION('center_axis',(0.,0.,-1.));
#1207=DIRECTION('ref_axis',(1.,0.,0.));
#1208=DIRECTION('center_axis',(0.,0.,-1.));
#1209=DIRECTION('ref_axis',(1.,0.,0.));
#1210=DIRECTION('center_axis',(0.,0.,-1.));
#1211=DIRECTION('ref_axis',(1.,0.,0.));
#1212=DIRECTION('',(0.536949623889008,4.98081513636051E-18,-0.843614308440447));
#1213=DIRECTION('',(0.536949623889008,4.98081513636051E-18,-0.843614308440447));
#1214=DIRECTION('center_axis',(0.,0.,-1.));
#1215=DIRECTION('ref_axis',(1.,0.,0.));
#1216=DIRECTION('center_axis',(0.,0.,-1.));
#1217=DIRECTION('ref_axis',(1.,0.,0.));
#1218=DIRECTION('center_axis',(0.,0.,-1.));
#1219=DIRECTION('ref_axis',(1.,0.,0.));
#1220=DIRECTION('center_axis',(0.,0.,-1.));
#1221=DIRECTION('ref_axis',(-1.,-1.317408110726E-16,0.));
#1222=DIRECTION('center_axis',(0.,0.,-1.));
#1223=DIRECTION('ref_axis',(1.,0.,0.));
#1224=DIRECTION('',(0.,0.,-1.));
#1225=DIRECTION('',(0.,0.,-1.));
#1226=DIRECTION('',(0.,0.,1.));
#1227=DIRECTION('',(0.,0.,-1.));
#1228=DIRECTION('',(0.,0.,1.));
#1229=DIRECTION('',(0.,0.,-1.));
#1230=DIRECTION('',(0.,0.,1.));
#1231=DIRECTION('',(0.,0.,-1.));
#1232=DIRECTION('',(0.,0.,1.));
#1233=DIRECTION('',(0.,0.,-1.));
#1234=DIRECTION('',(0.,0.,1.));
#1235=DIRECTION('',(0.,0.,-1.));
#1236=DIRECTION('',(0.,0.,1.));
#1237=DIRECTION('center_axis',(0.,0.,1.));
#1238=DIRECTION('ref_axis',(-1.,-1.317408110726E-16,0.));
#1239=DIRECTION('',(-0.484985960824765,-4.4987933823335E-18,-0.874521936719074));
#1240=DIRECTION('center_axis',(1.6913341914341E-17,-5.41627241489189E-18,
1.));
#1241=DIRECTION('ref_axis',(-1.,0.,1.6913341914341E-17));
#1242=DIRECTION('center_axis',(0.,0.,1.));
#1243=DIRECTION('ref_axis',(-1.,0.,0.));
#1244=DIRECTION('',(1.6913341914341E-17,-5.41627241489189E-18,1.));
#1245=DIRECTION('center_axis',(1.6913341914341E-17,-5.41627241489189E-18,
1.));
#1246=DIRECTION('ref_axis',(-1.,0.,1.6913341914341E-17));
#1247=DIRECTION('center_axis',(1.6913341914341E-17,-5.41627241489189E-18,
1.));
#1248=DIRECTION('ref_axis',(-1.,0.,1.6913341914341E-17));
#1249=DIRECTION('center_axis',(1.6913341914341E-17,-5.41627241489189E-18,
1.));
#1250=DIRECTION('ref_axis',(-1.,0.,1.6913341914341E-17));
#1251=DIRECTION('center_axis',(0.,0.,1.));
#1252=DIRECTION('ref_axis',(-1.,0.,0.));
#1253=DIRECTION('',(1.6913341914341E-17,-5.41627241489189E-18,1.));
#1254=DIRECTION('center_axis',(1.6913341914341E-17,-5.41627241489189E-18,
1.));
#1255=DIRECTION('ref_axis',(-1.,0.,1.6913341914341E-17));
#1256=DIRECTION('center_axis',(1.6913341914341E-17,-5.41627241489189E-18,
1.));
#1257=DIRECTION('ref_axis',(-1.,0.,1.6913341914341E-17));
#1258=DIRECTION('center_axis',(1.6913341914341E-17,-5.41627241489189E-18,
1.));
#1259=DIRECTION('ref_axis',(-1.,0.,1.6913341914341E-17));
#1260=DIRECTION('center_axis',(0.,0.,1.));
#1261=DIRECTION('ref_axis',(-1.,0.,0.));
#1262=DIRECTION('',(1.6913341914341E-17,-5.41627241489189E-18,1.));
#1263=DIRECTION('center_axis',(1.6913341914341E-17,-5.41627241489189E-18,
1.));
#1264=DIRECTION('ref_axis',(-1.,0.,1.6913341914341E-17));
#1265=DIRECTION('center_axis',(1.6913341914341E-17,-5.41627241489189E-18,
1.));
#1266=DIRECTION('ref_axis',(-1.,0.,1.6913341914341E-17));
#1267=DIRECTION('center_axis',(0.,0.,1.));
#1268=DIRECTION('ref_axis',(-1.,0.,0.));
#1269=DIRECTION('',(1.6913341914341E-17,-5.41627241489189E-18,1.));
#1270=DIRECTION('center_axis',(1.6913341914341E-17,-5.41627241489189E-18,
1.));
#1271=DIRECTION('ref_axis',(-1.,0.,1.6913341914341E-17));
#1272=DIRECTION('center_axis',(1.6913341914341E-17,-5.41627241489189E-18,
1.));
#1273=DIRECTION('ref_axis',(-1.,0.,1.6913341914341E-17));
#1274=DIRECTION('center_axis',(0.,0.,1.));
#1275=DIRECTION('ref_axis',(-1.,0.,0.));
#1276=DIRECTION('',(1.6913341914341E-17,-5.41627241489189E-18,1.));
#1277=DIRECTION('center_axis',(1.6913341914341E-17,-5.41627241489189E-18,
1.));
#1278=DIRECTION('ref_axis',(-1.,0.,1.6913341914341E-17));
#1279=DIRECTION('center_axis',(1.6913341914341E-17,-5.41627241489189E-18,
1.));
#1280=DIRECTION('ref_axis',(-1.,0.,1.6913341914341E-17));
#1281=DIRECTION('center_axis',(1.6913341914341E-17,-5.41627241489189E-18,
1.));
#1282=DIRECTION('ref_axis',(-1.,0.,1.6913341914341E-17));
#1283=DIRECTION('center_axis',(0.,0.,1.));
#1284=DIRECTION('ref_axis',(-1.,0.,0.));
#1285=DIRECTION('',(1.6913341914341E-17,-5.41627241489189E-18,1.));
#1286=DIRECTION('center_axis',(1.6913341914341E-17,-5.41627241489189E-18,
1.));
#1287=DIRECTION('ref_axis',(-1.,0.,1.6913341914341E-17));
#1288=DIRECTION('center_axis',(1.6913341914341E-17,-5.41627241489189E-18,
1.));
#1289=DIRECTION('ref_axis',(-1.,0.,1.6913341914341E-17));
#1290=DIRECTION('center_axis',(0.,0.,1.));
#1291=DIRECTION('ref_axis',(-1.,0.,0.));
#1292=DIRECTION('',(1.6913341914341E-17,-5.41627241489189E-18,1.));
#1293=DIRECTION('center_axis',(1.6913341914341E-17,-5.41627241489189E-18,
1.));
#1294=DIRECTION('ref_axis',(-1.,0.,1.6913341914341E-17));
#1295=DIRECTION('center_axis',(0.,0.,1.));
#1296=DIRECTION('ref_axis',(-1.,0.,0.));
#1297=DIRECTION('',(1.6913341914341E-17,-5.41627241489189E-18,1.));
#1298=DIRECTION('center_axis',(-1.6913341914341E-17,5.41627241489189E-18,
-1.));
#1299=DIRECTION('ref_axis',(0.706319700240353,0.707892987006071,-8.11208533278353E-18));
#1300=DIRECTION('center_axis',(-1.6913341914341E-17,5.41627241489189E-18,
-1.));
#1301=DIRECTION('ref_axis',(0.706594672468426,-0.707618519287926,-1.57835319565961E-17));
#1302=DIRECTION('center_axis',(-1.6913341914341E-17,5.41627241489189E-18,
-1.));
#1303=DIRECTION('ref_axis',(-1.,0.,1.6913341914341E-17));
#1304=DIRECTION('center_axis',(-1.6913341914341E-17,5.41627241489189E-18,
-1.));
#1305=DIRECTION('ref_axis',(-1.,0.,1.6913341914341E-17));
#1306=DIRECTION('center_axis',(-1.6913341914341E-17,5.41627241489189E-18,
-1.));
#1307=DIRECTION('ref_axis',(0.999999962166203,0.000275077430156784,-1.69118513801481E-17));
#1308=DIRECTION('center_axis',(-1.6913341914341E-17,5.41627241489189E-18,
-1.));
#1309=DIRECTION('ref_axis',(-1.,0.,1.6913341914341E-17));
#1310=DIRECTION('center_axis',(0.,0.,-1.));
#1311=DIRECTION('ref_axis',(1.,0.,0.));
#1312=DIRECTION('center_axis',(0.,0.,-1.));
#1313=DIRECTION('ref_axis',(1.,0.,0.));
#1314=DIRECTION('',(0.,0.,-1.));
#1315=DIRECTION('center_axis',(0.,0.,-1.));
#1316=DIRECTION('ref_axis',(1.,0.,0.));
#1317=DIRECTION('center_axis',(0.,0.,-1.));
#1318=DIRECTION('ref_axis',(1.,0.,0.));
#1319=DIRECTION('',(0.,0.,-1.));
#1320=DIRECTION('center_axis',(0.,0.,-1.));
#1321=DIRECTION('ref_axis',(1.,0.,0.));
#1322=DIRECTION('center_axis',(0.,0.,-1.));
#1323=DIRECTION('ref_axis',(1.,0.,0.));
#1324=DIRECTION('',(0.,0.,-1.));
#1325=DIRECTION('center_axis',(0.,0.,-1.));
#1326=DIRECTION('ref_axis',(1.,0.,0.));
#1327=DIRECTION('center_axis',(0.,0.,-1.));
#1328=DIRECTION('ref_axis',(1.,0.,0.));
#1329=DIRECTION('',(0.,0.,-1.));
#1330=DIRECTION('center_axis',(0.,0.,-1.));
#1331=DIRECTION('ref_axis',(1.,0.,0.));
#1332=DIRECTION('center_axis',(0.,0.,-1.));
#1333=DIRECTION('ref_axis',(1.,0.,0.));
#1334=DIRECTION('',(0.,0.,-1.));
#1335=DIRECTION('center_axis',(0.,0.,-1.));
#1336=DIRECTION('ref_axis',(1.,0.,0.));
#1337=DIRECTION('center_axis',(0.,0.,-1.));
#1338=DIRECTION('ref_axis',(1.,0.,0.));
#1339=DIRECTION('',(0.,0.,-1.));
#1340=DIRECTION('center_axis',(0.,0.,-1.));
#1341=DIRECTION('ref_axis',(1.,0.,0.));
#1342=DIRECTION('center_axis',(0.,0.,-1.));
#1343=DIRECTION('ref_axis',(1.,0.,0.));
#1344=DIRECTION('',(0.,0.,-1.));
#1345=DIRECTION('center_axis',(0.,0.,-1.));
#1346=DIRECTION('ref_axis',(1.,0.,0.));
#1347=DIRECTION('center_axis',(0.,0.,-1.));
#1348=DIRECTION('ref_axis',(1.,0.,0.));
#1349=DIRECTION('',(0.,0.,-1.));
#1350=DIRECTION('center_axis',(0.,0.,-1.));
#1351=DIRECTION('ref_axis',(1.,0.,0.));
#1352=DIRECTION('center_axis',(0.,0.,-1.));
#1353=DIRECTION('ref_axis',(1.,0.,0.));
#1354=DIRECTION('',(0.,0.,-1.));
#1355=DIRECTION('center_axis',(0.,-1.,0.));
#1356=DIRECTION('ref_axis',(-1.,0.,0.));
#1357=DIRECTION('',(1.,0.,0.));
#1358=DIRECTION('',(0.,0.,-1.));
#1359=DIRECTION('',(0.,0.,-1.));
#1360=DIRECTION('center_axis',(1.,0.,0.));
#1361=DIRECTION('ref_axis',(0.,-1.,0.));
#1362=DIRECTION('',(0.,1.,0.));
#1363=DIRECTION('',(0.,0.,-1.));
#1364=DIRECTION('center_axis',(0.,1.,0.));
#1365=DIRECTION('ref_axis',(1.,0.,0.));
#1366=DIRECTION('',(-1.,0.,0.));
#1367=DIRECTION('',(0.,0.,-1.));
#1368=DIRECTION('center_axis',(-1.,0.,0.));
#1369=DIRECTION('ref_axis',(0.,1.,0.));
#1370=DIRECTION('',(0.,-1.,0.));
#1371=DIRECTION('center_axis',(0.,0.,-1.));
#1372=DIRECTION('ref_axis',(1.,0.,0.));
#1373=DIRECTION('center_axis',(0.,0.,-1.));
#1374=DIRECTION('ref_axis',(1.,0.,0.));
#1375=DIRECTION('',(0.,0.,-1.));
#1376=DIRECTION('center_axis',(0.,0.,1.));
#1377=DIRECTION('ref_axis',(1.,0.,0.));
#1378=DIRECTION('center_axis',(0.,0.,1.));
#1379=DIRECTION('ref_axis',(1.,0.,0.));
#1380=DIRECTION('center_axis',(0.,0.,1.));
#1381=DIRECTION('ref_axis',(1.,0.,0.));
#1382=DIRECTION('',(0.,0.,1.));
#1383=DIRECTION('',(1.,0.,0.));
#1384=CARTESIAN_POINT('',(0.,0.,0.));
#1385=CARTESIAN_POINT('',(0.,0.,0.));
#1386=CARTESIAN_POINT('Origin',(-156.918206327439,227.552426320624,-5.));
#1387=CARTESIAN_POINT('',(-156.918206327439,227.552426320624,-5.));
#1388=CARTESIAN_POINT('',(-143.668206327439,227.552426320624,-5.));
#1389=CARTESIAN_POINT('',(-78.4591031637193,227.552426320624,-5.));
#1390=CARTESIAN_POINT('',(-156.918206327439,227.552426320624,0.));
#1391=CARTESIAN_POINT('',(-156.918206327439,227.552426320624,-5.));
#1392=CARTESIAN_POINT('',(-143.668206327439,227.552426320624,0.));
#1393=CARTESIAN_POINT('',(-78.4591031637193,227.552426320624,0.));
#1394=CARTESIAN_POINT('',(-143.668206327439,227.552426320624,-5.));
#1395=CARTESIAN_POINT('Origin',(-156.918206327439,249.552426320624,-5.));
#1396=CARTESIAN_POINT('',(-156.918206327439,249.552426320624,-5.));
#1397=CARTESIAN_POINT('',(-156.918206327439,124.776213160312,-5.));
#1398=CARTESIAN_POINT('',(-156.918206327439,249.552426320624,0.));
#1399=CARTESIAN_POINT('',(-156.918206327439,249.552426320624,-5.));
#1400=CARTESIAN_POINT('',(-156.918206327439,124.776213160312,0.));
#1401=CARTESIAN_POINT('Origin',(-143.668206327439,249.552426320624,-5.));
#1402=CARTESIAN_POINT('',(-143.668206327439,249.552426320624,-5.));
#1403=CARTESIAN_POINT('',(-71.8341031637193,249.552426320624,-5.));
#1404=CARTESIAN_POINT('',(-143.668206327439,249.552426320624,0.));
#1405=CARTESIAN_POINT('',(-143.668206327439,249.552426320624,-5.));
#1406=CARTESIAN_POINT('',(-71.8341031637193,249.552426320624,0.));
#1407=CARTESIAN_POINT('Origin',(-143.668206327439,227.552426320624,-5.));
#1408=CARTESIAN_POINT('',(-143.668206327439,113.776213160312,-5.));
#1409=CARTESIAN_POINT('',(-143.668206327439,113.776213160312,0.));
#1410=CARTESIAN_POINT('Origin',(-247.964462935808,176.495053971514,5.));
#1411=CARTESIAN_POINT('',(-246.614462935808,176.495053971514,-5.));
#1412=CARTESIAN_POINT('Origin',(-247.964462935808,176.495053971514,-5.));
#1413=CARTESIAN_POINT('',(-246.614462935808,176.495053971514,0.));
#1414=CARTESIAN_POINT('',(-246.614462935808,176.495053971514,5.));
#1415=CARTESIAN_POINT('Origin',(-247.964462935808,176.495053971514,0.));
#1416=CARTESIAN_POINT('Origin',(-178.88522844824,247.68493771773,5.));
#1417=CARTESIAN_POINT('',(-177.53522844824,247.68493771773,-5.));
#1418=CARTESIAN_POINT('Origin',(-178.88522844824,247.68493771773,-5.));
#1419=CARTESIAN_POINT('',(-177.53522844824,247.68493771773,0.));
#1420=CARTESIAN_POINT('',(-177.53522844824,247.68493771773,5.));
#1421=CARTESIAN_POINT('Origin',(-178.88522844824,247.68493771773,0.));
#1422=CARTESIAN_POINT('Origin',(-116.344670994239,231.710774676799,-7.));
#1423=CARTESIAN_POINT('',(-117.694670994239,231.710774676799,0.));
#1424=CARTESIAN_POINT('Origin',(-116.344670994239,231.710774676799,0.));
#1425=CARTESIAN_POINT('',(-117.694670994239,231.710774676799,-5.));
#1426=CARTESIAN_POINT('',(-117.694670994239,231.710774676799,-7.));
#1427=CARTESIAN_POINT('',(-115.026532853951,232.002342581628,-5.));
#1428=CARTESIAN_POINT('Origin',(-116.344670994239,231.710774676799,-5.));
#1429=CARTESIAN_POINT('',(-117.365833184779,230.827752717491,-5.));
#1430=CARTESIAN_POINT('Ctrl Pts',(-117.365833184776,230.827752717492,-4.99999999999969));
#1431=CARTESIAN_POINT('Ctrl Pts',(-117.313471714471,230.767199802411,-5.14012293917345));
#1432=CARTESIAN_POINT('Ctrl Pts',(-117.25425651393,230.709625370272,-5.28105664292679));
#1433=CARTESIAN_POINT('Ctrl Pts',(-117.028414863288,230.528863854166,-5.75610903990916));
#1434=CARTESIAN_POINT('Ctrl Pts',(-116.830884964864,230.427427300942,-6.08048807041756));
#1435=CARTESIAN_POINT('Ctrl Pts',(-116.475932429414,230.362333080196,-6.47422243484633));
#1436=CARTESIAN_POINT('Ctrl Pts',(-116.340293701391,230.352758885325,-6.59998032312889));
#1437=CARTESIAN_POINT('Ctrl Pts',(-116.120581041663,230.377464755779,-6.73862146758735));
#1438=CARTESIAN_POINT('Ctrl Pts',(-116.044620696709,230.392124845475,-6.7766518847726));
#1439=CARTESIAN_POINT('Ctrl Pts',(-115.891512532526,230.436612021921,-6.82911595447818));
#1440=CARTESIAN_POINT('Ctrl Pts',(-115.814367941918,230.466423099361,-6.84357260061003));
#1441=CARTESIAN_POINT('Ctrl Pts',(-115.663422948316,230.542214333685,-6.84357260061003));
#1442=CARTESIAN_POINT('Ctrl Pts',(-115.593435686182,230.586279868257,-6.82911595447812));
#1443=CARTESIAN_POINT('Ctrl Pts',(-115.466305147307,230.682503799237,-6.77665188477256));
#1444=CARTESIAN_POINT('Ctrl Pts',(-115.40917663881,230.734669168518,-6.73862146758744));
#1445=CARTESIAN_POINT('Ctrl Pts',(-115.258128521195,230.896126590288,-6.59998032312898));
#1446=CARTESIAN_POINT('Ctrl Pts',(-115.184790755036,231.010630309886,-6.47422243484632));
#1447=CARTESIAN_POINT('Ctrl Pts',(-115.024985947674,231.334190170717,-6.08048807041754));
#1448=CARTESIAN_POINT('Ctrl Pts',(-114.988356361695,231.553200920528,-5.75610903990913));
#1449=CARTESIAN_POINT('Ctrl Pts',(-114.998436555332,231.842298769994,-5.28105664292678));
#1450=CARTESIAN_POINT('Ctrl Pts',(-115.009243449054,231.924179575189,-5.14012293917347));
#1451=CARTESIAN_POINT('Ctrl Pts',(-115.026532853954,232.002342581627,-4.99999999999969));
#1452=CARTESIAN_POINT('Origin',(-116.344670994239,231.710774676799,-5.));
#1453=CARTESIAN_POINT('Origin',(-125.004925032084,226.710774676799,-7.));
#1454=CARTESIAN_POINT('',(-126.354925032084,226.710774676799,0.));
#1455=CARTESIAN_POINT('Origin',(-125.004925032084,226.710774676799,0.));
#1456=CARTESIAN_POINT('',(-126.354925032084,226.710774676799,-5.));
#1457=CARTESIAN_POINT('',(-126.354925032084,226.710774676799,-7.));
#1458=CARTESIAN_POINT('',(-123.852154194895,227.413355203797,-5.));
#1459=CARTESIAN_POINT('Origin',(-125.004925032084,226.710774676799,-5.));
#1460=CARTESIAN_POINT('',(-126.214321630495,226.110891465047,-5.));
#1461=CARTESIAN_POINT('Ctrl Pts',(-126.214321630498,226.110891465045,-4.99999999999992));
#1462=CARTESIAN_POINT('Ctrl Pts',(-126.204473175649,226.091036454002,-5.03991741423674));
#1463=CARTESIAN_POINT('Ctrl Pts',(-126.194249856329,226.071654863785,-5.07941887867707));
#1464=CARTESIAN_POINT('Ctrl Pts',(-126.183709261295,226.052771834127,-5.11841421476904));
#1465=CARTESIAN_POINT('Ctrl Pts',(-126.097383877139,225.898123563901,-5.43777828837563));
#1466=CARTESIAN_POINT('Ctrl Pts',(-125.971898069795,225.746730277413,-5.78645565238554));
#1467=CARTESIAN_POINT('Ctrl Pts',(-125.642578239374,225.503373793924,-6.4589146379596));
#1468=CARTESIAN_POINT('Ctrl Pts',(-125.441284258572,225.409631124746,-6.7832924992183));
#1469=CARTESIAN_POINT('Ctrl Pts',(-125.084087317364,225.35827422319,-7.17702529931859));
#1470=CARTESIAN_POINT('Ctrl Pts',(-124.948181114997,225.353937942517,-7.30278263579503));
#1471=CARTESIAN_POINT('Ctrl Pts',(-124.729585895708,225.387097998537,-7.44142324268348));
#1472=CARTESIAN_POINT('Ctrl Pts',(-124.654247817235,225.404676296941,-7.47945352524988));
#1473=CARTESIAN_POINT('Ctrl Pts',(-124.502969897071,225.45503424448,-7.53191741896901));
#1474=CARTESIAN_POINT('Ctrl Pts',(-124.427032664129,225.487797772094,-7.54637402296183));
#1475=CARTESIAN_POINT('Ctrl Pts',(-124.279123314909,225.569352771574,-7.54637402296183));
#1476=CARTESIAN_POINT('Ctrl Pts',(-124.210887668447,225.616084009955,-7.53191741896904));
#1477=CARTESIAN_POINT('Ctrl Pts',(-124.087562758723,225.717137949269,-7.47945352524991));
#1478=CARTESIAN_POINT('Ctrl Pts',(-124.032488521205,225.771467048328,-7.4414232426835));
#1479=CARTESIAN_POINT('Ctrl Pts',(-123.887779206514,225.938627670046,-7.30278263579505));
#1480=CARTESIAN_POINT('Ctrl Pts',(-123.81891142513,226.055873257848,-7.17702529931859));
#1481=CARTESIAN_POINT('Ctrl Pts',(-123.671701772948,226.385352398994,-6.78329249921831));
#1482=CARTESIAN_POINT('Ctrl Pts',(-123.643543669982,226.605611509973,-6.45891463795965));
#1483=CARTESIAN_POINT('Ctrl Pts',(-123.673579905355,227.013988484506,-5.78645565238559));
#1484=CARTESIAN_POINT('Ctrl Pts',(-123.73463473498,227.200908046933,-5.43777828837566));
#1485=CARTESIAN_POINT('Ctrl Pts',(-123.829685688337,227.375440124873,-5.07941887867709));
#1486=CARTESIAN_POINT('Ctrl Pts',(-123.840619728745,227.394429834129,-5.03991741423674));
#1487=CARTESIAN_POINT('Ctrl Pts',(-123.852154194892,227.413355203799,-4.99999999999993));
#1488=CARTESIAN_POINT('Origin',(-125.004925032084,226.710774676799,-5.));
#1489=CARTESIAN_POINT('Origin',(0.,0.,-5.));
#1490=CARTESIAN_POINT('',(-275.,-275.,-5.));
#1491=CARTESIAN_POINT('',(-275.,275.,-5.));
#1492=CARTESIAN_POINT('',(-275.,275.,-5.));
#1493=CARTESIAN_POINT('',(275.,275.,-5.));
#1494=CARTESIAN_POINT('',(275.,275.,-5.));
#1495=CARTESIAN_POINT('',(275.,-275.,-5.));
#1496=CARTESIAN_POINT('',(275.,-275.,-5.));
#1497=CARTESIAN_POINT('',(-275.,-275.,-5.));
#1498=CARTESIAN_POINT('',(-146.75,-265.,-5.));
#1499=CARTESIAN_POINT('Origin',(-145.,-265.,-5.));
#1500=CARTESIAN_POINT('',(-266.75,145.,-5.));
#1501=CARTESIAN_POINT('Origin',(-265.,145.,-5.));
#1502=CARTESIAN_POINT('',(143.25,265.,-5.));
#1503=CARTESIAN_POINT('Origin',(145.,265.,-5.));
#1504=CARTESIAN_POINT('',(263.25,-145.,-5.));
#1505=CARTESIAN_POINT('Origin',(265.,-145.,-5.));
#1506=CARTESIAN_POINT('',(263.25,-265.,-5.));
#1507=CARTESIAN_POINT('Origin',(265.,-265.,-5.));
#1508=CARTESIAN_POINT('',(143.25,-265.,-5.));
#1509=CARTESIAN_POINT('Origin',(145.,-265.,-5.));
#1510=CARTESIAN_POINT('',(263.25,145.,-5.));
#1511=CARTESIAN_POINT('Origin',(265.,145.,-5.));
#1512=CARTESIAN_POINT('',(-146.75,265.,-5.));
#1513=CARTESIAN_POINT('Origin',(-145.,265.,-5.));
#1514=CARTESIAN_POINT('',(-266.75,-145.,-5.));
#1515=CARTESIAN_POINT('Origin',(-265.,-145.,-5.));
#1516=CARTESIAN_POINT('Origin',(-2.98767587903994E-31,2.43962249451838E-15,
-5.));
#1517=CARTESIAN_POINT('',(258.952100249765,4.8416961400397E-15,-4.99999999999969));
#1518=CARTESIAN_POINT('Origin',(-2.98767587903994E-31,2.43962249451838E-15,
-5.));
#1519=CARTESIAN_POINT('Origin',(-2.98767587903994E-31,2.43962249451838E-15,
-5.));
#1520=CARTESIAN_POINT('Origin',(-2.98767587903994E-31,2.43962249451838E-15,
-50.5010668633006));
#1521=CARTESIAN_POINT('',(-180.09579046516,-181.938193507381,-45.0021337266012));
#1522=CARTESIAN_POINT('',(-181.537036859272,-180.50015027239,-45.0021337266012));
#1523=CARTESIAN_POINT('Ctrl Pts',(-180.095790465163,-181.938193507379,-45.0021337266027));
#1524=CARTESIAN_POINT('Ctrl Pts',(-180.10501078663,-182.074151685734,-45.1641345457588));
#1525=CARTESIAN_POINT('Ctrl Pts',(-180.13425556841,-182.202193060371,-45.3394970555184));
#1526=CARTESIAN_POINT('Ctrl Pts',(-180.24894406816,-182.508761247947,-45.8087443326607));
#1527=CARTESIAN_POINT('Ctrl Pts',(-180.358443222195,-182.670161835327,-46.1100790567164));
#1528=CARTESIAN_POINT('Ctrl Pts',(-180.701711155612,-183.017829556504,-46.8776911465196));
#1529=CARTESIAN_POINT('Ctrl Pts',(-181.0478617257,-183.195382616536,-47.4581092567063));
#1530=CARTESIAN_POINT('Ctrl Pts',(-181.599562332112,-183.197446059509,-48.0703615909585));
#1531=CARTESIAN_POINT('Ctrl Pts',(-181.811250088367,-183.162839684049,-48.2659020596817));
#1532=CARTESIAN_POINT('Ctrl Pts',(-182.068048481988,-183.04531623152,-48.4194104880541));
#1533=CARTESIAN_POINT('Ctrl Pts',(-182.138139886108,-183.006872140848,-48.4542573261695));
#1534=CARTESIAN_POINT('Ctrl Pts',(-182.274089655449,-182.913657560767,-48.5012081945462));
#1535=CARTESIAN_POINT('Ctrl Pts',(-182.339906920528,-182.858701628371,-48.5130625373915));
#1536=CARTESIAN_POINT('Ctrl Pts',(-182.452549627719,-182.746309268737,-48.5130625373915));
#1537=CARTESIAN_POINT('Ctrl Pts',(-182.507651865007,-182.680614441438,-48.5012081945462));
#1538=CARTESIAN_POINT('Ctrl Pts',(-182.601168697445,-182.544872407513,-48.4542573261694));
#1539=CARTESIAN_POINT('Ctrl Pts',(-182.639768643677,-182.47486671353,-48.4194104880541));
#1540=CARTESIAN_POINT('Ctrl Pts',(-182.757863172004,-182.218330440773,-48.2659020596817));
#1541=CARTESIAN_POINT('Ctrl Pts',(-182.79294045904,-182.006720206368,-48.0703615909585));
#1542=CARTESIAN_POINT('Ctrl Pts',(-182.792104534117,-181.45501637446,-47.4581092567062));
#1543=CARTESIAN_POINT('Ctrl Pts',(-182.615322085471,-181.108471612344,-46.8776911465195));
#1544=CARTESIAN_POINT('Ctrl Pts',(-182.393327942074,-180.888309253795,-46.386472166));
#1545=CARTESIAN_POINT('Ctrl Pts',(-182.268418982996,-180.764430981091,-46.1100790567163));
#1546=CARTESIAN_POINT('Ctrl Pts',(-182.107262426587,-180.654572987901,-45.8087443326607));
#1547=CARTESIAN_POINT('Ctrl Pts',(-181.800950175404,-180.539202669432,-45.3394970555184));
#1548=CARTESIAN_POINT('Ctrl Pts',(-181.672974186231,-180.509673072832,-45.1641345457587));
#1549=CARTESIAN_POINT('Ctrl Pts',(-181.53703685927,-180.500150272393,-45.0021337266027));
#1550=CARTESIAN_POINT('',(-255.997187756972,-1.19994188266759,-45.0021337266012));
#1551=CARTESIAN_POINT('Origin',(-2.98767587903994E-31,2.43962249451838E-15,
-45.0021337266012));
#1552=CARTESIAN_POINT('',(-255.997809169424,1.0591036093317,-45.0021337266012));
#1553=CARTESIAN_POINT('Ctrl Pts',(-255.997187756972,-1.19994188266705,-45.0021337266013));
#1554=CARTESIAN_POINT('Ctrl Pts',(-256.05609070466,-1.23852244989597,-45.0949606485599));
#1555=CARTESIAN_POINT('Ctrl Pts',(-256.11673363455,-1.27166287513242,-45.1904943838666));
#1556=CARTESIAN_POINT('Ctrl Pts',(-256.361902371241,-1.38308852276876,-45.5765679914316));
#1557=CARTESIAN_POINT('Ctrl Pts',(-256.553487658158,-1.41962842175838,-45.877902233716));
#1558=CARTESIAN_POINT('Ctrl Pts',(-257.04205564992,-1.42233189312179,-46.6455147622578));
#1559=CARTESIAN_POINT('Ctrl Pts',(-257.412271138222,-1.30280607726295,-47.2259338612821));
#1560=CARTESIAN_POINT('Ctrl Pts',(-257.803517245684,-0.913825940751441,
-47.8381870674362));
#1561=CARTESIAN_POINT('Ctrl Pts',(-257.928587247521,-0.739564718060418,
-48.0337277175299));
#1562=CARTESIAN_POINT('Ctrl Pts',(-258.026848196196,-0.474796430985056,
-48.187236301407));
#1563=CARTESIAN_POINT('Ctrl Pts',(-258.04916204587,-0.398031377105297,-48.2220831864872));
#1564=CARTESIAN_POINT('Ctrl Pts',(-258.079244808451,-0.235962127553551,
-48.269034114514));
#1565=CARTESIAN_POINT('Ctrl Pts',(-258.086853445388,-0.150556000369976,
-48.2808884707012));
#1566=CARTESIAN_POINT('Ctrl Pts',(-258.086897216879,0.0085682461516833,
-48.2808884707012));
#1567=CARTESIAN_POINT('Ctrl Pts',(-258.079335567687,0.0939785463387299,
-48.269034114514));
#1568=CARTESIAN_POINT('Ctrl Pts',(-258.04934197284,0.256064321541106,-48.2220831864872));
#1569=CARTESIAN_POINT('Ctrl Pts',(-258.02707035921,0.332841639876022,-48.187236301407));
#1570=CARTESIAN_POINT('Ctrl Pts',(-257.928955088959,0.597663945619088,-48.03372771753));
#1571=CARTESIAN_POINT('Ctrl Pts',(-257.803980976705,0.771993949805016,-47.8381870674362));
#1572=CARTESIAN_POINT('Ctrl Pts',(-257.412948927757,1.16118927338961,-47.2259338612821));
#1573=CARTESIAN_POINT('Ctrl Pts',(-257.042799253187,1.28091874700253,-46.6455147622577));
#1574=CARTESIAN_POINT('Ctrl Pts',(-256.730148024576,1.27936071533945,-46.1542948913137));
#1575=CARTESIAN_POINT('Ctrl Pts',(-256.554229848035,1.27848406409334,-45.877902233716));
#1576=CARTESIAN_POINT('Ctrl Pts',(-256.362624487509,1.24204957220627,-45.5765679914316));
#1577=CARTESIAN_POINT('Ctrl Pts',(-256.117394486562,1.13075882219952,-45.1904943838666));
#1578=CARTESIAN_POINT('Ctrl Pts',(-256.056733333484,1.09765176497976,-45.0949606485599));
#1579=CARTESIAN_POINT('Ctrl Pts',(-255.997809169424,1.05910360933116,-45.0021337266013));
#1580=CARTESIAN_POINT('',(-181.662721528821,180.373655523034,-45.0021337266012));
#1581=CARTESIAN_POINT('Origin',(-2.98767587903994E-31,2.43962249451838E-15,
-45.0021337266012));
#1582=CARTESIAN_POINT('',(-180.110430144855,181.923700910671,-45.0021337266012));
#1583=CARTESIAN_POINT('Ctrl Pts',(-181.662721528818,180.373655523038,-45.0021337266029));
#1584=CARTESIAN_POINT('Ctrl Pts',(-181.752162063979,180.388430214257,-45.118206484383));
#1585=CARTESIAN_POINT('Ctrl Pts',(-181.837534583076,180.411772842512,-45.2392529566215));
#1586=CARTESIAN_POINT('Ctrl Pts',(-182.106797063564,180.513068713488,-45.6516822706013));
#1587=CARTESIAN_POINT('Ctrl Pts',(-182.267996309906,180.622863662253,-45.9530166688102));
#1588=CARTESIAN_POINT('Ctrl Pts',(-182.615033888173,180.966768914157,-46.7206290553549));
#1589=CARTESIAN_POINT('Ctrl Pts',(-182.791951797453,181.313245147769,-47.3010478343435));
#1590=CARTESIAN_POINT('Ctrl Pts',(-182.793002632176,181.864949376129,-47.9133007583079));
#1591=CARTESIAN_POINT('Ctrl Pts',(-182.758007686425,182.07657351768,-48.1088413497013));
#1592=CARTESIAN_POINT('Ctrl Pts',(-182.640012825722,182.333156021226,-48.2623498832495));
#1593=CARTESIAN_POINT('Ctrl Pts',(-182.601440050844,182.403176827053,-48.2971967531297));
#1594=CARTESIAN_POINT('Ctrl Pts',(-182.507975862924,182.538955404583,-48.3441476618508));
#1595=CARTESIAN_POINT('Ctrl Pts',(-182.452899082561,182.604671735423,-48.3560020137199));
#1596=CARTESIAN_POINT('Ctrl Pts',(-182.340299890702,182.717108008532,-48.3560020137199));
#1597=CARTESIAN_POINT('Ctrl Pts',(-182.274503881004,182.772089578009,-48.3441476618507));
#1598=CARTESIAN_POINT('Ctrl Pts',(-182.138590115487,182.865357069036,-48.2971967531296));
#1599=CARTESIAN_POINT('Ctrl Pts',(-182.068513532085,182.903828417716,-48.2623498832495));
#1600=CARTESIAN_POINT('Ctrl Pts',(-181.811760448301,183.021451639255,-48.1088413497013));
#1601=CARTESIAN_POINT('Ctrl Pts',(-181.600085858087,183.056140129754,-47.9133007583078));
#1602=CARTESIAN_POINT('Ctrl Pts',(-181.048383729601,183.054290462793,-47.3010478343435));
#1603=CARTESIAN_POINT('Ctrl Pts',(-180.702164025294,182.876871062976,-46.7206290553548));
#1604=CARTESIAN_POINT('Ctrl Pts',(-180.482409904739,182.65447225449,-46.2294094725954));
#1605=CARTESIAN_POINT('Ctrl Pts',(-180.358761622678,182.529335895123,-45.9530166688101));
#1606=CARTESIAN_POINT('Ctrl Pts',(-180.249200195469,182.367977841517,-45.6516822706012));
#1607=CARTESIAN_POINT('Ctrl Pts',(-180.148294305969,182.098568973179,-45.2392529566215));
#1608=CARTESIAN_POINT('Ctrl Pts',(-180.12507531627,182.013162744903,-45.1182064843829));
#1609=CARTESIAN_POINT('Ctrl Pts',(-180.11043014486,181.923700910668,-45.0021337266028));
#1610=CARTESIAN_POINT('',(-0.572918676161688,255.999358913632,-45.0021337266012));
#1611=CARTESIAN_POINT('Origin',(-2.98767587903994E-31,2.43962249451838E-15,
-45.0021337266012));
#1612=CARTESIAN_POINT('',(1.68353071471831,256.999783555424,-46.5815807232456));
#1613=CARTESIAN_POINT('Ctrl Pts',(-0.572918676162656,255.999358913632,-45.0021337266007));
#1614=CARTESIAN_POINT('Ctrl Pts',(-0.718896146561404,256.131623934998,-45.2104511969852));
#1615=CARTESIAN_POINT('Ctrl Pts',(-0.824556916232335,256.28447361233,-45.451145403124));
#1616=CARTESIAN_POINT('Ctrl Pts',(-0.979525246139211,256.626881356395,-45.9899581156867));
#1617=CARTESIAN_POINT('Ctrl Pts',(-1.01576293319803,256.818524629557,-46.2912932153802));
#1618=CARTESIAN_POINT('Ctrl Pts',(-1.01769531898761,257.307095782602,-47.0589049630982));
#1619=CARTESIAN_POINT('Ctrl Pts',(-0.897586131803022,257.677120922793,-47.6393223022863));
#1620=CARTESIAN_POINT('Ctrl Pts',(-0.507991468313304,258.067752262241,-48.2515739567154));
#1621=CARTESIAN_POINT('Ctrl Pts',(-0.333534059702897,258.192547238342,-48.4471142840239));
#1622=CARTESIAN_POINT('Ctrl Pts',(-0.0686122526182554,258.290390952114,
-48.6006225911491));
#1623=CARTESIAN_POINT('Ctrl Pts',(0.00818752330555752,258.312583864415,
-48.635469392646));
#1624=CARTESIAN_POINT('Ctrl Pts',(0.170303290242593,258.342411451884,-48.6824202145136));
#1625=CARTESIAN_POINT('Ctrl Pts',(0.25572096075284,258.349885691624,-48.6942745469561));
#1626=CARTESIAN_POINT('Ctrl Pts',(0.414844487865649,258.349679183342,-48.6942745469561));
#1627=CARTESIAN_POINT('Ctrl Pts',(0.500242470752882,258.341983261443,-48.6824202145136));
#1628=CARTESIAN_POINT('Ctrl Pts',(0.662280272085404,258.311734992019,-48.6354693926461));
#1629=CARTESIAN_POINT('Ctrl Pts',(0.7390221861062,258.289342815467,-48.6006225911491));
#1630=CARTESIAN_POINT('Ctrl Pts',(1.00368914083283,258.190811808827,-48.4471142840238));
#1631=CARTESIAN_POINT('Ctrl Pts',(1.17782204799107,258.065564437103,-48.2515739567154));
#1632=CARTESIAN_POINT('Ctrl Pts',(1.56381744871487,257.676527595476,-47.6433937554573));
#1633=CARTESIAN_POINT('Ctrl Pts',(1.68353072217519,257.310548051476,-47.0698197590073));
#1634=CARTESIAN_POINT('Ctrl Pts',(1.68353071471831,256.999783541955,-46.5815807318184));
#1635=CARTESIAN_POINT('',(1.23738038241737,255.997009532903,-45.0021337266012));
#1636=CARTESIAN_POINT('Ctrl Pts',(1.68353071471831,256.999783541955,-46.5815807318184));
#1637=CARTESIAN_POINT('Ctrl Pts',(1.68353071464746,256.996830732164,-46.576941601751));
#1638=CARTESIAN_POINT('Ctrl Pts',(1.683521026559,256.993882894516,-46.5723101836638));
#1639=CARTESIAN_POINT('Ctrl Pts',(1.68350174919942,256.990940155213,-46.567686676844));
#1640=CARTESIAN_POINT('Ctrl Pts',(1.68234934771045,256.81502305728,-46.2912932153802));
#1641=CARTESIAN_POINT('Ctrl Pts',(1.64561435965151,256.623474487032,-45.9899581156867));
#1642=CARTESIAN_POINT('Ctrl Pts',(1.48975780931492,256.281470127137,-45.451145403124));
#1643=CARTESIAN_POINT('Ctrl Pts',(1.38370066389448,256.128895214346,-45.2104511969852));
#1644=CARTESIAN_POINT('Ctrl Pts',(1.23738038241832,255.997009532903,-45.0021337266007));
#1645=CARTESIAN_POINT('',(180.872087903691,181.16646438389,-45.0021337266012));
#1646=CARTESIAN_POINT('Origin',(-2.98767587903994E-31,2.43962249451838E-15,
-45.0021337266012));
#1647=CARTESIAN_POINT('',(183.459758108236,181.705604870939,-48.4804188463741));
#1648=CARTESIAN_POINT('Ctrl Pts',(180.872087903688,181.166464383891,-45.0021337265982));
#1649=CARTESIAN_POINT('Ctrl Pts',(180.814431873914,181.29882163006,-45.0852948278978));
#1650=CARTESIAN_POINT('Ctrl Pts',(180.783163056387,181.430176281956,-45.1967978347075));
#1651=CARTESIAN_POINT('Ctrl Pts',(180.741371407979,181.7774587527,-45.537107216175));
#1652=CARTESIAN_POINT('Ctrl Pts',(180.775283919277,181.992634302402,-45.8145397877603));
#1653=CARTESIAN_POINT('Ctrl Pts',(180.917484298143,182.370176488659,-46.3929065834462));
#1654=CARTESIAN_POINT('Ctrl Pts',(181.027343609025,182.531333143672,-46.6942425172038));
#1655=CARTESIAN_POINT('Ctrl Pts',(181.371385823635,182.8782336883,-47.461853505358));
#1656=CARTESIAN_POINT('Ctrl Pts',(181.717929632393,183.055013587516,-48.042269132624));
#1657=CARTESIAN_POINT('Ctrl Pts',(182.269630630042,183.055848299982,-48.6545192775775));
#1658=CARTESIAN_POINT('Ctrl Pts',(182.481239824966,183.020770888296,-48.8500592908897));
#1659=CARTESIAN_POINT('Ctrl Pts',(182.737774918054,182.902676806135,-49.003567328799));
#1660=CARTESIAN_POINT('Ctrl Pts',(182.807780226596,182.864077082794,-49.0384140489884));
#1661=CARTESIAN_POINT('Ctrl Pts',(182.943521589242,182.770560840423,-49.0853647675872));
#1662=CARTESIAN_POINT('Ctrl Pts',(183.009216131873,182.71545897071,-49.0972190769317));
#1663=CARTESIAN_POINT('Ctrl Pts',(183.121608083241,182.602817034918,-49.0972190769317));
#1664=CARTESIAN_POINT('Ctrl Pts',(183.176563860344,182.537000232045,-49.0853647675873));
#1665=CARTESIAN_POINT('Ctrl Pts',(183.269778289024,182.401051435044,-49.0384140489885));
#1666=CARTESIAN_POINT('Ctrl Pts',(183.308222383054,182.330960540485,-49.0035673287991));
#1667=CARTESIAN_POINT('Ctrl Pts',(183.424830991629,182.076163531192,-48.8512547469279));
#1668=CARTESIAN_POINT('Ctrl Pts',(183.459758108236,181.86678646561,-48.6586216682597));
#1669=CARTESIAN_POINT('Ctrl Pts',(183.459758108236,181.70560487094,-48.4804188463741));
#1670=CARTESIAN_POINT('',(181.567869162494,180.469135554508,-45.0021337266012));
#1671=CARTESIAN_POINT('Ctrl Pts',(183.459758108236,181.70560487094,-48.4804188463741));
#1672=CARTESIAN_POINT('Ctrl Pts',(183.459758108236,181.703919325714,-48.4785553028577));
#1673=CARTESIAN_POINT('Ctrl Pts',(183.459754951466,181.702238683367,-48.476693669241));
#1674=CARTESIAN_POINT('Ctrl Pts',(183.458292950852,181.310779318187,-48.0422691326239));
#1675=CARTESIAN_POINT('Ctrl Pts',(183.28074355548,180.964629124834,-47.4618535053579));
#1676=CARTESIAN_POINT('Ctrl Pts',(183.058263142982,180.744960192058,-46.9706367606467));
#1677=CARTESIAN_POINT('Ctrl Pts',(182.933079492475,180.621358484388,-46.6942425172038));
#1678=CARTESIAN_POINT('Ctrl Pts',(182.77167915568,180.511857493869,-46.3929065834461));
#1679=CARTESIAN_POINT('Ctrl Pts',(182.393821968047,180.370496268962,-45.8145397877602));
#1680=CARTESIAN_POINT('Ctrl Pts',(182.178571604415,180.337061906868,-45.5371072161749));
#1681=CARTESIAN_POINT('Ctrl Pts',(181.831382841149,180.379625025725,-45.196797834621));
#1682=CARTESIAN_POINT('Ctrl Pts',(181.700097987007,180.411185601878,-45.0852948292116));
#1683=CARTESIAN_POINT('Ctrl Pts',(181.567869162495,180.469135554505,-45.0021337265982));
#1684=CARTESIAN_POINT('',(255.999999999998,4.8143120709317E-15,-45.0021337265982));
#1685=CARTESIAN_POINT('Origin',(-2.98767587903994E-31,2.43962249451838E-15,
-45.0021337266012));
#1686=CARTESIAN_POINT('',(256.055785314482,-1.65983031077709E-13,-45.089779359272));
#1687=CARTESIAN_POINT('',(259.5,4.84677852998425E-15,-50.5010668633006));
#1688=CARTESIAN_POINT('',(258.752088308808,1.17468315073658E-11,-49.3260050398668));
#1689=CARTESIAN_POINT('Ctrl Pts',(256.055785314482,-3.36061514661172E-13,
-45.089779359272));
#1690=CARTESIAN_POINT('Ctrl Pts',(256.058922736747,0.0598919490350624,-45.0947086379159));
#1691=CARTESIAN_POINT('Ctrl Pts',(256.066047368385,0.118967651496109,-45.1059356938987));
#1692=CARTESIAN_POINT('Ctrl Pts',(256.09153804746,0.256021136210798,-45.1461328467972));
#1693=CARTESIAN_POINT('Ctrl Pts',(256.113254682487,0.332392234808369,-45.1803942051698));
#1694=CARTESIAN_POINT('Ctrl Pts',(256.193378068344,0.545958221923435,-45.3068064880151));
#1695=CARTESIAN_POINT('Ctrl Pts',(256.267249645335,0.66755260969439,-45.4233546849518));
#1696=CARTESIAN_POINT('Ctrl Pts',(256.486299844515,0.947015794486163,-45.768813644866));
#1697=CARTESIAN_POINT('Ctrl Pts',(256.662325005547,1.07533529241451,-46.0462465992366));
#1698=CARTESIAN_POINT('Ctrl Pts',(257.029700167312,1.24205388556536,-46.6246142551868));
#1699=CARTESIAN_POINT('Ctrl Pts',(257.221307405005,1.2784864162639,-46.9259506678041));
#1700=CARTESIAN_POINT('Ctrl Pts',(257.709875583573,1.28091478343931,-47.6935612198713));
#1701=CARTESIAN_POINT('Ctrl Pts',(258.080020556087,1.16118247740951,-48.2739758642742));
#1702=CARTESIAN_POINT('Ctrl Pts',(258.471046624305,0.771988357752314,-48.8862251425952));
#1703=CARTESIAN_POINT('Ctrl Pts',(258.596018880134,0.597659241490796,-49.0817649756338));
#1704=CARTESIAN_POINT('Ctrl Pts',(258.694132642984,0.33283878445578,-49.235272858979));
#1705=CARTESIAN_POINT('Ctrl Pts',(258.716403883009,0.256062189324403,-49.2701195324874));
#1706=CARTESIAN_POINT('Ctrl Pts',(258.742015436032,0.117656229639504,-49.3102113455432));
#1707=CARTESIAN_POINT('Ctrl Pts',(258.749043205851,0.0581296159110126,-49.3212208062782));
#1708=CARTESIAN_POINT('Ctrl Pts',(258.752088308809,2.34952278083521E-11,
-49.3260050398669));
#1709=CARTESIAN_POINT('',(263.,4.87924498903677E-15,-56.));
#1710=CARTESIAN_POINT('',(259.5,4.84677852998425E-15,-50.5010668633006));
#1711=CARTESIAN_POINT('Origin',(0.,0.,-56.));
#1712=CARTESIAN_POINT('',(258.753936811646,-0.0706225011342756,-49.3289244084473));
#1713=CARTESIAN_POINT('Ctrl Pts',(258.752088308809,2.34952278083521E-11,
-49.3260050398669));
#1714=CARTESIAN_POINT('Ctrl Pts',(258.753338571466,-0.0238669394584199,
-49.3279693572254));
#1715=CARTESIAN_POINT('Ctrl Pts',(258.753936811279,-0.0474949586834787,
-49.3289144905214));
#1716=CARTESIAN_POINT('Ctrl Pts',(258.753936811646,-0.0706225011342716,
-49.3289244084566));
#1717=CARTESIAN_POINT('',(257.396486113816,-1.42060196208916,-47.2023453602034));
#1718=CARTESIAN_POINT('Ctrl Pts',(258.753936811646,-0.0706225011342716,
-49.3289244084566));
#1719=CARTESIAN_POINT('Ctrl Pts',(258.753936811648,-0.0707459866190359,
-49.3289244614117));
#1720=CARTESIAN_POINT('Ctrl Pts',(258.753936794707,-0.0708694578359337,
-49.32892448788));
#1721=CARTESIAN_POINT('Ctrl Pts',(258.753914932012,-0.150554289490664,-49.32892448788));
#1722=CARTESIAN_POINT('Ctrl Pts',(258.746306498295,-0.235959616449423,-49.3170701917968));
#1723=CARTESIAN_POINT('Ctrl Pts',(258.716224424002,-0.398027374193102,-49.2701195324874));
#1724=CARTESIAN_POINT('Ctrl Pts',(258.693911057777,-0.474791736887816,-49.235272858979));
#1725=CARTESIAN_POINT('Ctrl Pts',(258.595651995003,-0.739558316175309,-49.0817649756338));
#1726=CARTESIAN_POINT('Ctrl Pts',(258.470584098526,-0.9138188302759,-48.8862251425953));
#1727=CARTESIAN_POINT('Ctrl Pts',(258.079344527033,-1.30279832395074,-48.2739758642742));
#1728=CARTESIAN_POINT('Ctrl Pts',(257.709133909643,-1.4223275026313,-47.6935612198714));
#1729=CARTESIAN_POINT('Ctrl Pts',(257.396486113816,-1.42060196208916,-47.2023453602034));
#1730=CARTESIAN_POINT('Ctrl Pts',(257.396486113816,-1.42060196208916,-47.2023453602034));
#1731=CARTESIAN_POINT('Ctrl Pts',(257.220567137146,-1.41963104423709,-46.9259506678041));
#1732=CARTESIAN_POINT('Ctrl Pts',(257.02897991989,-1.38309337855353,-46.6246142551868));
#1733=CARTESIAN_POINT('Ctrl Pts',(256.66169629678,-1.21617322105494,-46.0462465992365));
#1734=CARTESIAN_POINT('Ctrl Pts',(256.485741574894,-1.08775715231445,-45.768813644866));
#1735=CARTESIAN_POINT('Ctrl Pts',(256.266844758278,-0.808173810374367,-45.4233546849518));
#1736=CARTESIAN_POINT('Ctrl Pts',(256.19303991479,-0.68653890542465,-45.306806488015));
#1737=CARTESIAN_POINT('Ctrl Pts',(256.11303373087,-0.472928984427698,-45.1803942051698));
#1738=CARTESIAN_POINT('Ctrl Pts',(256.091359006158,-0.39654598077803,-45.1461328467972));
#1739=CARTESIAN_POINT('Ctrl Pts',(256.061802946174,-0.237148030622844,-45.0993869293585));
#1740=CARTESIAN_POINT('Ctrl Pts',(256.053913847133,-0.154138048065341,-45.0868903538547));
#1741=CARTESIAN_POINT('Ctrl Pts',(256.053943311018,-0.0467485111417582,
-45.0868903538547));
#1742=CARTESIAN_POINT('Ctrl Pts',(256.054564082758,-0.0233127523322698,
-45.0878606531012));
#1743=CARTESIAN_POINT('Ctrl Pts',(256.055785314482,-3.36061514661173E-13,
-45.089779359272));
#1744=CARTESIAN_POINT('',(1.05159759080104,-255.997840112972,-45.0021337266012));
#1745=CARTESIAN_POINT('Origin',(-2.98767587903994E-31,2.43962249451838E-15,
-45.0021337266012));
#1746=CARTESIAN_POINT('',(1.68353071471834,-257.141028600612,-46.8034894102484));
#1747=CARTESIAN_POINT('Ctrl Pts',(1.05159759080206,-255.997840112972,-45.0021337266004));
#1748=CARTESIAN_POINT('Ctrl Pts',(1.09262959926041,-256.023613400549,-45.0428912243973));
#1749=CARTESIAN_POINT('Ctrl Pts',(1.13037006480372,-256.050413116542,-45.085255459277));
#1750=CARTESIAN_POINT('Ctrl Pts',(1.34972274627478,-256.221790491693,-45.3560751489378));
#1751=CARTESIAN_POINT('Ctrl Pts',(1.47831890465433,-256.397612750232,-45.6335074211477));
#1752=CARTESIAN_POINT('Ctrl Pts',(1.64561560276542,-256.764723681522,-46.2118735440229));
#1753=CARTESIAN_POINT('Ctrl Pts',(1.68235001072481,-256.956272681628,-46.5132091032655));
#1754=CARTESIAN_POINT('Ctrl Pts',(1.68352103721734,-257.135131183612,-46.7942239670357));
#1755=CARTESIAN_POINT('Ctrl Pts',(1.68353071464764,-257.138077402021,-46.7988528410977));
#1756=CARTESIAN_POINT('Ctrl Pts',(1.68353071471834,-257.141028587165,-46.8034894188072));
#1757=CARTESIAN_POINT('',(-0.38749933838163,-255.999706726908,-45.0021337266012));
#1758=CARTESIAN_POINT('Ctrl Pts',(1.68353071471834,-257.141028587165,-46.8034894188072));
#1759=CARTESIAN_POINT('Ctrl Pts',(1.68353072216306,-257.451793601412,-47.2917292504712));
#1760=CARTESIAN_POINT('Ctrl Pts',(1.56381684302843,-257.817774432795,-47.8653060500591));
#1761=CARTESIAN_POINT('Ctrl Pts',(1.17781994470336,-258.20681110658,-48.4734876511872));
#1762=CARTESIAN_POINT('Ctrl Pts',(1.00368711674848,-258.33205793451,-48.6690278054914));
#1763=CARTESIAN_POINT('Ctrl Pts',(0.739020467856412,-258.430588392736,-48.8225359642851));
#1764=CARTESIAN_POINT('Ctrl Pts',(0.662278687500763,-258.452980423651,-48.8573827209835));
#1765=CARTESIAN_POINT('Ctrl Pts',(0.500241184899488,-258.483228455961,-48.9043334859525));
#1766=CARTESIAN_POINT('Ctrl Pts',(0.414843367084402,-258.490924286669,-48.9161878056685));
#1767=CARTESIAN_POINT('Ctrl Pts',(0.25572015681403,-258.491130681107,-48.9161878056685));
#1768=CARTESIAN_POINT('Ctrl Pts',(0.170302662268152,-258.483656410348,-48.9043334859525));
#1769=CARTESIAN_POINT('Ctrl Pts',(0.0081872372024186,-258.453828828085,
-48.8573827209836));
#1770=CARTESIAN_POINT('Ctrl Pts',(-0.0686123730379107,-258.43163595158,
-48.8225359642851));
#1771=CARTESIAN_POINT('Ctrl Pts',(-0.33353373336836,-258.333792407722,-48.6690278054914));
#1772=CARTESIAN_POINT('Ctrl Pts',(-0.507990883442153,-258.208997726481,
-48.4734876511873));
#1773=CARTESIAN_POINT('Ctrl Pts',(-0.897585071213394,-257.818367434219,
-47.8612368284428));
#1774=CARTESIAN_POINT('Ctrl Pts',(-1.0176946491958,-257.448343222769,-47.2808204324822));
#1775=CARTESIAN_POINT('Ctrl Pts',(-1.01645873768624,-257.13569210413,-46.7896029955809));
#1776=CARTESIAN_POINT('Ctrl Pts',(-1.01576332590519,-256.959772331895,-46.5132091032655));
#1777=CARTESIAN_POINT('Ctrl Pts',(-0.979525946829512,-256.768128682047,
-46.2118735440229));
#1778=CARTESIAN_POINT('Ctrl Pts',(-0.813182149472379,-256.40058499464,-45.6335074211477));
#1779=CARTESIAN_POINT('Ctrl Pts',(-0.68504253167355,-256.224429731028,-45.3560751489378));
#1780=CARTESIAN_POINT('Ctrl Pts',(-0.466135163838058,-256.052483899245,
-45.0852554572185));
#1781=CARTESIAN_POINT('Ctrl Pts',(-0.428464348378908,-256.025586370086,
-45.0428912235679));
#1782=CARTESIAN_POINT('Ctrl Pts',(-0.387499338382613,-255.999706726907,
-45.0021337266005));
#1783=CARTESIAN_POINT('Origin',(-2.98767587903994E-31,2.43962249451838E-15,
-45.0021337266012));
#1784=CARTESIAN_POINT('',(181.15085580909,-182.797116394876,-47.1274115252284));
#1785=CARTESIAN_POINT('',(183.459758108236,-181.846849916096,-48.6366103902216));
#1786=CARTESIAN_POINT('Ctrl Pts',(181.15085580909,-182.797116394876,-47.1274115252284));
#1787=CARTESIAN_POINT('Ctrl Pts',(181.027024427783,-182.67215966022,-46.8510169779639));
#1788=CARTESIAN_POINT('Ctrl Pts',(180.91722731422,-182.510960356355,-46.5496807201483));
#1789=CARTESIAN_POINT('Ctrl Pts',(180.775172875601,-182.133362742623,-45.9713133422969));
#1790=CARTESIAN_POINT('Ctrl Pts',(180.741343630367,-181.918173810804,-45.6938805116699));
#1791=CARTESIAN_POINT('Ctrl Pts',(180.783904277498,-181.565652765234,-45.348421722029));
#1792=CARTESIAN_POINT('Ctrl Pts',(180.81758750403,-181.427422470725,-45.2318735867564));
#1793=CARTESIAN_POINT('Ctrl Pts',(180.911852611501,-181.219710644641,-45.1054613628344));
#1794=CARTESIAN_POINT('Ctrl Pts',(180.950468062732,-181.150334893033,-45.0712000189988));
#1795=CARTESIAN_POINT('Ctrl Pts',(181.042146878281,-181.016632890093,-45.0244541205964));
#1796=CARTESIAN_POINT('Ctrl Pts',(181.095201240814,-180.952304667959,-45.0119575496659));
#1797=CARTESIAN_POINT('Ctrl Pts',(181.213748041054,-180.833586476655,-45.0119575496659));
#1798=CARTESIAN_POINT('Ctrl Pts',(181.277999547251,-180.780439233095,-45.0244541205964));
#1799=CARTESIAN_POINT('Ctrl Pts',(181.411568960259,-180.688567351,-45.0712000189988));
#1800=CARTESIAN_POINT('Ctrl Pts',(181.480888850874,-180.649851711396,-45.1054613628344));
#1801=CARTESIAN_POINT('Ctrl Pts',(181.688464273316,-180.555286616461,-45.2318735867564));
#1802=CARTESIAN_POINT('Ctrl Pts',(181.826645760668,-180.521403720737,-45.3484217220291));
#1803=CARTESIAN_POINT('Ctrl Pts',(182.179104950041,-180.478333823122,-45.69388051167));
#1804=CARTESIAN_POINT('Ctrl Pts',(182.394342531141,-180.511852144872,-45.971313342297));
#1805=CARTESIAN_POINT('Ctrl Pts',(182.772144979976,-180.653360911671,-46.5496807201483));
#1806=CARTESIAN_POINT('Ctrl Pts',(182.933502741915,-180.762925022472,-46.851016977964));
#1807=CARTESIAN_POINT('Ctrl Pts',(183.281032581284,-181.106331284067,-47.6186276710057));
#1808=CARTESIAN_POINT('Ctrl Pts',(183.458446646917,-181.452550253797,-48.1990426331402));
#1809=CARTESIAN_POINT('Ctrl Pts',(183.459755577155,-181.843835277661,-48.6332732766143));
#1810=CARTESIAN_POINT('Ctrl Pts',(183.459758108236,-181.845340627129,-48.6349410617108));
#1811=CARTESIAN_POINT('Ctrl Pts',(183.459758108236,-181.846849916096,-48.6366103902216));
#1812=CARTESIAN_POINT('Ctrl Pts',(183.459758108236,-181.846849916096,-48.6366103902216));
#1813=CARTESIAN_POINT('Ctrl Pts',(183.459758108236,-182.008108917516,-48.8149687129509));
#1814=CARTESIAN_POINT('Ctrl Pts',(183.424781927357,-182.217712359229,-49.0079031804607));
#1815=CARTESIAN_POINT('Ctrl Pts',(183.307979056382,-182.472671676665,-49.1603400162459));
#1816=CARTESIAN_POINT('Ctrl Pts',(183.269507763375,-182.542747509977,-49.195186704845));
#1817=CARTESIAN_POINT('Ctrl Pts',(183.176240623072,-182.678659861428,-49.242137383321));
#1818=CARTESIAN_POINT('Ctrl Pts',(183.121259349429,-182.744455208186,-49.2539916836911));
#1819=CARTESIAN_POINT('Ctrl Pts',(183.008823801647,-182.857053311584,-49.2539916836911));
#1820=CARTESIAN_POINT('Ctrl Pts',(182.943107956208,-182.912129583831,-49.242137383321));
#1821=CARTESIAN_POINT('Ctrl Pts',(182.807330491684,-183.00559298236,-49.195186704845));
#1822=CARTESIAN_POINT('Ctrl Pts',(182.737310311826,-183.044165475315,-49.1603400162459));
#1823=CARTESIAN_POINT('Ctrl Pts',(182.480729723908,-183.162159872493,-49.0068320829346));
#1824=CARTESIAN_POINT('Ctrl Pts',(182.269107210448,-183.197155193285,-48.8112921916187));
#1825=CARTESIAN_POINT('Ctrl Pts',(181.717407337403,-183.196106700658,-48.1990426331401));
#1826=CARTESIAN_POINT('Ctrl Pts',(181.370932414991,-183.01919301033,-47.6186276710056));
#1827=CARTESIAN_POINT('Ctrl Pts',(181.15085580909,-182.797116394876,-47.1274115252284));
#1828=CARTESIAN_POINT('Origin',(-2.98767587903994E-31,2.43962249451838E-15,
-27.6626659984828));
#1829=CARTESIAN_POINT('',(256.,4.81431207093172E-15,-10.3231982703643));
#1830=CARTESIAN_POINT('Origin',(-2.98767587903994E-31,2.43962249451838E-15,
-10.3231982703643));
#1831=CARTESIAN_POINT('',(256.,4.81431207093172E-15,-27.6626659984828));
#1832=CARTESIAN_POINT('',(181.5678691625,180.469135554503,-43.8875984007251));
#1833=CARTESIAN_POINT('',(181.567869162494,180.469135554508,-27.6626659984828));
#1834=CARTESIAN_POINT('',(180.872087903686,181.166464383895,-43.8875984007251));
#1835=CARTESIAN_POINT('Ctrl Pts',(180.872087903686,181.166464383895,-43.8875984007251));
#1836=CARTESIAN_POINT('Ctrl Pts',(180.881489771232,181.157077793397,-43.8827274967582));
#1837=CARTESIAN_POINT('Ctrl Pts',(180.890971259397,181.147610251021,-43.8779855556873));
#1838=CARTESIAN_POINT('Ctrl Pts',(180.996152486268,181.042566942915,-43.8274011470351));
#1839=CARTESIAN_POINT('Ctrl Pts',(181.09999213081,180.938724073571,-43.7940673956836));
#1840=CARTESIAN_POINT('Ctrl Pts',(181.340635759656,180.697545200357,-43.7940673956836));
#1841=CARTESIAN_POINT('Ctrl Pts',(181.44424766735,180.593475099577,-43.8274011470352));
#1842=CARTESIAN_POINT('Ctrl Pts',(181.549057030187,180.48806075271,-43.8779855556873));
#1843=CARTESIAN_POINT('Ctrl Pts',(181.558503483734,180.478558253467,-43.8827274967583));
#1844=CARTESIAN_POINT('Ctrl Pts',(181.5678691625,180.469135554503,-43.8875984007251));
#1845=CARTESIAN_POINT('',(180.872087903691,181.16646438389,-27.6626659984828));
#1846=CARTESIAN_POINT('',(1.23738038241864,255.997009532903,-43.8875984007251));
#1847=CARTESIAN_POINT('',(1.23738038241737,255.997009532903,-27.6626659984828));
#1848=CARTESIAN_POINT('',(-0.57291867616296,255.999358913632,-43.8875984007251));
#1849=CARTESIAN_POINT('Ctrl Pts',(-0.572918676162969,255.999358913632,-43.8875984007251));
#1850=CARTESIAN_POINT('Ctrl Pts',(-0.541250940514674,255.999429785048,-43.8662827702053));
#1851=CARTESIAN_POINT('Ctrl Pts',(-0.509252527977553,255.99949552709,-43.8453555948561));
#1852=CARTESIAN_POINT('Ctrl Pts',(-0.362948377108505,255.999768062313,-43.7530415460149));
#1853=CARTESIAN_POINT('Ctrl Pts',(-0.24525445824025,255.99991580136,-43.686748240748));
#1854=CARTESIAN_POINT('Ctrl Pts',(0.0158222262205802,256.000032793219,-43.5798351644325));
#1855=CARTESIAN_POINT('Ctrl Pts',(0.158539888980197,256.000009832865,-43.5375984007249));
#1856=CARTESIAN_POINT('Ctrl Pts',(0.505925970692219,255.99955900008,-43.5375984007249));
#1857=CARTESIAN_POINT('Ctrl Pts',(0.648643212303785,255.999211527018,-43.5798351644325));
#1858=CARTESIAN_POINT('Ctrl Pts',(0.909718713669816,255.998416893376,-43.6867482407481));
#1859=CARTESIAN_POINT('Ctrl Pts',(1.02741185262048,255.997963672306,-43.7530415460149));
#1860=CARTESIAN_POINT('Ctrl Pts',(1.17371480328166,255.997311395691,-43.8453555948561));
#1861=CARTESIAN_POINT('Ctrl Pts',(1.20571293739443,255.997162599829,-43.8662827702053));
#1862=CARTESIAN_POINT('Ctrl Pts',(1.23738038241864,255.997009532903,-43.8875984007251));
#1863=CARTESIAN_POINT('',(-0.572918676161687,255.999358913632,-27.6626659984828));
#1864=CARTESIAN_POINT('',(-180.11043014486,181.923700910667,-43.8875984007251));
#1865=CARTESIAN_POINT('',(-180.110430144855,181.923700910671,-27.6626659984828));
#1866=CARTESIAN_POINT('',(-181.662721528817,180.373655523038,-43.8875984007251));
#1867=CARTESIAN_POINT('Ctrl Pts',(-181.662721528817,180.373655523038,-43.8875984007251));
#1868=CARTESIAN_POINT('Ctrl Pts',(-181.59935762437,180.437472266648,-43.8143078054593));
#1869=CARTESIAN_POINT('Ctrl Pts',(-181.536134780654,180.501080118297,-43.7441497466877));
#1870=CARTESIAN_POINT('Ctrl Pts',(-181.384289235162,180.65368869192,-43.5876342945143));
#1871=CARTESIAN_POINT('Ctrl Pts',(-181.296363524901,180.74193278419,-43.5054324968975));
#1872=CARTESIAN_POINT('Ctrl Pts',(-181.108434168089,180.93024282392,-43.3739848873076));
#1873=CARTESIAN_POINT('Ctrl Pts',(-181.00929680408,181.029455447107,-43.32229229736));
#1874=CARTESIAN_POINT('Ctrl Pts',(-180.767175499757,181.271226428309,-43.3222922973599));
#1875=CARTESIAN_POINT('Ctrl Pts',(-180.667819435847,181.370220034701,-43.3739848873074));
#1876=CARTESIAN_POINT('Ctrl Pts',(-180.479237483518,181.557876533312,-43.5054324968971));
#1877=CARTESIAN_POINT('Ctrl Pts',(-180.390866172803,181.645674379458,-43.5876342945138));
#1878=CARTESIAN_POINT('Ctrl Pts',(-180.238037896267,181.797298798072,-43.7441497466873));
#1879=CARTESIAN_POINT('Ctrl Pts',(-180.174338568558,181.860429475309,-43.8143078054591));
#1880=CARTESIAN_POINT('Ctrl Pts',(-180.110430144859,181.923700910667,-43.8875984007251));
#1881=CARTESIAN_POINT('',(-181.662721528821,180.373655523034,-27.6626659984828));
#1882=CARTESIAN_POINT('',(-255.997809169424,1.05910360933109,-43.8875984007251));
#1883=CARTESIAN_POINT('',(-255.997809169424,1.0591036093317,-27.6626659984828));
#1884=CARTESIAN_POINT('',(-255.997187756972,-1.19994188266698,-43.8875984007251));
#1885=CARTESIAN_POINT('Ctrl Pts',(-255.997187756972,-1.19994188266698,-43.8875984007251));
#1886=CARTESIAN_POINT('Ctrl Pts',(-255.997673373507,-1.09633980892291,-43.8006657843055));
#1887=CARTESIAN_POINT('Ctrl Pts',(-255.99809373127,-0.993352242455652,-43.7176192884965));
#1888=CARTESIAN_POINT('Ctrl Pts',(-255.998884069967,-0.765945056666497,
-43.5481873389838));
#1889=CARTESIAN_POINT('Ctrl Pts',(-255.999226190886,-0.642995402308926,
-43.4644531352308));
#1890=CARTESIAN_POINT('Ctrl Pts',(-255.999751247643,-0.380284569545514,
-43.329156298457));
#1891=CARTESIAN_POINT('Ctrl Pts',(-255.999943079071,-0.242136837479116,
-43.2744834962653));
#1892=CARTESIAN_POINT('Ctrl Pts',(-256.000037550025,0.101297193239044,-43.2744834962653));
#1893=CARTESIAN_POINT('Ctrl Pts',(-255.99992172127,0.239445009935818,-43.329156298457));
#1894=CARTESIAN_POINT('Ctrl Pts',(-255.999541196228,0.502156091804351,-43.4644531352308));
#1895=CARTESIAN_POINT('Ctrl Pts',(-255.999266716708,0.625105915774812,-43.5481873389838));
#1896=CARTESIAN_POINT('Ctrl Pts',(-255.998601487295,0.852513501957917,-43.7176192884965));
#1897=CARTESIAN_POINT('Ctrl Pts',(-255.998237788704,0.955501284101369,-43.8006657843055));
#1898=CARTESIAN_POINT('Ctrl Pts',(-255.997809169424,1.05910360933109,-43.8875984007251));
#1899=CARTESIAN_POINT('',(-255.997187756972,-1.19994188266759,-27.6626659984828));
#1900=CARTESIAN_POINT('',(-181.537036859269,-180.500150272393,-43.8875984007251));
#1901=CARTESIAN_POINT('',(-181.537036859272,-180.50015027239,-27.6626659984828));
#1902=CARTESIAN_POINT('',(-180.095790465163,-181.938193507378,-43.8875984007251));
#1903=CARTESIAN_POINT('Ctrl Pts',(-180.095790465163,-181.938193507378,-43.8875984007251));
#1904=CARTESIAN_POINT('Ctrl Pts',(-180.147211197886,-181.88729348838,-43.8328515155798));
#1905=CARTESIAN_POINT('Ctrl Pts',(-180.199361966846,-181.835628123502,-43.779721127639));
#1906=CARTESIAN_POINT('Ctrl Pts',(-180.332304503273,-181.703804093177,-43.6541006237719));
#1907=CARTESIAN_POINT('Ctrl Pts',(-180.413712983633,-181.622984456376,-43.5844479180592));
#1908=CARTESIAN_POINT('Ctrl Pts',(-180.594867945353,-181.442855985327,-43.4697972169107));
#1909=CARTESIAN_POINT('Ctrl Pts',(-180.693808353924,-181.344363914524,-43.4222592944458));
#1910=CARTESIAN_POINT('Ctrl Pts',(-180.941878169139,-181.096845432581,-43.4222592944456));
#1911=CARTESIAN_POINT('Ctrl Pts',(-181.040590134811,-180.998124410036,-43.4697972169105));
#1912=CARTESIAN_POINT('Ctrl Pts',(-181.221121222925,-180.817370675739,-43.5844479180588));
#1913=CARTESIAN_POINT('Ctrl Pts',(-181.302121790463,-180.736142217512,-43.6541006237715));
#1914=CARTESIAN_POINT('Ctrl Pts',(-181.434241286599,-180.603493313621,-43.7797211276386));
#1915=CARTESIAN_POINT('Ctrl Pts',(-181.486022557078,-180.551457627225,-43.8328515155796));
#1916=CARTESIAN_POINT('Ctrl Pts',(-181.537036859269,-180.500150272393,-43.8875984007251));
#1917=CARTESIAN_POINT('',(-180.09579046516,-181.938193507381,-27.6626659984828));
#1918=CARTESIAN_POINT('',(-0.387499338383309,-255.999706726908,-43.8875984007251));
#1919=CARTESIAN_POINT('',(-0.38749933838163,-255.999706726908,-27.6626659984828));
#1920=CARTESIAN_POINT('',(1.05159759080272,-255.997840112972,-43.8875984007251));
#1921=CARTESIAN_POINT('Ctrl Pts',(1.05159759080272,-255.997840112972,-43.8875984007251));
#1922=CARTESIAN_POINT('Ctrl Pts',(0.966235878310997,-255.998190765037,-43.8418974528463));
#1923=CARTESIAN_POINT('Ctrl Pts',(0.87761774454726,-255.998513311103,-43.7999649466634));
#1924=CARTESIAN_POINT('Ctrl Pts',(0.649270594851561,-255.999211369612,-43.7157667695323));
#1925=CARTESIAN_POINT('Ctrl Pts',(0.503894898334345,-255.999561758413,-43.6788433270016));
#1926=CARTESIAN_POINT('Ctrl Pts',(0.160205977372304,-256.000007548072,-43.6788433270015));
#1927=CARTESIAN_POINT('Ctrl Pts',(0.0148298610557657,-256.00003428563,-43.7157667695323));
#1928=CARTESIAN_POINT('Ctrl Pts',(-0.213518331162219,-255.99992859437,-43.7999649466634));
#1929=CARTESIAN_POINT('Ctrl Pts',(-0.302137003474718,-255.999835937401,
-43.8418974528463));
#1930=CARTESIAN_POINT('Ctrl Pts',(-0.387499338383319,-255.999706726908,
-43.8875984007251));
#1931=CARTESIAN_POINT('',(1.05159759080104,-255.997840112972,-27.6626659984828));
#1932=CARTESIAN_POINT('Origin',(-2.98767587903994E-31,2.43962249451838E-15,
-7.66159913518216));
#1933=CARTESIAN_POINT('',(257.476050124882,4.82800410548571E-15,-7.66159913518216));
#1934=CARTESIAN_POINT('Origin',(-181.442696678799,-181.846849916096,-68.8875984007251));
#1935=CARTESIAN_POINT('',(-180.092696678799,-181.846849916096,-56.));
#1936=CARTESIAN_POINT('Origin',(-181.442696678799,-181.846849916096,-56.));
#1937=CARTESIAN_POINT('',(-180.092696678799,-181.846849916096,-43.8875984007251));
#1938=CARTESIAN_POINT('',(-180.092696678799,-181.846849916096,-68.8875984007251));
#1939=CARTESIAN_POINT('Origin',(-181.442696678799,-181.846849916096,-43.8875984007251));
#1940=CARTESIAN_POINT('Origin',(-181.442696678799,-181.846849916096,-43.8875984007251));
#1941=CARTESIAN_POINT('Origin',(-181.442696678799,181.705604870939,-68.8875984007251));
#1942=CARTESIAN_POINT('',(-180.092696678799,181.705604870939,-56.));
#1943=CARTESIAN_POINT('Origin',(-181.442696678799,181.705604870939,-56.));
#1944=CARTESIAN_POINT('',(-180.092696678799,181.705604870939,-43.8875984007251));
#1945=CARTESIAN_POINT('',(-180.092696678799,181.705604870939,-68.8875984007251));
#1946=CARTESIAN_POINT('Origin',(-181.442696678799,181.705604870939,-43.8875984007251));
#1947=CARTESIAN_POINT('Origin',(-181.442696678799,181.705604870939,-43.8875984007251));
#1948=CARTESIAN_POINT('Origin',(182.109758108236,181.705604870939,-68.8875984007251));
#1949=CARTESIAN_POINT('',(183.459758108236,181.705604870939,-56.));
#1950=CARTESIAN_POINT('Origin',(182.109758108236,181.705604870939,-56.));
#1951=CARTESIAN_POINT('',(183.459758108236,181.705604870939,-68.8875984007251));
#1952=CARTESIAN_POINT('Origin',(182.109758108236,181.705604870939,-43.8875984007251));
#1953=CARTESIAN_POINT('Origin',(0.333530714718311,256.999783574349,-68.8875984007251));
#1954=CARTESIAN_POINT('',(1.68353071471831,256.999783574349,-56.));
#1955=CARTESIAN_POINT('Origin',(0.333530714718311,256.999783574349,-56.));
#1956=CARTESIAN_POINT('',(1.68353071471831,256.999783574349,-68.8875984007251));
#1957=CARTESIAN_POINT('Origin',(0.333530714718312,256.999783574349,-43.8875984007251));
#1958=CARTESIAN_POINT('Origin',(-256.736875382209,-0.0706225225784371,-68.8875984007251));
#1959=CARTESIAN_POINT('',(-255.386875382209,-0.070622522578437,-56.));
#1960=CARTESIAN_POINT('Origin',(-256.736875382209,-0.0706225225784371,-56.));
#1961=CARTESIAN_POINT('',(-255.386875382209,-0.0706225225784371,-43.8875984007251));
#1962=CARTESIAN_POINT('',(-255.386875382209,-0.0706225225784369,-68.8875984007251));
#1963=CARTESIAN_POINT('Origin',(-256.736875382209,-0.0706225225784372,-43.8875984007251));
#1964=CARTESIAN_POINT('Origin',(-256.736875382209,-0.0706225225784372,-43.8875984007251));
#1965=CARTESIAN_POINT('Origin',(0.333530714718343,-257.141028619506,-68.8875984007251));
#1966=CARTESIAN_POINT('',(1.68353071471834,-257.141028619506,-56.));
#1967=CARTESIAN_POINT('Origin',(0.333530714718343,-257.141028619506,-56.));
#1968=CARTESIAN_POINT('',(1.68353071471834,-257.141028619506,-68.8875984007251));
#1969=CARTESIAN_POINT('Origin',(0.333530714718343,-257.141028619506,-43.8875984007251));
#1970=CARTESIAN_POINT('Origin',(182.109758108236,-181.846849916096,-68.8875984007251));
#1971=CARTESIAN_POINT('',(183.459758108236,-181.846849916096,-56.));
#1972=CARTESIAN_POINT('Origin',(182.109758108236,-181.846849916096,-56.));
#1973=CARTESIAN_POINT('',(183.459758108236,-181.846849916096,-68.8875984007251));
#1974=CARTESIAN_POINT('Origin',(257.403936811646,-0.070622522578374,-68.8875984007251));
#1975=CARTESIAN_POINT('',(258.753936811646,-0.0706225225783739,-56.));
#1976=CARTESIAN_POINT('Origin',(257.403936811646,-0.0706225225783741,-56.));
#1977=CARTESIAN_POINT('',(258.753936811646,-0.0706225225783738,-68.8875984007251));
#1978=CARTESIAN_POINT('Origin',(-181.442696678799,-181.846849916096,-43.2125984007251));
#1979=CARTESIAN_POINT('Origin',(-181.442696678799,181.705604870939,-43.2125984007251));
#1980=CARTESIAN_POINT('Origin',(182.109758108236,181.705604870939,-43.2125984007251));
#1981=CARTESIAN_POINT('Origin',(0.333530714718312,256.999783574349,-43.2125984007251));
#1982=CARTESIAN_POINT('Origin',(-256.736875382209,-0.0706225225784372,-43.2125984007251));
#1983=CARTESIAN_POINT('Origin',(0.333530714718343,-257.141028619506,-43.2125984007251));
#1984=CARTESIAN_POINT('Origin',(-265.,-145.,-15.));
#1985=CARTESIAN_POINT('',(-266.75,-145.,0.));
#1986=CARTESIAN_POINT('Origin',(-265.,-145.,0.));
#1987=CARTESIAN_POINT('',(-266.75,-145.,-15.));
#1988=CARTESIAN_POINT('Origin',(-145.,265.,-15.));
#1989=CARTESIAN_POINT('',(-146.75,265.,0.));
#1990=CARTESIAN_POINT('Origin',(-145.,265.,0.));
#1991=CARTESIAN_POINT('',(-146.75,265.,-15.));
#1992=CARTESIAN_POINT('Origin',(265.,145.,-15.));
#1993=CARTESIAN_POINT('',(263.25,145.,0.));
#1994=CARTESIAN_POINT('Origin',(265.,145.,0.));
#1995=CARTESIAN_POINT('',(263.25,145.,-15.));
#1996=CARTESIAN_POINT('Origin',(145.,-265.,-15.));
#1997=CARTESIAN_POINT('',(143.25,-265.,0.));
#1998=CARTESIAN_POINT('Origin',(145.,-265.,0.));
#1999=CARTESIAN_POINT('',(143.25,-265.,-15.));
#2000=CARTESIAN_POINT('Origin',(265.,-265.,-15.));
#2001=CARTESIAN_POINT('',(263.25,-265.,0.));
#2002=CARTESIAN_POINT('Origin',(265.,-265.,0.));
#2003=CARTESIAN_POINT('',(263.25,-265.,-15.));
#2004=CARTESIAN_POINT('Origin',(265.,-145.,-15.));
#2005=CARTESIAN_POINT('',(263.25,-145.,0.));
#2006=CARTESIAN_POINT('Origin',(265.,-145.,0.));
#2007=CARTESIAN_POINT('',(263.25,-145.,-15.));
#2008=CARTESIAN_POINT('Origin',(145.,265.,-15.));
#2009=CARTESIAN_POINT('',(143.25,265.,0.));
#2010=CARTESIAN_POINT('Origin',(145.,265.,0.));
#2011=CARTESIAN_POINT('',(143.25,265.,-15.));
#2012=CARTESIAN_POINT('Origin',(-265.,145.,-15.));
#2013=CARTESIAN_POINT('',(-266.75,145.,0.));
#2014=CARTESIAN_POINT('Origin',(-265.,145.,0.));
#2015=CARTESIAN_POINT('',(-266.75,145.,-15.));
#2016=CARTESIAN_POINT('Origin',(-145.,-265.,-15.));
#2017=CARTESIAN_POINT('',(-146.75,-265.,0.));
#2018=CARTESIAN_POINT('Origin',(-145.,-265.,0.));
#2019=CARTESIAN_POINT('',(-146.75,-265.,-15.));
#2020=CARTESIAN_POINT('Origin',(275.,-275.,0.));
#2021=CARTESIAN_POINT('',(-275.,-275.,0.));
#2022=CARTESIAN_POINT('',(275.,-275.,0.));
#2023=CARTESIAN_POINT('',(-275.,-275.,0.));
#2024=CARTESIAN_POINT('',(-275.,-275.,0.));
#2025=CARTESIAN_POINT('',(275.,-275.,0.));
#2026=CARTESIAN_POINT('Origin',(275.,275.,0.));
#2027=CARTESIAN_POINT('',(275.,275.,0.));
#2028=CARTESIAN_POINT('',(275.,-275.,0.));
#2029=CARTESIAN_POINT('',(275.,275.,0.));
#2030=CARTESIAN_POINT('Origin',(-275.,275.,0.));
#2031=CARTESIAN_POINT('',(-275.,275.,0.));
#2032=CARTESIAN_POINT('',(275.,275.,0.));
#2033=CARTESIAN_POINT('',(-275.,275.,0.));
#2034=CARTESIAN_POINT('Origin',(-275.,-275.,0.));
#2035=CARTESIAN_POINT('',(-275.,275.,0.));
#2036=CARTESIAN_POINT('Origin',(0.,0.,0.));
#2037=CARTESIAN_POINT('',(-253.,-3.0983564018428E-14,0.));
#2038=CARTESIAN_POINT('Origin',(0.,0.,0.));
#2039=CARTESIAN_POINT('',(-253.,-3.0983564018428E-14,-56.));
#2040=CARTESIAN_POINT('',(-253.,3.0983564018428E-14,0.));
#2041=CARTESIAN_POINT('Origin',(0.,0.,-56.));
#2042=CARTESIAN_POINT('Origin',(0.,0.,0.));
#2043=CARTESIAN_POINT('Origin',(0.,0.,-56.));
#2044=CARTESIAN_POINT('',(0.,0.,0.));
#2045=UNCERTAINTY_MEASURE_WITH_UNIT(LENGTH_MEASURE(0.01),#2051,
'DISTANCE_ACCURACY_VALUE',
'Maximum model space distance between geometric entities at asserted c
onnectivities');
#2046=UNCERTAINTY_MEASURE_WITH_UNIT(LENGTH_MEASURE(0.01),#2051,
'DISTANCE_ACCURACY_VALUE',
'Maximum model space distance between geometric entities at asserted c
onnectivities');
#2047=UNCERTAINTY_MEASURE_WITH_UNIT(LENGTH_MEASURE(0.01),#2051,
'DISTANCE_ACCURACY_VALUE',
'Maximum model space distance between geometric entities at asserted c
onnectivities');
#2048=(
GEOMETRIC_REPRESENTATION_CONTEXT(3)
GLOBAL_UNCERTAINTY_ASSIGNED_CONTEXT((#2045))
GLOBAL_UNIT_ASSIGNED_CONTEXT((#2051,#2053,#2054))
REPRESENTATION_CONTEXT('','3D')
);
#2049=(
GEOMETRIC_REPRESENTATION_CONTEXT(3)
GLOBAL_UNCERTAINTY_ASSIGNED_CONTEXT((#2046))
GLOBAL_UNIT_ASSIGNED_CONTEXT((#2051,#2053,#2054))
REPRESENTATION_CONTEXT('','3D')
);
#2050=(
GEOMETRIC_REPRESENTATION_CONTEXT(3)
GLOBAL_UNCERTAINTY_ASSIGNED_CONTEXT((#2047))
GLOBAL_UNIT_ASSIGNED_CONTEXT((#2051,#2053,#2054))
REPRESENTATION_CONTEXT('','3D')
);
#2051=(
LENGTH_UNIT()
NAMED_UNIT(*)
SI_UNIT(.MILLI.,.METRE.)
);
#2052=(
LENGTH_UNIT()
NAMED_UNIT(*)
SI_UNIT($,.METRE.)
);
#2053=(
NAMED_UNIT(*)
PLANE_ANGLE_UNIT()
SI_UNIT($,.RADIAN.)
);
#2054=(
NAMED_UNIT(*)
SI_UNIT($,.STERADIAN.)
SOLID_ANGLE_UNIT()
);
#2055=SHAPE_DEFINITION_REPRESENTATION(#2057,#2060);
#2056=SHAPE_DEFINITION_REPRESENTATION(#2058,#2061);
#2057=PRODUCT_DEFINITION_SHAPE('',$,#2063);
#2058=PRODUCT_DEFINITION_SHAPE('',$,#2064);
#2059=PRODUCT_DEFINITION_SHAPE($,$,#14);
#2060=SHAPE_REPRESENTATION('',(#1010,#1113),#2048);
#2061=SHAPE_REPRESENTATION('',(#1011),#2049);
#2062=PRODUCT_DEFINITION_CONTEXT('part definition',#2070,'design');
#2063=PRODUCT_DEFINITION('bqap_bqfb_num_10 (v4~recovered)',
'bqap_bqfb_num_10 (v4~recovered)',#2065,#2062);
#2064=PRODUCT_DEFINITION('1','v6 frame v1',#2066,#2062);
#2065=PRODUCT_DEFINITION_FORMATION('',$,#2072);
#2066=PRODUCT_DEFINITION_FORMATION('',$,#2073);
#2067=PRODUCT_RELATED_PRODUCT_CATEGORY(
'bqap_bqfb_num_10 (v4~recovered)','bqap_bqfb_num_10 (v4~recovered)',(#2072));
#2068=PRODUCT_RELATED_PRODUCT_CATEGORY('v6 frame v1','v6 frame v1',(#2073));
#2069=APPLICATION_PROTOCOL_DEFINITION('international standard',
'automotive_design',2009,#2070);
#2070=APPLICATION_CONTEXT(
'Core Data for Automotive Mechanical Design Process');
#2071=PRODUCT_CONTEXT('part definition',#2070,'mechanical');
#2072=PRODUCT('bqap_bqfb_num_10 (v4~recovered)',
'bqap_bqfb_num_10 (v4~recovered)',$,(#2071));
#2073=PRODUCT('1','v6 frame v1','STEP AP214',(#2071));
#2074=PRESENTATION_STYLE_ASSIGNMENT((#2080));
#2075=PRESENTATION_STYLE_ASSIGNMENT((#2081));
#2076=PRESENTATION_STYLE_ASSIGNMENT((#2082));
#2077=PRESENTATION_STYLE_ASSIGNMENT((#2083));
#2078=PRESENTATION_STYLE_ASSIGNMENT((#2084));
#2079=PRESENTATION_STYLE_ASSIGNMENT((#2085));
#2080=SURFACE_STYLE_USAGE(.BOTH.,#2086);
#2081=SURFACE_STYLE_USAGE(.BOTH.,#2087);
#2082=SURFACE_STYLE_USAGE(.BOTH.,#2088);
#2083=SURFACE_STYLE_USAGE(.BOTH.,#2089);
#2084=SURFACE_STYLE_USAGE(.BOTH.,#2090);
#2085=SURFACE_STYLE_USAGE(.BOTH.,#2091);
#2086=SURFACE_SIDE_STYLE('',(#2092));
#2087=SURFACE_SIDE_STYLE('',(#2093));
#2088=SURFACE_SIDE_STYLE('',(#2094));
#2089=SURFACE_SIDE_STYLE('',(#2095));
#2090=SURFACE_SIDE_STYLE('',(#2096));
#2091=SURFACE_SIDE_STYLE('',(#2097));
#2092=SURFACE_STYLE_FILL_AREA(#2098);
#2093=SURFACE_STYLE_FILL_AREA(#2099);
#2094=SURFACE_STYLE_FILL_AREA(#2100);
#2095=SURFACE_STYLE_FILL_AREA(#2101);
#2096=SURFACE_STYLE_FILL_AREA(#2102);
#2097=SURFACE_STYLE_FILL_AREA(#2103);
#2098=FILL_AREA_STYLE('Steel - Satin',(#2104));
#2099=FILL_AREA_STYLE('Opaque(160,160,160) (1)',(#2105));
#2100=FILL_AREA_STYLE('3D Cherry - Glossy',(#2106));
#2101=FILL_AREA_STYLE('Opaque(160,160,160)',(#2107));
#2102=FILL_AREA_STYLE('ABS (White)',(#2108));
#2103=FILL_AREA_STYLE('Opaque(160,160,160) (2)',(#2109));
#2104=FILL_AREA_STYLE_COLOUR('Steel - Satin',#2110);
#2105=FILL_AREA_STYLE_COLOUR('Opaque(160,160,160) (1)',#2111);
#2106=FILL_AREA_STYLE_COLOUR('3D Cherry - Glossy',#2112);
#2107=FILL_AREA_STYLE_COLOUR('Opaque(160,160,160)',#2113);
#2108=FILL_AREA_STYLE_COLOUR('ABS (White)',#2114);
#2109=FILL_AREA_STYLE_COLOUR('Opaque(160,160,160) (2)',#2115);
#2110=COLOUR_RGB('Steel - Satin',0.627450980392157,0.627450980392157,0.627450980392157);
#2111=COLOUR_RGB('Opaque(160,160,160) (1)',0.,0.,0.);
#2112=COLOUR_RGB('3D Cherry - Glossy',0.67843137254902,0.419607843137255,
0.262745098039216);
#2113=COLOUR_RGB('Opaque(160,160,160)',0.627450980392157,0.627450980392157,
0.627450980392157);
#2114=COLOUR_RGB('ABS (White)',0.964705882352941,0.964705882352941,0.952941176470588);
#2115=COLOUR_RGB('Opaque(160,160,160) (2)',0.627450980392157,0.627450980392157,
0.627450980392157);
ENDSEC;
END-ISO-10303-21;
