ISO-10303-21;
HEADER;
/* Generated by software containing ST-Developer
 * from STEP Tools, Inc. (www.steptools.com) 
 */

FILE_DESCRIPTION(
/* description */ (''),
/* implementation_level */ '2;1');

FILE_NAME(
/* name */ 'NEMA 23 stepper motor v1.step',
/* time_stamp */ '2025-10-17T09:07:22-04:00',
/* author */ (''),
/* organization */ (''),
/* preprocessor_version */ 'ST-DEVELOPER v20.1',
/* originating_system */ 'Autodesk Translation Framework v14.10.0.0',
/* authorisation */ '');

FILE_SCHEMA (('AUTOMOTIVE_DESIGN { 1 0 10303 214 3 1 1 }'));
ENDSEC;

DATA;
#10=MECHANICAL_DESIGN_GEOMETRIC_PRESENTATION_REPRESENTATION('',(#98,#99,
#100,#101,#102,#103,#104,#105,#106,#107,#108,#109,#110,#111,#112,#113,#114,
#115,#116,#117,#118,#119,#120,#121,#122,#123,#124,#125,#126,#127,#128,#129,
#130,#131,#132,#133,#134,#135,#136,#137,#138,#139,#140,#141,#142,#143,#144,
#145,#146,#147,#148,#149,#150,#151),#6031);
#11=SHAPE_REPRESENTATION_RELATIONSHIP('SRR','None',#6037,#12);
#12=ADVANCED_BREP_SHAPE_REPRESENTATION('',(#13),#6030);
#13=MANIFOLD_SOLID_BREP('Body1',#3589);
#14=TOROIDAL_SURFACE('',#3870,0.00179999999999997,0.00095);
#15=TOROIDAL_SURFACE('',#3893,0.00179999999999997,0.00095);
#16=TOROIDAL_SURFACE('',#3918,0.00179999999999997,0.00095);
#17=TOROIDAL_SURFACE('',#3943,0.00179999999999997,0.00095);
#18=(
BOUNDED_CURVE()
B_SPLINE_CURVE(2,(#5631,#5632,#5633),.UNSPECIFIED.,.F.,.F.)
B_SPLINE_CURVE_WITH_KNOTS((3,3),(1.84017273688692,3.91091411691723),
 .UNSPECIFIED.)
CURVE()
GEOMETRIC_REPRESENTATION_ITEM()
RATIONAL_B_SPLINE_CURVE((3.47260273972974,4.20921544208836,3.47260273972981))
REPRESENTATION_ITEM('')
);
#19=CONICAL_SURFACE('',#3743,0.02,0.785398163397448);
#20=CONICAL_SURFACE('',#3744,0.0026,0.785398163397448);
#21=CONICAL_SURFACE('',#3761,0.0026,0.785398163397448);
#22=CONICAL_SURFACE('',#3777,0.0026,0.785398163397448);
#23=CONICAL_SURFACE('',#3793,0.0026,0.785398163397448);
#24=CONICAL_SURFACE('',#3817,0.00325,0.785398163397448);
#25=CYLINDRICAL_SURFACE('',#3610,0.002);
#26=CYLINDRICAL_SURFACE('',#3614,0.0045);
#27=CYLINDRICAL_SURFACE('',#3618,0.002);
#28=CYLINDRICAL_SURFACE('',#3622,0.002);
#29=CYLINDRICAL_SURFACE('',#3625,0.0045);
#30=CYLINDRICAL_SURFACE('',#3630,0.002);
#31=CYLINDRICAL_SURFACE('',#3634,0.002);
#32=CYLINDRICAL_SURFACE('',#3638,0.0045);
#33=CYLINDRICAL_SURFACE('',#3642,0.002);
#34=CYLINDRICAL_SURFACE('',#3646,0.002);
#35=CYLINDRICAL_SURFACE('',#3650,0.0045);
#36=CYLINDRICAL_SURFACE('',#3654,0.002);
#37=CYLINDRICAL_SURFACE('',#3659,0.002);
#38=CYLINDRICAL_SURFACE('',#3662,0.0045);
#39=CYLINDRICAL_SURFACE('',#3665,0.002);
#40=CYLINDRICAL_SURFACE('',#3668,0.002);
#41=CYLINDRICAL_SURFACE('',#3670,0.0045);
#42=CYLINDRICAL_SURFACE('',#3674,0.002);
#43=CYLINDRICAL_SURFACE('',#3677,0.002);
#44=CYLINDRICAL_SURFACE('',#3680,0.0045);
#45=CYLINDRICAL_SURFACE('',#3683,0.002);
#46=CYLINDRICAL_SURFACE('',#3686,0.002);
#47=CYLINDRICAL_SURFACE('',#3689,0.0045);
#48=CYLINDRICAL_SURFACE('',#3692,0.002);
#49=CYLINDRICAL_SURFACE('',#3695,0.0026);
#50=CYLINDRICAL_SURFACE('',#3733,0.019);
#51=CYLINDRICAL_SURFACE('',#3735,0.005);
#52=CYLINDRICAL_SURFACE('',#3739,0.0035);
#53=CYLINDRICAL_SURFACE('',#3740,0.0045);
#54=CYLINDRICAL_SURFACE('',#3741,0.002);
#55=CYLINDRICAL_SURFACE('',#3742,0.002);
#56=CYLINDRICAL_SURFACE('',#3746,0.0026);
#57=CYLINDRICAL_SURFACE('',#3757,0.0035);
#58=CYLINDRICAL_SURFACE('',#3758,0.0045);
#59=CYLINDRICAL_SURFACE('',#3759,0.002);
#60=CYLINDRICAL_SURFACE('',#3760,0.002);
#61=CYLINDRICAL_SURFACE('',#3762,0.0026);
#62=CYLINDRICAL_SURFACE('',#3773,0.0035);
#63=CYLINDRICAL_SURFACE('',#3774,0.0045);
#64=CYLINDRICAL_SURFACE('',#3775,0.002);
#65=CYLINDRICAL_SURFACE('',#3776,0.002);
#66=CYLINDRICAL_SURFACE('',#3778,0.0026);
#67=CYLINDRICAL_SURFACE('',#3789,0.0035);
#68=CYLINDRICAL_SURFACE('',#3790,0.0045);
#69=CYLINDRICAL_SURFACE('',#3791,0.002);
#70=CYLINDRICAL_SURFACE('',#3792,0.002);
#71=CYLINDRICAL_SURFACE('',#3796,0.000925);
#72=CYLINDRICAL_SURFACE('',#3799,0.004);
#73=CYLINDRICAL_SURFACE('',#3806,0.004);
#74=CYLINDRICAL_SURFACE('',#3809,0.005);
#75=CYLINDRICAL_SURFACE('',#3816,0.000925);
#76=CYLINDRICAL_SURFACE('',#3823,0.0057);
#77=CYLINDRICAL_SURFACE('',#3825,0.00185);
#78=CYLINDRICAL_SURFACE('',#3834,0.000725);
#79=CYLINDRICAL_SURFACE('',#3838,0.000725);
#80=CYLINDRICAL_SURFACE('',#3842,0.000725);
#81=CYLINDRICAL_SURFACE('',#3846,0.000725);
#82=CYLINDRICAL_SURFACE('',#3850,0.000375);
#83=CYLINDRICAL_SURFACE('',#3853,0.000375);
#84=CYLINDRICAL_SURFACE('',#3856,0.000375);
#85=CYLINDRICAL_SURFACE('',#3859,0.000375);
#86=CYLINDRICAL_SURFACE('',#3862,0.00265);
#87=CYLINDRICAL_SURFACE('',#3864,0.00265);
#88=CYLINDRICAL_SURFACE('',#3866,0.00325);
#89=CYLINDRICAL_SURFACE('',#3885,0.00265);
#90=CYLINDRICAL_SURFACE('',#3887,0.00325);
#91=CYLINDRICAL_SURFACE('',#3889,0.00265);
#92=CYLINDRICAL_SURFACE('',#3910,0.00265);
#93=CYLINDRICAL_SURFACE('',#3912,0.00325);
#94=CYLINDRICAL_SURFACE('',#3914,0.00265);
#95=CYLINDRICAL_SURFACE('',#3935,0.00265);
#96=CYLINDRICAL_SURFACE('',#3937,0.00265);
#97=CYLINDRICAL_SURFACE('',#3939,0.00325);
#98=STYLED_ITEM('',(#6048),#3385);
#99=STYLED_ITEM('',(#6048),#3386);
#100=STYLED_ITEM('',(#6048),#3387);
#101=STYLED_ITEM('',(#6048),#3388);
#102=STYLED_ITEM('',(#6048),#3389);
#103=STYLED_ITEM('',(#6048),#3390);
#104=STYLED_ITEM('',(#6048),#3391);
#105=STYLED_ITEM('',(#6048),#3392);
#106=STYLED_ITEM('',(#6048),#3393);
#107=STYLED_ITEM('',(#6048),#3394);
#108=STYLED_ITEM('',(#6048),#3395);
#109=STYLED_ITEM('',(#6048),#3396);
#110=STYLED_ITEM('',(#6048),#3397);
#111=STYLED_ITEM('',(#6048),#3398);
#112=STYLED_ITEM('',(#6048),#3399);
#113=STYLED_ITEM('',(#6048),#3400);
#114=STYLED_ITEM('',(#6048),#3401);
#115=STYLED_ITEM('',(#6048),#3402);
#116=STYLED_ITEM('',(#6048),#3403);
#117=STYLED_ITEM('',(#6048),#3404);
#118=STYLED_ITEM('',(#6048),#3405);
#119=STYLED_ITEM('',(#6048),#3406);
#120=STYLED_ITEM('',(#6048),#3407);
#121=STYLED_ITEM('',(#6048),#3408);
#122=STYLED_ITEM('',(#6049),#3435);
#123=STYLED_ITEM('',(#6049),#3441);
#124=STYLED_ITEM('',(#6049),#3480);
#125=STYLED_ITEM('',(#6049),#3483);
#126=STYLED_ITEM('',(#6049),#3486);
#127=STYLED_ITEM('',(#6049),#3491);
#128=STYLED_ITEM('',(#6050),#3492);
#129=STYLED_ITEM('',(#6050),#3493);
#130=STYLED_ITEM('',(#6050),#3494);
#131=STYLED_ITEM('',(#6050),#3495);
#132=STYLED_ITEM('',(#6050),#3496);
#133=STYLED_ITEM('',(#6050),#3497);
#134=STYLED_ITEM('',(#6050),#3498);
#135=STYLED_ITEM('',(#6051),#3499);
#136=STYLED_ITEM('',(#6051),#3500);
#137=STYLED_ITEM('',(#6052),#3501);
#138=STYLED_ITEM('',(#6052),#3502);
#139=STYLED_ITEM('',(#6053),#3503);
#140=STYLED_ITEM('',(#6053),#3504);
#141=STYLED_ITEM('',(#6054),#3505);
#142=STYLED_ITEM('',(#6054),#3506);
#143=STYLED_ITEM('',(#6055),#3507);
#144=STYLED_ITEM('',(#6055),#3508);
#145=STYLED_ITEM('',(#6055),#3509);
#146=STYLED_ITEM('',(#6055),#3510);
#147=STYLED_ITEM('',(#6055),#3511);
#148=STYLED_ITEM('',(#6055),#3512);
#149=STYLED_ITEM('',(#6055),#3513);
#150=STYLED_ITEM('',(#6055),#3514);
#151=STYLED_ITEM('',(#6047),#13);
#152=FACE_BOUND('',#1082,.T.);
#153=FACE_BOUND('',#1086,.T.);
#154=FACE_BOUND('',#1138,.T.);
#155=FACE_BOUND('',#1139,.T.);
#156=FACE_BOUND('',#1140,.T.);
#157=FACE_BOUND('',#1141,.T.);
#158=FACE_BOUND('',#1142,.T.);
#159=FACE_BOUND('',#1144,.T.);
#160=FACE_BOUND('',#1148,.T.);
#161=FACE_BOUND('',#1150,.T.);
#162=FACE_BOUND('',#1154,.T.);
#163=FACE_BOUND('',#1166,.T.);
#164=FACE_BOUND('',#1176,.T.);
#165=FACE_BOUND('',#1186,.T.);
#166=FACE_BOUND('',#1193,.T.);
#167=FACE_BOUND('',#1197,.T.);
#168=FACE_BOUND('',#1202,.T.);
#169=FACE_BOUND('',#1204,.T.);
#170=FACE_BOUND('',#1216,.T.);
#171=FACE_BOUND('',#1218,.T.);
#172=FACE_BOUND('',#1219,.T.);
#173=FACE_BOUND('',#1220,.T.);
#174=FACE_BOUND('',#1221,.T.);
#175=FACE_BOUND('',#1224,.T.);
#176=FACE_BOUND('',#1227,.T.);
#177=FACE_BOUND('',#1230,.T.);
#178=FACE_BOUND('',#1233,.T.);
#179=FACE_BOUND('',#1246,.T.);
#180=FACE_BOUND('',#1265,.T.);
#181=FACE_BOUND('',#1268,.T.);
#182=FACE_BOUND('',#1286,.T.);
#183=FACE_BOUND('',#1289,.T.);
#184=FACE_BOUND('',#1307,.T.);
#185=LINE('',#5020,#529);
#186=LINE('',#5022,#530);
#187=LINE('',#5024,#531);
#188=LINE('',#5026,#532);
#189=LINE('',#5028,#533);
#190=LINE('',#5030,#534);
#191=LINE('',#5032,#535);
#192=LINE('',#5034,#536);
#193=LINE('',#5036,#537);
#194=LINE('',#5038,#538);
#195=LINE('',#5040,#539);
#196=LINE('',#5041,#540);
#197=LINE('',#5045,#541);
#198=LINE('',#5047,#542);
#199=LINE('',#5049,#543);
#200=LINE('',#5051,#544);
#201=LINE('',#5053,#545);
#202=LINE('',#5055,#546);
#203=LINE('',#5057,#547);
#204=LINE('',#5059,#548);
#205=LINE('',#5061,#549);
#206=LINE('',#5063,#550);
#207=LINE('',#5065,#551);
#208=LINE('',#5067,#552);
#209=LINE('',#5069,#553);
#210=LINE('',#5071,#554);
#211=LINE('',#5073,#555);
#212=LINE('',#5074,#556);
#213=LINE('',#5078,#557);
#214=LINE('',#5080,#558);
#215=LINE('',#5082,#559);
#216=LINE('',#5084,#560);
#217=LINE('',#5086,#561);
#218=LINE('',#5088,#562);
#219=LINE('',#5090,#563);
#220=LINE('',#5092,#564);
#221=LINE('',#5094,#565);
#222=LINE('',#5096,#566);
#223=LINE('',#5098,#567);
#224=LINE('',#5100,#568);
#225=LINE('',#5102,#569);
#226=LINE('',#5104,#570);
#227=LINE('',#5106,#571);
#228=LINE('',#5107,#572);
#229=LINE('',#5113,#573);
#230=LINE('',#5115,#574);
#231=LINE('',#5117,#575);
#232=LINE('',#5119,#576);
#233=LINE('',#5121,#577);
#234=LINE('',#5123,#578);
#235=LINE('',#5125,#579);
#236=LINE('',#5127,#580);
#237=LINE('',#5129,#581);
#238=LINE('',#5131,#582);
#239=LINE('',#5133,#583);
#240=LINE('',#5134,#584);
#241=LINE('',#5138,#585);
#242=LINE('',#5140,#586);
#243=LINE('',#5142,#587);
#244=LINE('',#5144,#588);
#245=LINE('',#5146,#589);
#246=LINE('',#5147,#590);
#247=LINE('',#5151,#591);
#248=LINE('',#5157,#592);
#249=LINE('',#5158,#593);
#250=LINE('',#5159,#594);
#251=LINE('',#5165,#595);
#252=LINE('',#5169,#596);
#253=LINE('',#5170,#597);
#254=LINE('',#5171,#598);
#255=LINE('',#5174,#599);
#256=LINE('',#5179,#600);
#257=LINE('',#5180,#601);
#258=LINE('',#5184,#602);
#259=LINE('',#5192,#603);
#260=LINE('',#5195,#604);
#261=LINE('',#5197,#605);
#262=LINE('',#5198,#606);
#263=LINE('',#5202,#607);
#264=LINE('',#5203,#608);
#265=LINE('',#5204,#609);
#266=LINE('',#5208,#610);
#267=LINE('',#5214,#611);
#268=LINE('',#5215,#612);
#269=LINE('',#5216,#613);
#270=LINE('',#5220,#614);
#271=LINE('',#5226,#615);
#272=LINE('',#5227,#616);
#273=LINE('',#5228,#617);
#274=LINE('',#5234,#618);
#275=LINE('',#5238,#619);
#276=LINE('',#5239,#620);
#277=LINE('',#5240,#621);
#278=LINE('',#5243,#622);
#279=LINE('',#5248,#623);
#280=LINE('',#5249,#624);
#281=LINE('',#5253,#625);
#282=LINE('',#5259,#626);
#283=LINE('',#5260,#627);
#284=LINE('',#5261,#628);
#285=LINE('',#5267,#629);
#286=LINE('',#5271,#630);
#287=LINE('',#5272,#631);
#288=LINE('',#5273,#632);
#289=LINE('',#5279,#633);
#290=LINE('',#5282,#634);
#291=LINE('',#5284,#635);
#292=LINE('',#5286,#636);
#293=LINE('',#5287,#637);
#294=LINE('',#5290,#638);
#295=LINE('',#5294,#639);
#296=LINE('',#5295,#640);
#297=LINE('',#5299,#641);
#298=LINE('',#5302,#642);
#299=LINE('',#5303,#643);
#300=LINE('',#5306,#644);
#301=LINE('',#5310,#645);
#302=LINE('',#5311,#646);
#303=LINE('',#5314,#647);
#304=LINE('',#5318,#648);
#305=LINE('',#5321,#649);
#306=LINE('',#5323,#650);
#307=LINE('',#5326,#651);
#308=LINE('',#5327,#652);
#309=LINE('',#5330,#653);
#310=LINE('',#5334,#654);
#311=LINE('',#5335,#655);
#312=LINE('',#5338,#656);
#313=LINE('',#5342,#657);
#314=LINE('',#5343,#658);
#315=LINE('',#5347,#659);
#316=LINE('',#5350,#660);
#317=LINE('',#5351,#661);
#318=LINE('',#5354,#662);
#319=LINE('',#5358,#663);
#320=LINE('',#5359,#664);
#321=LINE('',#5362,#665);
#322=LINE('',#5366,#666);
#323=LINE('',#5367,#667);
#324=LINE('',#5371,#668);
#325=LINE('',#5374,#669);
#326=LINE('',#5375,#670);
#327=LINE('',#5380,#671);
#328=LINE('',#5382,#672);
#329=LINE('',#5384,#673);
#330=LINE('',#5386,#674);
#331=LINE('',#5388,#675);
#332=LINE('',#5390,#676);
#333=LINE('',#5391,#677);
#334=LINE('',#5398,#678);
#335=LINE('',#5409,#679);
#336=LINE('',#5443,#680);
#337=LINE('',#5445,#681);
#338=LINE('',#5446,#682);
#339=LINE('',#5449,#683);
#340=LINE('',#5451,#684);
#341=LINE('',#5452,#685);
#342=LINE('',#5465,#686);
#343=LINE('',#5471,#687);
#344=LINE('',#5479,#688);
#345=LINE('',#5481,#689);
#346=LINE('',#5484,#690);
#347=LINE('',#5486,#691);
#348=LINE('',#5487,#692);
#349=LINE('',#5489,#693);
#350=LINE('',#5491,#694);
#351=LINE('',#5492,#695);
#352=LINE('',#5499,#696);
#353=LINE('',#5503,#697);
#354=LINE('',#5505,#698);
#355=LINE('',#5506,#699);
#356=LINE('',#5509,#700);
#357=LINE('',#5511,#701);
#358=LINE('',#5512,#702);
#359=LINE('',#5523,#703);
#360=LINE('',#5530,#704);
#361=LINE('',#5534,#705);
#362=LINE('',#5536,#706);
#363=LINE('',#5537,#707);
#364=LINE('',#5540,#708);
#365=LINE('',#5542,#709);
#366=LINE('',#5543,#710);
#367=LINE('',#5554,#711);
#368=LINE('',#5561,#712);
#369=LINE('',#5565,#713);
#370=LINE('',#5567,#714);
#371=LINE('',#5568,#715);
#372=LINE('',#5571,#716);
#373=LINE('',#5573,#717);
#374=LINE('',#5574,#718);
#375=LINE('',#5585,#719);
#376=LINE('',#5593,#720);
#377=LINE('',#5597,#721);
#378=LINE('',#5601,#722);
#379=LINE('',#5605,#723);
#380=LINE('',#5615,#724);
#381=LINE('',#5620,#725);
#382=LINE('',#5629,#726);
#383=LINE('',#5634,#727);
#384=LINE('',#5636,#728);
#385=LINE('',#5640,#729);
#386=LINE('',#5642,#730);
#387=LINE('',#5643,#731);
#388=LINE('',#5646,#732);
#389=LINE('',#5647,#733);
#390=LINE('',#5650,#734);
#391=LINE('',#5651,#735);
#392=LINE('',#5658,#736);
#393=LINE('',#5672,#737);
#394=LINE('',#5679,#738);
#395=LINE('',#5686,#739);
#396=LINE('',#5693,#740);
#397=LINE('',#5700,#741);
#398=LINE('',#5705,#742);
#399=LINE('',#5710,#743);
#400=LINE('',#5715,#744);
#401=LINE('',#5721,#745);
#402=LINE('',#5724,#746);
#403=LINE('',#5735,#747);
#404=LINE('',#5737,#748);
#405=LINE('',#5738,#749);
#406=LINE('',#5741,#750);
#407=LINE('',#5742,#751);
#408=LINE('',#5745,#752);
#409=LINE('',#5746,#753);
#410=LINE('',#5749,#754);
#411=LINE('',#5750,#755);
#412=LINE('',#5753,#756);
#413=LINE('',#5754,#757);
#414=LINE('',#5757,#758);
#415=LINE('',#5758,#759);
#416=LINE('',#5761,#760);
#417=LINE('',#5762,#761);
#418=LINE('',#5765,#762);
#419=LINE('',#5766,#763);
#420=LINE('',#5769,#764);
#421=LINE('',#5770,#765);
#422=LINE('',#5773,#766);
#423=LINE('',#5774,#767);
#424=LINE('',#5777,#768);
#425=LINE('',#5778,#769);
#426=LINE('',#5780,#770);
#427=LINE('',#5784,#771);
#428=LINE('',#5788,#772);
#429=LINE('',#5802,#773);
#430=LINE('',#5804,#774);
#431=LINE('',#5806,#775);
#432=LINE('',#5808,#776);
#433=LINE('',#5810,#777);
#434=LINE('',#5812,#778);
#435=LINE('',#5814,#779);
#436=LINE('',#5816,#780);
#437=LINE('',#5818,#781);
#438=LINE('',#5820,#782);
#439=LINE('',#5822,#783);
#440=LINE('',#5823,#784);
#441=LINE('',#5826,#785);
#442=LINE('',#5828,#786);
#443=LINE('',#5829,#787);
#444=LINE('',#5832,#788);
#445=LINE('',#5833,#789);
#446=LINE('',#5836,#790);
#447=LINE('',#5837,#791);
#448=LINE('',#5840,#792);
#449=LINE('',#5841,#793);
#450=LINE('',#5844,#794);
#451=LINE('',#5845,#795);
#452=LINE('',#5848,#796);
#453=LINE('',#5849,#797);
#454=LINE('',#5852,#798);
#455=LINE('',#5853,#799);
#456=LINE('',#5856,#800);
#457=LINE('',#5857,#801);
#458=LINE('',#5860,#802);
#459=LINE('',#5861,#803);
#460=LINE('',#5864,#804);
#461=LINE('',#5865,#805);
#462=LINE('',#5868,#806);
#463=LINE('',#5869,#807);
#464=LINE('',#5871,#808);
#465=LINE('',#5875,#809);
#466=LINE('',#5879,#810);
#467=LINE('',#5893,#811);
#468=LINE('',#5895,#812);
#469=LINE('',#5897,#813);
#470=LINE('',#5899,#814);
#471=LINE('',#5901,#815);
#472=LINE('',#5903,#816);
#473=LINE('',#5905,#817);
#474=LINE('',#5907,#818);
#475=LINE('',#5909,#819);
#476=LINE('',#5911,#820);
#477=LINE('',#5913,#821);
#478=LINE('',#5914,#822);
#479=LINE('',#5917,#823);
#480=LINE('',#5919,#824);
#481=LINE('',#5920,#825);
#482=LINE('',#5923,#826);
#483=LINE('',#5924,#827);
#484=LINE('',#5927,#828);
#485=LINE('',#5928,#829);
#486=LINE('',#5931,#830);
#487=LINE('',#5932,#831);
#488=LINE('',#5935,#832);
#489=LINE('',#5936,#833);
#490=LINE('',#5939,#834);
#491=LINE('',#5940,#835);
#492=LINE('',#5943,#836);
#493=LINE('',#5944,#837);
#494=LINE('',#5947,#838);
#495=LINE('',#5948,#839);
#496=LINE('',#5951,#840);
#497=LINE('',#5952,#841);
#498=LINE('',#5955,#842);
#499=LINE('',#5956,#843);
#500=LINE('',#5959,#844);
#501=LINE('',#5960,#845);
#502=LINE('',#5962,#846);
#503=LINE('',#5967,#847);
#504=LINE('',#5970,#848);
#505=LINE('',#5981,#849);
#506=LINE('',#5983,#850);
#507=LINE('',#5984,#851);
#508=LINE('',#5987,#852);
#509=LINE('',#5988,#853);
#510=LINE('',#5991,#854);
#511=LINE('',#5992,#855);
#512=LINE('',#5995,#856);
#513=LINE('',#5996,#857);
#514=LINE('',#5999,#858);
#515=LINE('',#6000,#859);
#516=LINE('',#6003,#860);
#517=LINE('',#6004,#861);
#518=LINE('',#6007,#862);
#519=LINE('',#6008,#863);
#520=LINE('',#6011,#864);
#521=LINE('',#6012,#865);
#522=LINE('',#6015,#866);
#523=LINE('',#6016,#867);
#524=LINE('',#6019,#868);
#525=LINE('',#6020,#869);
#526=LINE('',#6023,#870);
#527=LINE('',#6024,#871);
#528=LINE('',#6026,#872);
#529=VECTOR('',#3964,1.);
#530=VECTOR('',#3965,1.);
#531=VECTOR('',#3966,1.);
#532=VECTOR('',#3967,1.);
#533=VECTOR('',#3968,1.);
#534=VECTOR('',#3969,1.);
#535=VECTOR('',#3970,1.);
#536=VECTOR('',#3971,1.);
#537=VECTOR('',#3972,1.);
#538=VECTOR('',#3973,1.);
#539=VECTOR('',#3974,1.);
#540=VECTOR('',#3975,1.);
#541=VECTOR('',#3978,1.);
#542=VECTOR('',#3979,1.);
#543=VECTOR('',#3980,1.);
#544=VECTOR('',#3981,1.);
#545=VECTOR('',#3982,1.);
#546=VECTOR('',#3983,1.);
#547=VECTOR('',#3984,1.);
#548=VECTOR('',#3985,1.);
#549=VECTOR('',#3986,1.);
#550=VECTOR('',#3987,1.);
#551=VECTOR('',#3988,1.);
#552=VECTOR('',#3989,1.);
#553=VECTOR('',#3990,1.);
#554=VECTOR('',#3991,1.);
#555=VECTOR('',#3992,1.);
#556=VECTOR('',#3993,1.);
#557=VECTOR('',#3996,1.);
#558=VECTOR('',#3997,1.);
#559=VECTOR('',#3998,1.);
#560=VECTOR('',#3999,1.);
#561=VECTOR('',#4000,1.);
#562=VECTOR('',#4001,1.);
#563=VECTOR('',#4002,1.);
#564=VECTOR('',#4003,1.);
#565=VECTOR('',#4004,1.);
#566=VECTOR('',#4005,1.);
#567=VECTOR('',#4006,1.);
#568=VECTOR('',#4007,1.);
#569=VECTOR('',#4008,1.);
#570=VECTOR('',#4009,1.);
#571=VECTOR('',#4010,1.);
#572=VECTOR('',#4011,1.);
#573=VECTOR('',#4016,1.);
#574=VECTOR('',#4017,1.);
#575=VECTOR('',#4018,1.);
#576=VECTOR('',#4019,1.);
#577=VECTOR('',#4020,1.);
#578=VECTOR('',#4021,1.);
#579=VECTOR('',#4022,1.);
#580=VECTOR('',#4023,1.);
#581=VECTOR('',#4024,1.);
#582=VECTOR('',#4025,1.);
#583=VECTOR('',#4026,1.);
#584=VECTOR('',#4027,1.);
#585=VECTOR('',#4030,1.);
#586=VECTOR('',#4031,1.);
#587=VECTOR('',#4032,1.);
#588=VECTOR('',#4033,1.);
#589=VECTOR('',#4034,1.);
#590=VECTOR('',#4035,1.);
#591=VECTOR('',#4038,1.);
#592=VECTOR('',#4045,1.);
#593=VECTOR('',#4046,1.);
#594=VECTOR('',#4047,1.);
#595=VECTOR('',#4054,1.);
#596=VECTOR('',#4057,1.);
#597=VECTOR('',#4058,1.);
#598=VECTOR('',#4059,1.);
#599=VECTOR('',#4062,1.);
#600=VECTOR('',#4069,1.);
#601=VECTOR('',#4070,1.);
#602=VECTOR('',#4073,1.);
#603=VECTOR('',#4082,1.);
#604=VECTOR('',#4085,1.);
#605=VECTOR('',#4088,1.);
#606=VECTOR('',#4089,1.);
#607=VECTOR('',#4092,1.);
#608=VECTOR('',#4093,1.);
#609=VECTOR('',#4094,1.);
#610=VECTOR('',#4097,1.);
#611=VECTOR('',#4104,1.);
#612=VECTOR('',#4105,1.);
#613=VECTOR('',#4106,1.);
#614=VECTOR('',#4109,1.);
#615=VECTOR('',#4116,1.);
#616=VECTOR('',#4117,1.);
#617=VECTOR('',#4118,1.);
#618=VECTOR('',#4125,1.);
#619=VECTOR('',#4128,1.);
#620=VECTOR('',#4129,1.);
#621=VECTOR('',#4130,1.);
#622=VECTOR('',#4133,1.);
#623=VECTOR('',#4140,1.);
#624=VECTOR('',#4141,1.);
#625=VECTOR('',#4144,1.);
#626=VECTOR('',#4151,1.);
#627=VECTOR('',#4152,1.);
#628=VECTOR('',#4153,1.);
#629=VECTOR('',#4160,1.);
#630=VECTOR('',#4163,1.);
#631=VECTOR('',#4164,1.);
#632=VECTOR('',#4165,1.);
#633=VECTOR('',#4174,1.);
#634=VECTOR('',#4177,1.);
#635=VECTOR('',#4178,1.);
#636=VECTOR('',#4179,1.);
#637=VECTOR('',#4180,1.);
#638=VECTOR('',#4183,1.);
#639=VECTOR('',#4188,1.);
#640=VECTOR('',#4189,1.);
#641=VECTOR('',#4194,1.);
#642=VECTOR('',#4197,1.);
#643=VECTOR('',#4198,1.);
#644=VECTOR('',#4201,1.);
#645=VECTOR('',#4206,1.);
#646=VECTOR('',#4207,1.);
#647=VECTOR('',#4210,1.);
#648=VECTOR('',#4215,1.);
#649=VECTOR('',#4218,1.);
#650=VECTOR('',#4221,1.);
#651=VECTOR('',#4224,1.);
#652=VECTOR('',#4225,1.);
#653=VECTOR('',#4228,1.);
#654=VECTOR('',#4233,1.);
#655=VECTOR('',#4234,1.);
#656=VECTOR('',#4237,1.);
#657=VECTOR('',#4242,1.);
#658=VECTOR('',#4243,1.);
#659=VECTOR('',#4248,1.);
#660=VECTOR('',#4251,1.);
#661=VECTOR('',#4252,1.);
#662=VECTOR('',#4255,1.);
#663=VECTOR('',#4260,1.);
#664=VECTOR('',#4261,1.);
#665=VECTOR('',#4264,1.);
#666=VECTOR('',#4269,1.);
#667=VECTOR('',#4270,1.);
#668=VECTOR('',#4275,1.);
#669=VECTOR('',#4278,1.);
#670=VECTOR('',#4279,1.);
#671=VECTOR('',#4286,1.);
#672=VECTOR('',#4287,1.);
#673=VECTOR('',#4288,1.);
#674=VECTOR('',#4289,1.);
#675=VECTOR('',#4290,1.);
#676=VECTOR('',#4291,1.);
#677=VECTOR('',#4292,1.);
#678=VECTOR('',#4299,0.0026);
#679=VECTOR('',#4312,1.);
#680=VECTOR('',#4353,1.);
#681=VECTOR('',#4354,1.);
#682=VECTOR('',#4355,1.);
#683=VECTOR('',#4358,1.);
#684=VECTOR('',#4359,1.);
#685=VECTOR('',#4360,1.);
#686=VECTOR('',#4379,0.019);
#687=VECTOR('',#4386,0.005);
#688=VECTOR('',#4401,0.02);
#689=VECTOR('',#4404,0.0026);
#690=VECTOR('',#4407,1.);
#691=VECTOR('',#4408,1.);
#692=VECTOR('',#4409,1.);
#693=VECTOR('',#4410,1.);
#694=VECTOR('',#4411,1.);
#695=VECTOR('',#4412,1.);
#696=VECTOR('',#4419,0.0026);
#697=VECTOR('',#4424,1.);
#698=VECTOR('',#4425,1.);
#699=VECTOR('',#4426,1.);
#700=VECTOR('',#4429,1.);
#701=VECTOR('',#4430,1.);
#702=VECTOR('',#4431,1.);
#703=VECTOR('',#4452,0.0026);
#704=VECTOR('',#4459,0.0026);
#705=VECTOR('',#4464,1.);
#706=VECTOR('',#4465,1.);
#707=VECTOR('',#4466,1.);
#708=VECTOR('',#4469,1.);
#709=VECTOR('',#4470,1.);
#710=VECTOR('',#4471,1.);
#711=VECTOR('',#4492,0.0026);
#712=VECTOR('',#4499,0.0026);
#713=VECTOR('',#4504,1.);
#714=VECTOR('',#4505,1.);
#715=VECTOR('',#4506,1.);
#716=VECTOR('',#4509,1.);
#717=VECTOR('',#4510,1.);
#718=VECTOR('',#4511,1.);
#719=VECTOR('',#4532,0.0026);
#720=VECTOR('',#4541,0.000925);
#721=VECTOR('',#4546,0.004);
#722=VECTOR('',#4549,1.);
#723=VECTOR('',#4552,1.);
#724=VECTOR('',#4565,0.004);
#725=VECTOR('',#4572,0.005);
#726=VECTOR('',#4585,0.000925);
#727=VECTOR('',#4588,0.00325);
#728=VECTOR('',#4591,1.);
#729=VECTOR('',#4596,1.);
#730=VECTOR('',#4597,1.);
#731=VECTOR('',#4598,1.);
#732=VECTOR('',#4601,1.);
#733=VECTOR('',#4602,1.);
#734=VECTOR('',#4605,1.);
#735=VECTOR('',#4606,1.);
#736=VECTOR('',#4615,0.00185);
#737=VECTOR('',#4632,0.000725);
#738=VECTOR('',#4641,0.000725);
#739=VECTOR('',#4650,0.000725);
#740=VECTOR('',#4659,0.000725);
#741=VECTOR('',#4668,0.000375);
#742=VECTOR('',#4675,0.000375);
#743=VECTOR('',#4682,0.000375);
#744=VECTOR('',#4689,0.000375);
#745=VECTOR('',#4698,1.);
#746=VECTOR('',#4701,1.);
#747=VECTOR('',#4718,1.);
#748=VECTOR('',#4719,1.);
#749=VECTOR('',#4720,1.);
#750=VECTOR('',#4723,1.);
#751=VECTOR('',#4724,1.);
#752=VECTOR('',#4727,1.);
#753=VECTOR('',#4728,1.);
#754=VECTOR('',#4731,1.);
#755=VECTOR('',#4732,1.);
#756=VECTOR('',#4735,1.);
#757=VECTOR('',#4736,1.);
#758=VECTOR('',#4739,1.);
#759=VECTOR('',#4740,1.);
#760=VECTOR('',#4743,1.);
#761=VECTOR('',#4744,1.);
#762=VECTOR('',#4747,1.);
#763=VECTOR('',#4748,1.);
#764=VECTOR('',#4751,1.);
#765=VECTOR('',#4752,1.);
#766=VECTOR('',#4755,1.);
#767=VECTOR('',#4756,1.);
#768=VECTOR('',#4759,1.);
#769=VECTOR('',#4760,1.);
#770=VECTOR('',#4763,1.);
#771=VECTOR('',#4768,1.);
#772=VECTOR('',#4773,1.);
#773=VECTOR('',#4792,1.);
#774=VECTOR('',#4793,1.);
#775=VECTOR('',#4794,1.);
#776=VECTOR('',#4795,1.);
#777=VECTOR('',#4796,1.);
#778=VECTOR('',#4797,1.);
#779=VECTOR('',#4798,1.);
#780=VECTOR('',#4799,1.);
#781=VECTOR('',#4800,1.);
#782=VECTOR('',#4801,1.);
#783=VECTOR('',#4802,1.);
#784=VECTOR('',#4803,1.);
#785=VECTOR('',#4806,1.);
#786=VECTOR('',#4807,1.);
#787=VECTOR('',#4808,1.);
#788=VECTOR('',#4811,1.);
#789=VECTOR('',#4812,1.);
#790=VECTOR('',#4815,1.);
#791=VECTOR('',#4816,1.);
#792=VECTOR('',#4819,1.);
#793=VECTOR('',#4820,1.);
#794=VECTOR('',#4823,1.);
#795=VECTOR('',#4824,1.);
#796=VECTOR('',#4827,1.);
#797=VECTOR('',#4828,1.);
#798=VECTOR('',#4831,1.);
#799=VECTOR('',#4832,1.);
#800=VECTOR('',#4835,1.);
#801=VECTOR('',#4836,1.);
#802=VECTOR('',#4839,1.);
#803=VECTOR('',#4840,1.);
#804=VECTOR('',#4843,1.);
#805=VECTOR('',#4844,1.);
#806=VECTOR('',#4847,1.);
#807=VECTOR('',#4848,1.);
#808=VECTOR('',#4851,1.);
#809=VECTOR('',#4856,1.);
#810=VECTOR('',#4861,1.);
#811=VECTOR('',#4880,1.);
#812=VECTOR('',#4881,1.);
#813=VECTOR('',#4882,1.);
#814=VECTOR('',#4883,1.);
#815=VECTOR('',#4884,1.);
#816=VECTOR('',#4885,1.);
#817=VECTOR('',#4886,1.);
#818=VECTOR('',#4887,1.);
#819=VECTOR('',#4888,1.);
#820=VECTOR('',#4889,1.);
#821=VECTOR('',#4890,1.);
#822=VECTOR('',#4891,1.);
#823=VECTOR('',#4894,1.);
#824=VECTOR('',#4895,1.);
#825=VECTOR('',#4896,1.);
#826=VECTOR('',#4899,1.);
#827=VECTOR('',#4900,1.);
#828=VECTOR('',#4903,1.);
#829=VECTOR('',#4904,1.);
#830=VECTOR('',#4907,1.);
#831=VECTOR('',#4908,1.);
#832=VECTOR('',#4911,1.);
#833=VECTOR('',#4912,1.);
#834=VECTOR('',#4915,1.);
#835=VECTOR('',#4916,1.);
#836=VECTOR('',#4919,1.);
#837=VECTOR('',#4920,1.);
#838=VECTOR('',#4923,1.);
#839=VECTOR('',#4924,1.);
#840=VECTOR('',#4927,1.);
#841=VECTOR('',#4928,1.);
#842=VECTOR('',#4931,1.);
#843=VECTOR('',#4932,1.);
#844=VECTOR('',#4935,1.);
#845=VECTOR('',#4936,1.);
#846=VECTOR('',#4939,1.);
#847=VECTOR('',#4946,1.);
#848=VECTOR('',#4949,1.);
#849=VECTOR('',#4966,1.);
#850=VECTOR('',#4967,1.);
#851=VECTOR('',#4968,1.);
#852=VECTOR('',#4971,1.);
#853=VECTOR('',#4972,1.);
#854=VECTOR('',#4975,1.);
#855=VECTOR('',#4976,1.);
#856=VECTOR('',#4979,1.);
#857=VECTOR('',#4980,1.);
#858=VECTOR('',#4983,1.);
#859=VECTOR('',#4984,1.);
#860=VECTOR('',#4987,1.);
#861=VECTOR('',#4988,1.);
#862=VECTOR('',#4991,1.);
#863=VECTOR('',#4992,1.);
#864=VECTOR('',#4995,1.);
#865=VECTOR('',#4996,1.);
#866=VECTOR('',#4999,1.);
#867=VECTOR('',#5000,1.);
#868=VECTOR('',#5003,1.);
#869=VECTOR('',#5004,1.);
#870=VECTOR('',#5007,1.);
#871=VECTOR('',#5008,1.);
#872=VECTOR('',#5011,1.);
#873=FACE_OUTER_BOUND('',#1081,.T.);
#874=FACE_OUTER_BOUND('',#1083,.T.);
#875=FACE_OUTER_BOUND('',#1084,.T.);
#876=FACE_OUTER_BOUND('',#1085,.T.);
#877=FACE_OUTER_BOUND('',#1087,.T.);
#878=FACE_OUTER_BOUND('',#1088,.T.);
#879=FACE_OUTER_BOUND('',#1089,.T.);
#880=FACE_OUTER_BOUND('',#1090,.T.);
#881=FACE_OUTER_BOUND('',#1091,.T.);
#882=FACE_OUTER_BOUND('',#1092,.T.);
#883=FACE_OUTER_BOUND('',#1093,.T.);
#884=FACE_OUTER_BOUND('',#1094,.T.);
#885=FACE_OUTER_BOUND('',#1095,.T.);
#886=FACE_OUTER_BOUND('',#1096,.T.);
#887=FACE_OUTER_BOUND('',#1097,.T.);
#888=FACE_OUTER_BOUND('',#1098,.T.);
#889=FACE_OUTER_BOUND('',#1099,.T.);
#890=FACE_OUTER_BOUND('',#1100,.T.);
#891=FACE_OUTER_BOUND('',#1101,.T.);
#892=FACE_OUTER_BOUND('',#1102,.T.);
#893=FACE_OUTER_BOUND('',#1103,.T.);
#894=FACE_OUTER_BOUND('',#1104,.T.);
#895=FACE_OUTER_BOUND('',#1105,.T.);
#896=FACE_OUTER_BOUND('',#1106,.T.);
#897=FACE_OUTER_BOUND('',#1107,.T.);
#898=FACE_OUTER_BOUND('',#1108,.T.);
#899=FACE_OUTER_BOUND('',#1109,.T.);
#900=FACE_OUTER_BOUND('',#1110,.T.);
#901=FACE_OUTER_BOUND('',#1111,.T.);
#902=FACE_OUTER_BOUND('',#1112,.T.);
#903=FACE_OUTER_BOUND('',#1113,.T.);
#904=FACE_OUTER_BOUND('',#1114,.T.);
#905=FACE_OUTER_BOUND('',#1115,.T.);
#906=FACE_OUTER_BOUND('',#1116,.T.);
#907=FACE_OUTER_BOUND('',#1117,.T.);
#908=FACE_OUTER_BOUND('',#1118,.T.);
#909=FACE_OUTER_BOUND('',#1119,.T.);
#910=FACE_OUTER_BOUND('',#1120,.T.);
#911=FACE_OUTER_BOUND('',#1121,.T.);
#912=FACE_OUTER_BOUND('',#1122,.T.);
#913=FACE_OUTER_BOUND('',#1123,.T.);
#914=FACE_OUTER_BOUND('',#1124,.T.);
#915=FACE_OUTER_BOUND('',#1125,.T.);
#916=FACE_OUTER_BOUND('',#1126,.T.);
#917=FACE_OUTER_BOUND('',#1127,.T.);
#918=FACE_OUTER_BOUND('',#1128,.T.);
#919=FACE_OUTER_BOUND('',#1129,.T.);
#920=FACE_OUTER_BOUND('',#1130,.T.);
#921=FACE_OUTER_BOUND('',#1131,.T.);
#922=FACE_OUTER_BOUND('',#1132,.T.);
#923=FACE_OUTER_BOUND('',#1133,.T.);
#924=FACE_OUTER_BOUND('',#1134,.T.);
#925=FACE_OUTER_BOUND('',#1135,.T.);
#926=FACE_OUTER_BOUND('',#1136,.T.);
#927=FACE_OUTER_BOUND('',#1137,.T.);
#928=FACE_OUTER_BOUND('',#1143,.T.);
#929=FACE_OUTER_BOUND('',#1145,.T.);
#930=FACE_OUTER_BOUND('',#1146,.T.);
#931=FACE_OUTER_BOUND('',#1147,.T.);
#932=FACE_OUTER_BOUND('',#1149,.T.);
#933=FACE_OUTER_BOUND('',#1151,.T.);
#934=FACE_OUTER_BOUND('',#1152,.T.);
#935=FACE_OUTER_BOUND('',#1153,.T.);
#936=FACE_OUTER_BOUND('',#1155,.T.);
#937=FACE_OUTER_BOUND('',#1156,.T.);
#938=FACE_OUTER_BOUND('',#1157,.T.);
#939=FACE_OUTER_BOUND('',#1158,.T.);
#940=FACE_OUTER_BOUND('',#1159,.T.);
#941=FACE_OUTER_BOUND('',#1160,.T.);
#942=FACE_OUTER_BOUND('',#1161,.T.);
#943=FACE_OUTER_BOUND('',#1162,.T.);
#944=FACE_OUTER_BOUND('',#1163,.T.);
#945=FACE_OUTER_BOUND('',#1164,.T.);
#946=FACE_OUTER_BOUND('',#1165,.T.);
#947=FACE_OUTER_BOUND('',#1167,.T.);
#948=FACE_OUTER_BOUND('',#1168,.T.);
#949=FACE_OUTER_BOUND('',#1169,.T.);
#950=FACE_OUTER_BOUND('',#1170,.T.);
#951=FACE_OUTER_BOUND('',#1171,.T.);
#952=FACE_OUTER_BOUND('',#1172,.T.);
#953=FACE_OUTER_BOUND('',#1173,.T.);
#954=FACE_OUTER_BOUND('',#1174,.T.);
#955=FACE_OUTER_BOUND('',#1175,.T.);
#956=FACE_OUTER_BOUND('',#1177,.T.);
#957=FACE_OUTER_BOUND('',#1178,.T.);
#958=FACE_OUTER_BOUND('',#1179,.T.);
#959=FACE_OUTER_BOUND('',#1180,.T.);
#960=FACE_OUTER_BOUND('',#1181,.T.);
#961=FACE_OUTER_BOUND('',#1182,.T.);
#962=FACE_OUTER_BOUND('',#1183,.T.);
#963=FACE_OUTER_BOUND('',#1184,.T.);
#964=FACE_OUTER_BOUND('',#1185,.T.);
#965=FACE_OUTER_BOUND('',#1187,.T.);
#966=FACE_OUTER_BOUND('',#1188,.T.);
#967=FACE_OUTER_BOUND('',#1189,.T.);
#968=FACE_OUTER_BOUND('',#1190,.T.);
#969=FACE_OUTER_BOUND('',#1191,.T.);
#970=FACE_OUTER_BOUND('',#1192,.T.);
#971=FACE_OUTER_BOUND('',#1194,.T.);
#972=FACE_OUTER_BOUND('',#1195,.T.);
#973=FACE_OUTER_BOUND('',#1196,.T.);
#974=FACE_OUTER_BOUND('',#1198,.T.);
#975=FACE_OUTER_BOUND('',#1199,.T.);
#976=FACE_OUTER_BOUND('',#1200,.T.);
#977=FACE_OUTER_BOUND('',#1201,.T.);
#978=FACE_OUTER_BOUND('',#1203,.T.);
#979=FACE_OUTER_BOUND('',#1205,.T.);
#980=FACE_OUTER_BOUND('',#1206,.T.);
#981=FACE_OUTER_BOUND('',#1207,.T.);
#982=FACE_OUTER_BOUND('',#1208,.T.);
#983=FACE_OUTER_BOUND('',#1209,.T.);
#984=FACE_OUTER_BOUND('',#1210,.T.);
#985=FACE_OUTER_BOUND('',#1211,.T.);
#986=FACE_OUTER_BOUND('',#1212,.T.);
#987=FACE_OUTER_BOUND('',#1213,.T.);
#988=FACE_OUTER_BOUND('',#1214,.T.);
#989=FACE_OUTER_BOUND('',#1215,.T.);
#990=FACE_OUTER_BOUND('',#1217,.T.);
#991=FACE_OUTER_BOUND('',#1222,.T.);
#992=FACE_OUTER_BOUND('',#1223,.T.);
#993=FACE_OUTER_BOUND('',#1225,.T.);
#994=FACE_OUTER_BOUND('',#1226,.T.);
#995=FACE_OUTER_BOUND('',#1228,.T.);
#996=FACE_OUTER_BOUND('',#1229,.T.);
#997=FACE_OUTER_BOUND('',#1231,.T.);
#998=FACE_OUTER_BOUND('',#1232,.T.);
#999=FACE_OUTER_BOUND('',#1234,.T.);
#1000=FACE_OUTER_BOUND('',#1235,.T.);
#1001=FACE_OUTER_BOUND('',#1236,.T.);
#1002=FACE_OUTER_BOUND('',#1237,.T.);
#1003=FACE_OUTER_BOUND('',#1238,.T.);
#1004=FACE_OUTER_BOUND('',#1239,.T.);
#1005=FACE_OUTER_BOUND('',#1240,.T.);
#1006=FACE_OUTER_BOUND('',#1241,.T.);
#1007=FACE_OUTER_BOUND('',#1242,.T.);
#1008=FACE_OUTER_BOUND('',#1243,.T.);
#1009=FACE_OUTER_BOUND('',#1244,.T.);
#1010=FACE_OUTER_BOUND('',#1245,.T.);
#1011=FACE_OUTER_BOUND('',#1247,.T.);
#1012=FACE_OUTER_BOUND('',#1248,.T.);
#1013=FACE_OUTER_BOUND('',#1249,.T.);
#1014=FACE_OUTER_BOUND('',#1250,.T.);
#1015=FACE_OUTER_BOUND('',#1251,.T.);
#1016=FACE_OUTER_BOUND('',#1252,.T.);
#1017=FACE_OUTER_BOUND('',#1253,.T.);
#1018=FACE_OUTER_BOUND('',#1254,.T.);
#1019=FACE_OUTER_BOUND('',#1255,.T.);
#1020=FACE_OUTER_BOUND('',#1256,.T.);
#1021=FACE_OUTER_BOUND('',#1257,.T.);
#1022=FACE_OUTER_BOUND('',#1258,.T.);
#1023=FACE_OUTER_BOUND('',#1259,.T.);
#1024=FACE_OUTER_BOUND('',#1260,.T.);
#1025=FACE_OUTER_BOUND('',#1261,.T.);
#1026=FACE_OUTER_BOUND('',#1262,.T.);
#1027=FACE_OUTER_BOUND('',#1263,.T.);
#1028=FACE_OUTER_BOUND('',#1264,.T.);
#1029=FACE_OUTER_BOUND('',#1266,.T.);
#1030=FACE_OUTER_BOUND('',#1267,.T.);
#1031=FACE_OUTER_BOUND('',#1269,.T.);
#1032=FACE_OUTER_BOUND('',#1270,.T.);
#1033=FACE_OUTER_BOUND('',#1271,.T.);
#1034=FACE_OUTER_BOUND('',#1272,.T.);
#1035=FACE_OUTER_BOUND('',#1273,.T.);
#1036=FACE_OUTER_BOUND('',#1274,.T.);
#1037=FACE_OUTER_BOUND('',#1275,.T.);
#1038=FACE_OUTER_BOUND('',#1276,.T.);
#1039=FACE_OUTER_BOUND('',#1277,.T.);
#1040=FACE_OUTER_BOUND('',#1278,.T.);
#1041=FACE_OUTER_BOUND('',#1279,.T.);
#1042=FACE_OUTER_BOUND('',#1280,.T.);
#1043=FACE_OUTER_BOUND('',#1281,.T.);
#1044=FACE_OUTER_BOUND('',#1282,.T.);
#1045=FACE_OUTER_BOUND('',#1283,.T.);
#1046=FACE_OUTER_BOUND('',#1284,.T.);
#1047=FACE_OUTER_BOUND('',#1285,.T.);
#1048=FACE_OUTER_BOUND('',#1287,.T.);
#1049=FACE_OUTER_BOUND('',#1288,.T.);
#1050=FACE_OUTER_BOUND('',#1290,.T.);
#1051=FACE_OUTER_BOUND('',#1291,.T.);
#1052=FACE_OUTER_BOUND('',#1292,.T.);
#1053=FACE_OUTER_BOUND('',#1293,.T.);
#1054=FACE_OUTER_BOUND('',#1294,.T.);
#1055=FACE_OUTER_BOUND('',#1295,.T.);
#1056=FACE_OUTER_BOUND('',#1296,.T.);
#1057=FACE_OUTER_BOUND('',#1297,.T.);
#1058=FACE_OUTER_BOUND('',#1298,.T.);
#1059=FACE_OUTER_BOUND('',#1299,.T.);
#1060=FACE_OUTER_BOUND('',#1300,.T.);
#1061=FACE_OUTER_BOUND('',#1301,.T.);
#1062=FACE_OUTER_BOUND('',#1302,.T.);
#1063=FACE_OUTER_BOUND('',#1303,.T.);
#1064=FACE_OUTER_BOUND('',#1304,.T.);
#1065=FACE_OUTER_BOUND('',#1305,.T.);
#1066=FACE_OUTER_BOUND('',#1306,.T.);
#1067=FACE_OUTER_BOUND('',#1308,.T.);
#1068=FACE_OUTER_BOUND('',#1309,.T.);
#1069=FACE_OUTER_BOUND('',#1310,.T.);
#1070=FACE_OUTER_BOUND('',#1311,.T.);
#1071=FACE_OUTER_BOUND('',#1312,.T.);
#1072=FACE_OUTER_BOUND('',#1313,.T.);
#1073=FACE_OUTER_BOUND('',#1314,.T.);
#1074=FACE_OUTER_BOUND('',#1315,.T.);
#1075=FACE_OUTER_BOUND('',#1316,.T.);
#1076=FACE_OUTER_BOUND('',#1317,.T.);
#1077=FACE_OUTER_BOUND('',#1318,.T.);
#1078=FACE_OUTER_BOUND('',#1319,.T.);
#1079=FACE_OUTER_BOUND('',#1320,.T.);
#1080=FACE_OUTER_BOUND('',#1321,.T.);
#1081=EDGE_LOOP('',(#2272));
#1082=EDGE_LOOP('',(#2273,#2274,#2275,#2276,#2277,#2278,#2279,#2280,#2281,
#2282,#2283,#2284));
#1083=EDGE_LOOP('',(#2285,#2286,#2287,#2288,#2289,#2290,#2291,#2292,#2293,
#2294,#2295,#2296,#2297,#2298,#2299,#2300));
#1084=EDGE_LOOP('',(#2301,#2302,#2303,#2304,#2305,#2306,#2307,#2308,#2309,
#2310,#2311,#2312,#2313,#2314,#2315,#2316));
#1085=EDGE_LOOP('',(#2317));
#1086=EDGE_LOOP('',(#2318,#2319,#2320,#2321,#2322,#2323,#2324,#2325,#2326,
#2327,#2328,#2329));
#1087=EDGE_LOOP('',(#2330,#2331,#2332,#2333,#2334,#2335));
#1088=EDGE_LOOP('',(#2336,#2337,#2338,#2339));
#1089=EDGE_LOOP('',(#2340,#2341,#2342,#2343));
#1090=EDGE_LOOP('',(#2344,#2345,#2346,#2347));
#1091=EDGE_LOOP('',(#2348,#2349,#2350,#2351));
#1092=EDGE_LOOP('',(#2352,#2353,#2354,#2355));
#1093=EDGE_LOOP('',(#2356,#2357,#2358,#2359));
#1094=EDGE_LOOP('',(#2360,#2361,#2362,#2363));
#1095=EDGE_LOOP('',(#2364,#2365,#2366,#2367));
#1096=EDGE_LOOP('',(#2368,#2369,#2370,#2371));
#1097=EDGE_LOOP('',(#2372,#2373,#2374,#2375));
#1098=EDGE_LOOP('',(#2376,#2377,#2378,#2379));
#1099=EDGE_LOOP('',(#2380,#2381,#2382,#2383));
#1100=EDGE_LOOP('',(#2384,#2385,#2386,#2387));
#1101=EDGE_LOOP('',(#2388,#2389,#2390,#2391));
#1102=EDGE_LOOP('',(#2392,#2393,#2394,#2395));
#1103=EDGE_LOOP('',(#2396,#2397,#2398,#2399));
#1104=EDGE_LOOP('',(#2400,#2401,#2402,#2403));
#1105=EDGE_LOOP('',(#2404,#2405,#2406,#2407));
#1106=EDGE_LOOP('',(#2408,#2409,#2410,#2411));
#1107=EDGE_LOOP('',(#2412,#2413,#2414,#2415));
#1108=EDGE_LOOP('',(#2416,#2417,#2418,#2419));
#1109=EDGE_LOOP('',(#2420,#2421,#2422,#2423));
#1110=EDGE_LOOP('',(#2424,#2425,#2426,#2427));
#1111=EDGE_LOOP('',(#2428,#2429,#2430,#2431,#2432,#2433,#2434,#2435));
#1112=EDGE_LOOP('',(#2436,#2437,#2438,#2439));
#1113=EDGE_LOOP('',(#2440,#2441,#2442,#2443));
#1114=EDGE_LOOP('',(#2444,#2445,#2446,#2447));
#1115=EDGE_LOOP('',(#2448,#2449,#2450,#2451));
#1116=EDGE_LOOP('',(#2452,#2453,#2454,#2455));
#1117=EDGE_LOOP('',(#2456,#2457,#2458,#2459));
#1118=EDGE_LOOP('',(#2460,#2461,#2462,#2463));
#1119=EDGE_LOOP('',(#2464,#2465,#2466,#2467));
#1120=EDGE_LOOP('',(#2468,#2469,#2470,#2471));
#1121=EDGE_LOOP('',(#2472,#2473,#2474,#2475));
#1122=EDGE_LOOP('',(#2476,#2477,#2478,#2479));
#1123=EDGE_LOOP('',(#2480,#2481,#2482,#2483));
#1124=EDGE_LOOP('',(#2484,#2485,#2486,#2487));
#1125=EDGE_LOOP('',(#2488,#2489,#2490,#2491));
#1126=EDGE_LOOP('',(#2492,#2493,#2494,#2495));
#1127=EDGE_LOOP('',(#2496,#2497,#2498,#2499));
#1128=EDGE_LOOP('',(#2500,#2501,#2502,#2503));
#1129=EDGE_LOOP('',(#2504,#2505,#2506,#2507));
#1130=EDGE_LOOP('',(#2508,#2509,#2510,#2511));
#1131=EDGE_LOOP('',(#2512,#2513,#2514,#2515));
#1132=EDGE_LOOP('',(#2516,#2517,#2518,#2519));
#1133=EDGE_LOOP('',(#2520,#2521,#2522,#2523));
#1134=EDGE_LOOP('',(#2524,#2525,#2526,#2527));
#1135=EDGE_LOOP('',(#2528,#2529,#2530,#2531,#2532,#2533,#2534,#2535));
#1136=EDGE_LOOP('',(#2536,#2537,#2538,#2539,#2540));
#1137=EDGE_LOOP('',(#2541,#2542,#2543,#2544,#2545,#2546,#2547,#2548,#2549,
#2550,#2551,#2552,#2553,#2554,#2555,#2556,#2557,#2558,#2559,#2560,#2561,
#2562,#2563,#2564));
#1138=EDGE_LOOP('',(#2565));
#1139=EDGE_LOOP('',(#2566));
#1140=EDGE_LOOP('',(#2567));
#1141=EDGE_LOOP('',(#2568));
#1142=EDGE_LOOP('',(#2569));
#1143=EDGE_LOOP('',(#2570,#2571,#2572,#2573,#2574,#2575,#2576,#2577,#2578,
#2579,#2580,#2581,#2582,#2583,#2584,#2585,#2586,#2587,#2588,#2589,#2590,
#2591,#2592,#2593));
#1144=EDGE_LOOP('',(#2594));
#1145=EDGE_LOOP('',(#2595,#2596,#2597,#2598));
#1146=EDGE_LOOP('',(#2599,#2600,#2601,#2602));
#1147=EDGE_LOOP('',(#2603,#2604,#2605,#2606,#2607,#2608,#2609,#2610));
#1148=EDGE_LOOP('',(#2611));
#1149=EDGE_LOOP('',(#2612));
#1150=EDGE_LOOP('',(#2613));
#1151=EDGE_LOOP('',(#2614,#2615,#2616,#2617));
#1152=EDGE_LOOP('',(#2618,#2619,#2620,#2621));
#1153=EDGE_LOOP('',(#2622));
#1154=EDGE_LOOP('',(#2623));
#1155=EDGE_LOOP('',(#2624,#2625,#2626,#2627));
#1156=EDGE_LOOP('',(#2628,#2629,#2630,#2631));
#1157=EDGE_LOOP('',(#2632,#2633,#2634,#2635));
#1158=EDGE_LOOP('',(#2636,#2637,#2638,#2639));
#1159=EDGE_LOOP('',(#2640,#2641,#2642,#2643));
#1160=EDGE_LOOP('',(#2644,#2645,#2646,#2647,#2648));
#1161=EDGE_LOOP('',(#2649,#2650,#2651,#2652,#2653,#2654,#2655,#2656));
#1162=EDGE_LOOP('',(#2657,#2658,#2659,#2660,#2661));
#1163=EDGE_LOOP('',(#2662,#2663,#2664,#2665));
#1164=EDGE_LOOP('',(#2666,#2667,#2668,#2669));
#1165=EDGE_LOOP('',(#2670,#2671,#2672,#2673,#2674,#2675,#2676,#2677));
#1166=EDGE_LOOP('',(#2678));
#1167=EDGE_LOOP('',(#2679,#2680,#2681,#2682));
#1168=EDGE_LOOP('',(#2683,#2684,#2685,#2686));
#1169=EDGE_LOOP('',(#2687,#2688,#2689,#2690));
#1170=EDGE_LOOP('',(#2691,#2692,#2693,#2694));
#1171=EDGE_LOOP('',(#2695,#2696,#2697,#2698,#2699));
#1172=EDGE_LOOP('',(#2700,#2701,#2702,#2703,#2704));
#1173=EDGE_LOOP('',(#2705,#2706,#2707,#2708));
#1174=EDGE_LOOP('',(#2709,#2710,#2711,#2712));
#1175=EDGE_LOOP('',(#2713,#2714,#2715,#2716,#2717,#2718,#2719,#2720));
#1176=EDGE_LOOP('',(#2721));
#1177=EDGE_LOOP('',(#2722,#2723,#2724,#2725));
#1178=EDGE_LOOP('',(#2726,#2727,#2728,#2729));
#1179=EDGE_LOOP('',(#2730,#2731,#2732,#2733));
#1180=EDGE_LOOP('',(#2734,#2735,#2736,#2737));
#1181=EDGE_LOOP('',(#2738,#2739,#2740,#2741,#2742));
#1182=EDGE_LOOP('',(#2743,#2744,#2745,#2746,#2747));
#1183=EDGE_LOOP('',(#2748,#2749,#2750,#2751));
#1184=EDGE_LOOP('',(#2752,#2753,#2754,#2755));
#1185=EDGE_LOOP('',(#2756,#2757,#2758,#2759,#2760,#2761,#2762,#2763));
#1186=EDGE_LOOP('',(#2764));
#1187=EDGE_LOOP('',(#2765,#2766,#2767,#2768));
#1188=EDGE_LOOP('',(#2769,#2770,#2771,#2772));
#1189=EDGE_LOOP('',(#2773,#2774,#2775,#2776));
#1190=EDGE_LOOP('',(#2777,#2778,#2779,#2780));
#1191=EDGE_LOOP('',(#2781,#2782,#2783,#2784,#2785));
#1192=EDGE_LOOP('',(#2786));
#1193=EDGE_LOOP('',(#2787));
#1194=EDGE_LOOP('',(#2788,#2789,#2790,#2791));
#1195=EDGE_LOOP('',(#2792,#2793,#2794,#2795,#2796,#2797,#2798,#2799));
#1196=EDGE_LOOP('',(#2800));
#1197=EDGE_LOOP('',(#2801));
#1198=EDGE_LOOP('',(#2802));
#1199=EDGE_LOOP('',(#2803,#2804,#2805,#2806));
#1200=EDGE_LOOP('',(#2807,#2808,#2809,#2810));
#1201=EDGE_LOOP('',(#2811));
#1202=EDGE_LOOP('',(#2812));
#1203=EDGE_LOOP('',(#2813));
#1204=EDGE_LOOP('',(#2814));
#1205=EDGE_LOOP('',(#2815));
#1206=EDGE_LOOP('',(#2816,#2817,#2818,#2819));
#1207=EDGE_LOOP('',(#2820,#2821,#2822,#2823,#2824,#2825));
#1208=EDGE_LOOP('',(#2826,#2827));
#1209=EDGE_LOOP('',(#2828,#2829,#2830,#2831));
#1210=EDGE_LOOP('',(#2832,#2833,#2834,#2835));
#1211=EDGE_LOOP('',(#2836,#2837,#2838,#2839));
#1212=EDGE_LOOP('',(#2840,#2841,#2842,#2843));
#1213=EDGE_LOOP('',(#2844,#2845,#2846,#2847));
#1214=EDGE_LOOP('',(#2848,#2849,#2850,#2851));
#1215=EDGE_LOOP('',(#2852,#2853,#2854,#2855));
#1216=EDGE_LOOP('',(#2856));
#1217=EDGE_LOOP('',(#2857));
#1218=EDGE_LOOP('',(#2858));
#1219=EDGE_LOOP('',(#2859));
#1220=EDGE_LOOP('',(#2860));
#1221=EDGE_LOOP('',(#2861));
#1222=EDGE_LOOP('',(#2862,#2863,#2864,#2865));
#1223=EDGE_LOOP('',(#2866));
#1224=EDGE_LOOP('',(#2867));
#1225=EDGE_LOOP('',(#2868,#2869,#2870,#2871));
#1226=EDGE_LOOP('',(#2872));
#1227=EDGE_LOOP('',(#2873));
#1228=EDGE_LOOP('',(#2874,#2875,#2876,#2877));
#1229=EDGE_LOOP('',(#2878));
#1230=EDGE_LOOP('',(#2879));
#1231=EDGE_LOOP('',(#2880,#2881,#2882,#2883));
#1232=EDGE_LOOP('',(#2884));
#1233=EDGE_LOOP('',(#2885));
#1234=EDGE_LOOP('',(#2886,#2887,#2888,#2889));
#1235=EDGE_LOOP('',(#2890));
#1236=EDGE_LOOP('',(#2891,#2892,#2893,#2894));
#1237=EDGE_LOOP('',(#2895));
#1238=EDGE_LOOP('',(#2896,#2897,#2898,#2899));
#1239=EDGE_LOOP('',(#2900));
#1240=EDGE_LOOP('',(#2901,#2902,#2903,#2904));
#1241=EDGE_LOOP('',(#2905));
#1242=EDGE_LOOP('',(#2906,#2907,#2908,#2909));
#1243=EDGE_LOOP('',(#2910,#2911,#2912,#2913));
#1244=EDGE_LOOP('',(#2914,#2915,#2916,#2917));
#1245=EDGE_LOOP('',(#2918,#2919,#2920,#2921));
#1246=EDGE_LOOP('',(#2922));
#1247=EDGE_LOOP('',(#2923,#2924,#2925,#2926));
#1248=EDGE_LOOP('',(#2927,#2928,#2929,#2930));
#1249=EDGE_LOOP('',(#2931,#2932,#2933,#2934));
#1250=EDGE_LOOP('',(#2935,#2936,#2937,#2938));
#1251=EDGE_LOOP('',(#2939,#2940,#2941,#2942));
#1252=EDGE_LOOP('',(#2943,#2944,#2945,#2946));
#1253=EDGE_LOOP('',(#2947,#2948,#2949,#2950));
#1254=EDGE_LOOP('',(#2951,#2952,#2953,#2954));
#1255=EDGE_LOOP('',(#2955,#2956,#2957,#2958));
#1256=EDGE_LOOP('',(#2959,#2960,#2961,#2962));
#1257=EDGE_LOOP('',(#2963,#2964,#2965,#2966));
#1258=EDGE_LOOP('',(#2967,#2968,#2969,#2970));
#1259=EDGE_LOOP('',(#2971,#2972,#2973,#2974));
#1260=EDGE_LOOP('',(#2975,#2976,#2977,#2978,#2979,#2980,#2981,#2982,#2983,
#2984,#2985,#2986));
#1261=EDGE_LOOP('',(#2987,#2988,#2989,#2990));
#1262=EDGE_LOOP('',(#2991,#2992,#2993,#2994));
#1263=EDGE_LOOP('',(#2995,#2996,#2997,#2998));
#1264=EDGE_LOOP('',(#2999,#3000,#3001,#3002));
#1265=EDGE_LOOP('',(#3003));
#1266=EDGE_LOOP('',(#3004,#3005,#3006,#3007));
#1267=EDGE_LOOP('',(#3008));
#1268=EDGE_LOOP('',(#3009,#3010,#3011,#3012,#3013,#3014,#3015,#3016,#3017,
#3018,#3019,#3020));
#1269=EDGE_LOOP('',(#3021,#3022,#3023,#3024));
#1270=EDGE_LOOP('',(#3025,#3026,#3027,#3028));
#1271=EDGE_LOOP('',(#3029,#3030,#3031,#3032));
#1272=EDGE_LOOP('',(#3033,#3034,#3035,#3036));
#1273=EDGE_LOOP('',(#3037,#3038,#3039,#3040));
#1274=EDGE_LOOP('',(#3041,#3042,#3043,#3044));
#1275=EDGE_LOOP('',(#3045,#3046,#3047,#3048));
#1276=EDGE_LOOP('',(#3049,#3050,#3051,#3052));
#1277=EDGE_LOOP('',(#3053,#3054,#3055,#3056));
#1278=EDGE_LOOP('',(#3057,#3058,#3059,#3060));
#1279=EDGE_LOOP('',(#3061,#3062,#3063,#3064));
#1280=EDGE_LOOP('',(#3065,#3066,#3067,#3068));
#1281=EDGE_LOOP('',(#3069,#3070,#3071,#3072,#3073,#3074,#3075,#3076,#3077,
#3078,#3079,#3080));
#1282=EDGE_LOOP('',(#3081,#3082,#3083,#3084));
#1283=EDGE_LOOP('',(#3085,#3086,#3087,#3088));
#1284=EDGE_LOOP('',(#3089,#3090,#3091,#3092));
#1285=EDGE_LOOP('',(#3093,#3094,#3095,#3096));
#1286=EDGE_LOOP('',(#3097));
#1287=EDGE_LOOP('',(#3098,#3099,#3100,#3101));
#1288=EDGE_LOOP('',(#3102));
#1289=EDGE_LOOP('',(#3103,#3104,#3105,#3106,#3107,#3108,#3109,#3110,#3111,
#3112,#3113,#3114));
#1290=EDGE_LOOP('',(#3115,#3116,#3117,#3118));
#1291=EDGE_LOOP('',(#3119,#3120,#3121,#3122));
#1292=EDGE_LOOP('',(#3123,#3124,#3125,#3126));
#1293=EDGE_LOOP('',(#3127,#3128,#3129,#3130));
#1294=EDGE_LOOP('',(#3131,#3132,#3133,#3134));
#1295=EDGE_LOOP('',(#3135,#3136,#3137,#3138));
#1296=EDGE_LOOP('',(#3139,#3140,#3141,#3142));
#1297=EDGE_LOOP('',(#3143,#3144,#3145,#3146));
#1298=EDGE_LOOP('',(#3147,#3148,#3149,#3150));
#1299=EDGE_LOOP('',(#3151,#3152,#3153,#3154));
#1300=EDGE_LOOP('',(#3155,#3156,#3157,#3158));
#1301=EDGE_LOOP('',(#3159,#3160,#3161,#3162));
#1302=EDGE_LOOP('',(#3163,#3164,#3165,#3166,#3167,#3168,#3169,#3170,#3171,
#3172,#3173,#3174));
#1303=EDGE_LOOP('',(#3175,#3176,#3177,#3178));
#1304=EDGE_LOOP('',(#3179,#3180,#3181,#3182));
#1305=EDGE_LOOP('',(#3183,#3184,#3185,#3186));
#1306=EDGE_LOOP('',(#3187,#3188,#3189,#3190));
#1307=EDGE_LOOP('',(#3191));
#1308=EDGE_LOOP('',(#3192,#3193,#3194,#3195));
#1309=EDGE_LOOP('',(#3196,#3197,#3198,#3199));
#1310=EDGE_LOOP('',(#3200,#3201,#3202,#3203));
#1311=EDGE_LOOP('',(#3204,#3205,#3206,#3207));
#1312=EDGE_LOOP('',(#3208,#3209,#3210,#3211));
#1313=EDGE_LOOP('',(#3212,#3213,#3214,#3215));
#1314=EDGE_LOOP('',(#3216,#3217,#3218,#3219));
#1315=EDGE_LOOP('',(#3220,#3221,#3222,#3223));
#1316=EDGE_LOOP('',(#3224,#3225,#3226,#3227));
#1317=EDGE_LOOP('',(#3228,#3229,#3230,#3231));
#1318=EDGE_LOOP('',(#3232,#3233,#3234,#3235));
#1319=EDGE_LOOP('',(#3236,#3237,#3238,#3239));
#1320=EDGE_LOOP('',(#3240,#3241,#3242,#3243));
#1321=EDGE_LOOP('',(#3244,#3245,#3246,#3247,#3248,#3249,#3250,#3251,#3252,
#3253,#3254,#3255));
#1322=CIRCLE('',#3604,0.00179999999999997);
#1323=CIRCLE('',#3608,0.00179999999999997);
#1324=CIRCLE('',#3611,0.002);
#1325=CIRCLE('',#3612,0.002);
#1326=CIRCLE('',#3615,0.0045);
#1327=CIRCLE('',#3616,0.0045);
#1328=CIRCLE('',#3619,0.002);
#1329=CIRCLE('',#3620,0.002);
#1330=CIRCLE('',#3623,0.002);
#1331=CIRCLE('',#3624,0.002);
#1332=CIRCLE('',#3626,0.0045);
#1333=CIRCLE('',#3627,0.0045);
#1334=CIRCLE('',#3631,0.002);
#1335=CIRCLE('',#3632,0.002);
#1336=CIRCLE('',#3635,0.002);
#1337=CIRCLE('',#3636,0.002);
#1338=CIRCLE('',#3639,0.0045);
#1339=CIRCLE('',#3640,0.0045);
#1340=CIRCLE('',#3643,0.002);
#1341=CIRCLE('',#3644,0.002);
#1342=CIRCLE('',#3647,0.002);
#1343=CIRCLE('',#3648,0.002);
#1344=CIRCLE('',#3651,0.0045);
#1345=CIRCLE('',#3652,0.0045);
#1346=CIRCLE('',#3655,0.002);
#1347=CIRCLE('',#3656,0.002);
#1348=CIRCLE('',#3658,0.0057);
#1349=CIRCLE('',#3660,0.002);
#1350=CIRCLE('',#3663,0.0045);
#1351=CIRCLE('',#3666,0.002);
#1352=CIRCLE('',#3669,0.002);
#1353=CIRCLE('',#3671,0.0045);
#1354=CIRCLE('',#3675,0.002);
#1355=CIRCLE('',#3678,0.002);
#1356=CIRCLE('',#3681,0.0045);
#1357=CIRCLE('',#3684,0.002);
#1358=CIRCLE('',#3687,0.002);
#1359=CIRCLE('',#3690,0.0045);
#1360=CIRCLE('',#3693,0.002);
#1361=CIRCLE('',#3696,0.0026);
#1362=CIRCLE('',#3697,0.0026);
#1363=CIRCLE('',#3698,0.0026);
#1364=CIRCLE('',#3700,0.00265);
#1365=CIRCLE('',#3701,0.00325);
#1366=CIRCLE('',#3702,0.00265);
#1367=CIRCLE('',#3703,0.0035);
#1368=CIRCLE('',#3704,0.0035);
#1369=CIRCLE('',#3705,0.00265);
#1370=CIRCLE('',#3706,0.00325);
#1371=CIRCLE('',#3707,0.00265);
#1372=CIRCLE('',#3708,0.00265);
#1373=CIRCLE('',#3709,0.00325);
#1374=CIRCLE('',#3710,0.00265);
#1375=CIRCLE('',#3711,0.0035);
#1376=CIRCLE('',#3712,0.0035);
#1377=CIRCLE('',#3713,0.00265);
#1378=CIRCLE('',#3714,0.00325);
#1379=CIRCLE('',#3715,0.00265);
#1380=CIRCLE('',#3716,0.0031);
#1381=CIRCLE('',#3717,0.0205);
#1382=CIRCLE('',#3718,0.0031);
#1383=CIRCLE('',#3719,0.0031);
#1384=CIRCLE('',#3720,0.0031);
#1385=CIRCLE('',#3722,0.005);
#1386=CIRCLE('',#3726,0.0045);
#1387=CIRCLE('',#3727,0.002);
#1388=CIRCLE('',#3728,0.0035);
#1389=CIRCLE('',#3729,0.002);
#1390=CIRCLE('',#3731,0.02);
#1391=CIRCLE('',#3732,0.019);
#1392=CIRCLE('',#3734,0.019);
#1393=CIRCLE('',#3736,0.005);
#1394=CIRCLE('',#3737,0.005);
#1395=CIRCLE('',#3747,0.0026);
#1396=CIRCLE('',#3748,0.0026);
#1397=CIRCLE('',#3749,0.0026);
#1398=CIRCLE('',#3753,0.0045);
#1399=CIRCLE('',#3754,0.002);
#1400=CIRCLE('',#3755,0.0035);
#1401=CIRCLE('',#3756,0.002);
#1402=CIRCLE('',#3763,0.0026);
#1403=CIRCLE('',#3764,0.0026);
#1404=CIRCLE('',#3765,0.0026);
#1405=CIRCLE('',#3769,0.0045);
#1406=CIRCLE('',#3770,0.002);
#1407=CIRCLE('',#3771,0.0035);
#1408=CIRCLE('',#3772,0.002);
#1409=CIRCLE('',#3779,0.0026);
#1410=CIRCLE('',#3780,0.0026);
#1411=CIRCLE('',#3781,0.0026);
#1412=CIRCLE('',#3785,0.0045);
#1413=CIRCLE('',#3786,0.002);
#1414=CIRCLE('',#3787,0.0035);
#1415=CIRCLE('',#3788,0.002);
#1416=CIRCLE('',#3795,0.004);
#1417=CIRCLE('',#3797,0.000925);
#1418=CIRCLE('',#3798,0.000925);
#1419=CIRCLE('',#3800,0.004);
#1420=CIRCLE('',#3801,0.004);
#1421=CIRCLE('',#3802,0.004);
#1422=CIRCLE('',#3804,0.00325);
#1423=CIRCLE('',#3807,0.004);
#1424=CIRCLE('',#3808,0.004);
#1425=CIRCLE('',#3810,0.005);
#1426=CIRCLE('',#3813,0.000925);
#1427=CIRCLE('',#3815,0.000925);
#1428=CIRCLE('',#3824,0.0057);
#1429=CIRCLE('',#3826,0.00185);
#1430=CIRCLE('',#3827,0.00185);
#1431=CIRCLE('',#3830,0.000725);
#1432=CIRCLE('',#3831,0.000725);
#1433=CIRCLE('',#3832,0.000725);
#1434=CIRCLE('',#3833,0.000725);
#1435=CIRCLE('',#3835,0.000725);
#1436=CIRCLE('',#3837,0.000375);
#1437=CIRCLE('',#3839,0.000725);
#1438=CIRCLE('',#3841,0.000375);
#1439=CIRCLE('',#3843,0.000725);
#1440=CIRCLE('',#3845,0.000375);
#1441=CIRCLE('',#3847,0.000725);
#1442=CIRCLE('',#3849,0.000375);
#1443=CIRCLE('',#3851,0.000375);
#1444=CIRCLE('',#3854,0.000375);
#1445=CIRCLE('',#3857,0.000375);
#1446=CIRCLE('',#3860,0.000375);
#1447=CIRCLE('',#3863,0.00265);
#1448=CIRCLE('',#3865,0.00265);
#1449=CIRCLE('',#3867,0.00325);
#1450=CIRCLE('',#3869,0.00179999999999997);
#1451=CIRCLE('',#3871,0.00095);
#1452=CIRCLE('',#3886,0.00265);
#1453=CIRCLE('',#3888,0.00325);
#1454=CIRCLE('',#3890,0.00265);
#1455=CIRCLE('',#3892,0.00179999999999997);
#1456=CIRCLE('',#3894,0.00095);
#1457=CIRCLE('',#3895,0.00179999999999997);
#1458=CIRCLE('',#3911,0.00265);
#1459=CIRCLE('',#3913,0.00325);
#1460=CIRCLE('',#3915,0.00265);
#1461=CIRCLE('',#3917,0.00179999999999997);
#1462=CIRCLE('',#3919,0.00095);
#1463=CIRCLE('',#3920,0.00179999999999997);
#1464=CIRCLE('',#3936,0.00265);
#1465=CIRCLE('',#3938,0.00265);
#1466=CIRCLE('',#3940,0.00325);
#1467=CIRCLE('',#3942,0.00179999999999997);
#1468=CIRCLE('',#3944,0.00095);
#1469=VERTEX_POINT('',#5016);
#1470=VERTEX_POINT('',#5018);
#1471=VERTEX_POINT('',#5019);
#1472=VERTEX_POINT('',#5021);
#1473=VERTEX_POINT('',#5023);
#1474=VERTEX_POINT('',#5025);
#1475=VERTEX_POINT('',#5027);
#1476=VERTEX_POINT('',#5029);
#1477=VERTEX_POINT('',#5031);
#1478=VERTEX_POINT('',#5033);
#1479=VERTEX_POINT('',#5035);
#1480=VERTEX_POINT('',#5037);
#1481=VERTEX_POINT('',#5039);
#1482=VERTEX_POINT('',#5043);
#1483=VERTEX_POINT('',#5044);
#1484=VERTEX_POINT('',#5046);
#1485=VERTEX_POINT('',#5048);
#1486=VERTEX_POINT('',#5050);
#1487=VERTEX_POINT('',#5052);
#1488=VERTEX_POINT('',#5054);
#1489=VERTEX_POINT('',#5056);
#1490=VERTEX_POINT('',#5058);
#1491=VERTEX_POINT('',#5060);
#1492=VERTEX_POINT('',#5062);
#1493=VERTEX_POINT('',#5064);
#1494=VERTEX_POINT('',#5066);
#1495=VERTEX_POINT('',#5068);
#1496=VERTEX_POINT('',#5070);
#1497=VERTEX_POINT('',#5072);
#1498=VERTEX_POINT('',#5076);
#1499=VERTEX_POINT('',#5077);
#1500=VERTEX_POINT('',#5079);
#1501=VERTEX_POINT('',#5081);
#1502=VERTEX_POINT('',#5083);
#1503=VERTEX_POINT('',#5085);
#1504=VERTEX_POINT('',#5087);
#1505=VERTEX_POINT('',#5089);
#1506=VERTEX_POINT('',#5091);
#1507=VERTEX_POINT('',#5093);
#1508=VERTEX_POINT('',#5095);
#1509=VERTEX_POINT('',#5097);
#1510=VERTEX_POINT('',#5099);
#1511=VERTEX_POINT('',#5101);
#1512=VERTEX_POINT('',#5103);
#1513=VERTEX_POINT('',#5105);
#1514=VERTEX_POINT('',#5109);
#1515=VERTEX_POINT('',#5111);
#1516=VERTEX_POINT('',#5112);
#1517=VERTEX_POINT('',#5114);
#1518=VERTEX_POINT('',#5116);
#1519=VERTEX_POINT('',#5118);
#1520=VERTEX_POINT('',#5120);
#1521=VERTEX_POINT('',#5122);
#1522=VERTEX_POINT('',#5124);
#1523=VERTEX_POINT('',#5126);
#1524=VERTEX_POINT('',#5128);
#1525=VERTEX_POINT('',#5130);
#1526=VERTEX_POINT('',#5132);
#1527=VERTEX_POINT('',#5136);
#1528=VERTEX_POINT('',#5137);
#1529=VERTEX_POINT('',#5139);
#1530=VERTEX_POINT('',#5141);
#1531=VERTEX_POINT('',#5143);
#1532=VERTEX_POINT('',#5145);
#1533=VERTEX_POINT('',#5149);
#1534=VERTEX_POINT('',#5150);
#1535=VERTEX_POINT('',#5155);
#1536=VERTEX_POINT('',#5156);
#1537=VERTEX_POINT('',#5161);
#1538=VERTEX_POINT('',#5163);
#1539=VERTEX_POINT('',#5167);
#1540=VERTEX_POINT('',#5168);
#1541=VERTEX_POINT('',#5173);
#1542=VERTEX_POINT('',#5178);
#1543=VERTEX_POINT('',#5182);
#1544=VERTEX_POINT('',#5183);
#1545=VERTEX_POINT('',#5188);
#1546=VERTEX_POINT('',#5189);
#1547=VERTEX_POINT('',#5191);
#1548=VERTEX_POINT('',#5193);
#1549=VERTEX_POINT('',#5200);
#1550=VERTEX_POINT('',#5201);
#1551=VERTEX_POINT('',#5206);
#1552=VERTEX_POINT('',#5207);
#1553=VERTEX_POINT('',#5212);
#1554=VERTEX_POINT('',#5213);
#1555=VERTEX_POINT('',#5218);
#1556=VERTEX_POINT('',#5219);
#1557=VERTEX_POINT('',#5224);
#1558=VERTEX_POINT('',#5225);
#1559=VERTEX_POINT('',#5230);
#1560=VERTEX_POINT('',#5232);
#1561=VERTEX_POINT('',#5236);
#1562=VERTEX_POINT('',#5237);
#1563=VERTEX_POINT('',#5242);
#1564=VERTEX_POINT('',#5247);
#1565=VERTEX_POINT('',#5251);
#1566=VERTEX_POINT('',#5252);
#1567=VERTEX_POINT('',#5257);
#1568=VERTEX_POINT('',#5258);
#1569=VERTEX_POINT('',#5263);
#1570=VERTEX_POINT('',#5265);
#1571=VERTEX_POINT('',#5269);
#1572=VERTEX_POINT('',#5270);
#1573=VERTEX_POINT('',#5278);
#1574=VERTEX_POINT('',#5280);
#1575=VERTEX_POINT('',#5283);
#1576=VERTEX_POINT('',#5285);
#1577=VERTEX_POINT('',#5289);
#1578=VERTEX_POINT('',#5293);
#1579=VERTEX_POINT('',#5297);
#1580=VERTEX_POINT('',#5301);
#1581=VERTEX_POINT('',#5305);
#1582=VERTEX_POINT('',#5309);
#1583=VERTEX_POINT('',#5313);
#1584=VERTEX_POINT('',#5317);
#1585=VERTEX_POINT('',#5319);
#1586=VERTEX_POINT('',#5325);
#1587=VERTEX_POINT('',#5329);
#1588=VERTEX_POINT('',#5333);
#1589=VERTEX_POINT('',#5337);
#1590=VERTEX_POINT('',#5341);
#1591=VERTEX_POINT('',#5345);
#1592=VERTEX_POINT('',#5349);
#1593=VERTEX_POINT('',#5353);
#1594=VERTEX_POINT('',#5357);
#1595=VERTEX_POINT('',#5361);
#1596=VERTEX_POINT('',#5365);
#1597=VERTEX_POINT('',#5369);
#1598=VERTEX_POINT('',#5373);
#1599=VERTEX_POINT('',#5379);
#1600=VERTEX_POINT('',#5381);
#1601=VERTEX_POINT('',#5383);
#1602=VERTEX_POINT('',#5385);
#1603=VERTEX_POINT('',#5387);
#1604=VERTEX_POINT('',#5389);
#1605=VERTEX_POINT('',#5393);
#1606=VERTEX_POINT('',#5394);
#1607=VERTEX_POINT('',#5397);
#1608=VERTEX_POINT('',#5401);
#1609=VERTEX_POINT('',#5403);
#1610=VERTEX_POINT('',#5406);
#1611=VERTEX_POINT('',#5408);
#1612=VERTEX_POINT('',#5411);
#1613=VERTEX_POINT('',#5413);
#1614=VERTEX_POINT('',#5416);
#1615=VERTEX_POINT('',#5418);
#1616=VERTEX_POINT('',#5423);
#1617=VERTEX_POINT('',#5425);
#1618=VERTEX_POINT('',#5428);
#1619=VERTEX_POINT('',#5430);
#1620=VERTEX_POINT('',#5432);
#1621=VERTEX_POINT('',#5434);
#1622=VERTEX_POINT('',#5436);
#1623=VERTEX_POINT('',#5439);
#1624=VERTEX_POINT('',#5442);
#1625=VERTEX_POINT('',#5444);
#1626=VERTEX_POINT('',#5448);
#1627=VERTEX_POINT('',#5450);
#1628=VERTEX_POINT('',#5459);
#1629=VERTEX_POINT('',#5461);
#1630=VERTEX_POINT('',#5464);
#1631=VERTEX_POINT('',#5468);
#1632=VERTEX_POINT('',#5470);
#1633=VERTEX_POINT('',#5483);
#1634=VERTEX_POINT('',#5485);
#1635=VERTEX_POINT('',#5488);
#1636=VERTEX_POINT('',#5490);
#1637=VERTEX_POINT('',#5494);
#1638=VERTEX_POINT('',#5495);
#1639=VERTEX_POINT('',#5498);
#1640=VERTEX_POINT('',#5502);
#1641=VERTEX_POINT('',#5504);
#1642=VERTEX_POINT('',#5508);
#1643=VERTEX_POINT('',#5510);
#1644=VERTEX_POINT('',#5525);
#1645=VERTEX_POINT('',#5526);
#1646=VERTEX_POINT('',#5529);
#1647=VERTEX_POINT('',#5533);
#1648=VERTEX_POINT('',#5535);
#1649=VERTEX_POINT('',#5539);
#1650=VERTEX_POINT('',#5541);
#1651=VERTEX_POINT('',#5556);
#1652=VERTEX_POINT('',#5557);
#1653=VERTEX_POINT('',#5560);
#1654=VERTEX_POINT('',#5564);
#1655=VERTEX_POINT('',#5566);
#1656=VERTEX_POINT('',#5570);
#1657=VERTEX_POINT('',#5572);
#1658=VERTEX_POINT('',#5587);
#1659=VERTEX_POINT('',#5590);
#1660=VERTEX_POINT('',#5592);
#1661=VERTEX_POINT('',#5596);
#1662=VERTEX_POINT('',#5598);
#1663=VERTEX_POINT('',#5600);
#1664=VERTEX_POINT('',#5602);
#1665=VERTEX_POINT('',#5604);
#1666=VERTEX_POINT('',#5608);
#1667=VERTEX_POINT('',#5612);
#1668=VERTEX_POINT('',#5614);
#1669=VERTEX_POINT('',#5618);
#1670=VERTEX_POINT('',#5623);
#1671=VERTEX_POINT('',#5626);
#1672=VERTEX_POINT('',#5639);
#1673=VERTEX_POINT('',#5641);
#1674=VERTEX_POINT('',#5645);
#1675=VERTEX_POINT('',#5649);
#1676=VERTEX_POINT('',#5655);
#1677=VERTEX_POINT('',#5657);
#1678=VERTEX_POINT('',#5662);
#1679=VERTEX_POINT('',#5664);
#1680=VERTEX_POINT('',#5666);
#1681=VERTEX_POINT('',#5668);
#1682=VERTEX_POINT('',#5671);
#1683=VERTEX_POINT('',#5675);
#1684=VERTEX_POINT('',#5678);
#1685=VERTEX_POINT('',#5682);
#1686=VERTEX_POINT('',#5685);
#1687=VERTEX_POINT('',#5689);
#1688=VERTEX_POINT('',#5692);
#1689=VERTEX_POINT('',#5696);
#1690=VERTEX_POINT('',#5699);
#1691=VERTEX_POINT('',#5704);
#1692=VERTEX_POINT('',#5709);
#1693=VERTEX_POINT('',#5714);
#1694=VERTEX_POINT('',#5719);
#1695=VERTEX_POINT('',#5723);
#1696=VERTEX_POINT('',#5729);
#1697=VERTEX_POINT('',#5734);
#1698=VERTEX_POINT('',#5736);
#1699=VERTEX_POINT('',#5740);
#1700=VERTEX_POINT('',#5744);
#1701=VERTEX_POINT('',#5748);
#1702=VERTEX_POINT('',#5752);
#1703=VERTEX_POINT('',#5756);
#1704=VERTEX_POINT('',#5760);
#1705=VERTEX_POINT('',#5764);
#1706=VERTEX_POINT('',#5768);
#1707=VERTEX_POINT('',#5772);
#1708=VERTEX_POINT('',#5776);
#1709=VERTEX_POINT('',#5783);
#1710=VERTEX_POINT('',#5787);
#1711=VERTEX_POINT('',#5793);
#1712=VERTEX_POINT('',#5796);
#1713=VERTEX_POINT('',#5800);
#1714=VERTEX_POINT('',#5801);
#1715=VERTEX_POINT('',#5803);
#1716=VERTEX_POINT('',#5805);
#1717=VERTEX_POINT('',#5807);
#1718=VERTEX_POINT('',#5809);
#1719=VERTEX_POINT('',#5811);
#1720=VERTEX_POINT('',#5813);
#1721=VERTEX_POINT('',#5815);
#1722=VERTEX_POINT('',#5817);
#1723=VERTEX_POINT('',#5819);
#1724=VERTEX_POINT('',#5821);
#1725=VERTEX_POINT('',#5825);
#1726=VERTEX_POINT('',#5827);
#1727=VERTEX_POINT('',#5831);
#1728=VERTEX_POINT('',#5835);
#1729=VERTEX_POINT('',#5839);
#1730=VERTEX_POINT('',#5843);
#1731=VERTEX_POINT('',#5847);
#1732=VERTEX_POINT('',#5851);
#1733=VERTEX_POINT('',#5855);
#1734=VERTEX_POINT('',#5859);
#1735=VERTEX_POINT('',#5863);
#1736=VERTEX_POINT('',#5867);
#1737=VERTEX_POINT('',#5874);
#1738=VERTEX_POINT('',#5878);
#1739=VERTEX_POINT('',#5884);
#1740=VERTEX_POINT('',#5887);
#1741=VERTEX_POINT('',#5891);
#1742=VERTEX_POINT('',#5892);
#1743=VERTEX_POINT('',#5894);
#1744=VERTEX_POINT('',#5896);
#1745=VERTEX_POINT('',#5898);
#1746=VERTEX_POINT('',#5900);
#1747=VERTEX_POINT('',#5902);
#1748=VERTEX_POINT('',#5904);
#1749=VERTEX_POINT('',#5906);
#1750=VERTEX_POINT('',#5908);
#1751=VERTEX_POINT('',#5910);
#1752=VERTEX_POINT('',#5912);
#1753=VERTEX_POINT('',#5916);
#1754=VERTEX_POINT('',#5918);
#1755=VERTEX_POINT('',#5922);
#1756=VERTEX_POINT('',#5926);
#1757=VERTEX_POINT('',#5930);
#1758=VERTEX_POINT('',#5934);
#1759=VERTEX_POINT('',#5938);
#1760=VERTEX_POINT('',#5942);
#1761=VERTEX_POINT('',#5946);
#1762=VERTEX_POINT('',#5950);
#1763=VERTEX_POINT('',#5954);
#1764=VERTEX_POINT('',#5958);
#1765=VERTEX_POINT('',#5965);
#1766=VERTEX_POINT('',#5969);
#1767=VERTEX_POINT('',#5975);
#1768=VERTEX_POINT('',#5980);
#1769=VERTEX_POINT('',#5982);
#1770=VERTEX_POINT('',#5986);
#1771=VERTEX_POINT('',#5990);
#1772=VERTEX_POINT('',#5994);
#1773=VERTEX_POINT('',#5998);
#1774=VERTEX_POINT('',#6002);
#1775=VERTEX_POINT('',#6006);
#1776=VERTEX_POINT('',#6010);
#1777=VERTEX_POINT('',#6014);
#1778=VERTEX_POINT('',#6018);
#1779=VERTEX_POINT('',#6022);
#1780=EDGE_CURVE('',#1469,#1469,#1322,.T.);
#1781=EDGE_CURVE('',#1470,#1471,#185,.T.);
#1782=EDGE_CURVE('',#1471,#1472,#186,.T.);
#1783=EDGE_CURVE('',#1472,#1473,#187,.T.);
#1784=EDGE_CURVE('',#1474,#1473,#188,.T.);
#1785=EDGE_CURVE('',#1475,#1474,#189,.T.);
#1786=EDGE_CURVE('',#1475,#1476,#190,.T.);
#1787=EDGE_CURVE('',#1477,#1476,#191,.T.);
#1788=EDGE_CURVE('',#1478,#1477,#192,.T.);
#1789=EDGE_CURVE('',#1479,#1478,#193,.T.);
#1790=EDGE_CURVE('',#1479,#1480,#194,.T.);
#1791=EDGE_CURVE('',#1480,#1481,#195,.T.);
#1792=EDGE_CURVE('',#1470,#1481,#196,.T.);
#1793=EDGE_CURVE('',#1482,#1483,#197,.T.);
#1794=EDGE_CURVE('',#1483,#1484,#198,.T.);
#1795=EDGE_CURVE('',#1484,#1485,#199,.T.);
#1796=EDGE_CURVE('',#1486,#1485,#200,.T.);
#1797=EDGE_CURVE('',#1487,#1486,#201,.T.);
#1798=EDGE_CURVE('',#1487,#1488,#202,.T.);
#1799=EDGE_CURVE('',#1488,#1489,#203,.T.);
#1800=EDGE_CURVE('',#1489,#1490,#204,.T.);
#1801=EDGE_CURVE('',#1491,#1490,#205,.T.);
#1802=EDGE_CURVE('',#1491,#1492,#206,.T.);
#1803=EDGE_CURVE('',#1493,#1492,#207,.T.);
#1804=EDGE_CURVE('',#1493,#1494,#208,.F.);
#1805=EDGE_CURVE('',#1495,#1494,#209,.T.);
#1806=EDGE_CURVE('',#1495,#1496,#210,.F.);
#1807=EDGE_CURVE('',#1496,#1497,#211,.T.);
#1808=EDGE_CURVE('',#1482,#1497,#212,.T.);
#1809=EDGE_CURVE('',#1498,#1499,#213,.T.);
#1810=EDGE_CURVE('',#1498,#1500,#214,.T.);
#1811=EDGE_CURVE('',#1500,#1501,#215,.T.);
#1812=EDGE_CURVE('',#1501,#1502,#216,.T.);
#1813=EDGE_CURVE('',#1503,#1502,#217,.T.);
#1814=EDGE_CURVE('',#1503,#1504,#218,.T.);
#1815=EDGE_CURVE('',#1505,#1504,#219,.T.);
#1816=EDGE_CURVE('',#1505,#1506,#220,.F.);
#1817=EDGE_CURVE('',#1507,#1506,#221,.T.);
#1818=EDGE_CURVE('',#1507,#1508,#222,.F.);
#1819=EDGE_CURVE('',#1508,#1509,#223,.T.);
#1820=EDGE_CURVE('',#1510,#1509,#224,.T.);
#1821=EDGE_CURVE('',#1510,#1511,#225,.T.);
#1822=EDGE_CURVE('',#1511,#1512,#226,.T.);
#1823=EDGE_CURVE('',#1512,#1513,#227,.T.);
#1824=EDGE_CURVE('',#1499,#1513,#228,.T.);
#1825=EDGE_CURVE('',#1514,#1514,#1323,.T.);
#1826=EDGE_CURVE('',#1515,#1516,#229,.T.);
#1827=EDGE_CURVE('',#1516,#1517,#230,.T.);
#1828=EDGE_CURVE('',#1517,#1518,#231,.T.);
#1829=EDGE_CURVE('',#1519,#1518,#232,.T.);
#1830=EDGE_CURVE('',#1520,#1519,#233,.T.);
#1831=EDGE_CURVE('',#1520,#1521,#234,.T.);
#1832=EDGE_CURVE('',#1522,#1521,#235,.T.);
#1833=EDGE_CURVE('',#1523,#1522,#236,.T.);
#1834=EDGE_CURVE('',#1524,#1523,#237,.T.);
#1835=EDGE_CURVE('',#1524,#1525,#238,.T.);
#1836=EDGE_CURVE('',#1525,#1526,#239,.T.);
#1837=EDGE_CURVE('',#1515,#1526,#240,.T.);
#1838=EDGE_CURVE('',#1527,#1528,#241,.F.);
#1839=EDGE_CURVE('',#1528,#1529,#242,.T.);
#1840=EDGE_CURVE('',#1529,#1530,#243,.T.);
#1841=EDGE_CURVE('',#1531,#1530,#244,.T.);
#1842=EDGE_CURVE('',#1532,#1531,#245,.T.);
#1843=EDGE_CURVE('',#1527,#1532,#246,.T.);
#1844=EDGE_CURVE('',#1533,#1534,#247,.T.);
#1845=EDGE_CURVE('',#1533,#1528,#1324,.F.);
#1846=EDGE_CURVE('',#1534,#1527,#1325,.F.);
#1847=EDGE_CURVE('',#1535,#1536,#248,.F.);
#1848=EDGE_CURVE('',#1536,#1533,#249,.T.);
#1849=EDGE_CURVE('',#1535,#1534,#250,.T.);
#1850=EDGE_CURVE('',#1536,#1537,#1326,.F.);
#1851=EDGE_CURVE('',#1535,#1538,#1327,.F.);
#1852=EDGE_CURVE('',#1537,#1538,#251,.T.);
#1853=EDGE_CURVE('',#1539,#1540,#252,.F.);
#1854=EDGE_CURVE('',#1540,#1537,#253,.T.);
#1855=EDGE_CURVE('',#1539,#1538,#254,.T.);
#1856=EDGE_CURVE('',#1504,#1541,#255,.T.);
#1857=EDGE_CURVE('',#1504,#1540,#1328,.F.);
#1858=EDGE_CURVE('',#1541,#1539,#1329,.F.);
#1859=EDGE_CURVE('',#1542,#1505,#256,.F.);
#1860=EDGE_CURVE('',#1542,#1541,#257,.T.);
#1861=EDGE_CURVE('',#1543,#1544,#258,.T.);
#1862=EDGE_CURVE('',#1543,#1505,#1330,.F.);
#1863=EDGE_CURVE('',#1544,#1542,#1331,.F.);
#1864=EDGE_CURVE('',#1545,#1546,#1332,.F.);
#1865=EDGE_CURVE('',#1547,#1545,#259,.F.);
#1866=EDGE_CURVE('',#1547,#1548,#1333,.F.);
#1867=EDGE_CURVE('',#1546,#1548,#260,.T.);
#1868=EDGE_CURVE('',#1545,#1543,#261,.T.);
#1869=EDGE_CURVE('',#1547,#1544,#262,.T.);
#1870=EDGE_CURVE('',#1549,#1550,#263,.F.);
#1871=EDGE_CURVE('',#1550,#1546,#264,.T.);
#1872=EDGE_CURVE('',#1549,#1548,#265,.T.);
#1873=EDGE_CURVE('',#1551,#1552,#266,.T.);
#1874=EDGE_CURVE('',#1551,#1550,#1334,.F.);
#1875=EDGE_CURVE('',#1552,#1549,#1335,.F.);
#1876=EDGE_CURVE('',#1553,#1554,#267,.F.);
#1877=EDGE_CURVE('',#1554,#1551,#268,.T.);
#1878=EDGE_CURVE('',#1553,#1552,#269,.T.);
#1879=EDGE_CURVE('',#1555,#1556,#270,.T.);
#1880=EDGE_CURVE('',#1555,#1554,#1336,.F.);
#1881=EDGE_CURVE('',#1556,#1553,#1337,.F.);
#1882=EDGE_CURVE('',#1557,#1558,#271,.F.);
#1883=EDGE_CURVE('',#1558,#1555,#272,.T.);
#1884=EDGE_CURVE('',#1557,#1556,#273,.T.);
#1885=EDGE_CURVE('',#1558,#1559,#1338,.F.);
#1886=EDGE_CURVE('',#1557,#1560,#1339,.F.);
#1887=EDGE_CURVE('',#1559,#1560,#274,.T.);
#1888=EDGE_CURVE('',#1561,#1562,#275,.F.);
#1889=EDGE_CURVE('',#1562,#1559,#276,.T.);
#1890=EDGE_CURVE('',#1561,#1560,#277,.T.);
#1891=EDGE_CURVE('',#1492,#1563,#278,.T.);
#1892=EDGE_CURVE('',#1492,#1562,#1340,.F.);
#1893=EDGE_CURVE('',#1563,#1561,#1341,.F.);
#1894=EDGE_CURVE('',#1564,#1493,#279,.F.);
#1895=EDGE_CURVE('',#1564,#1563,#280,.T.);
#1896=EDGE_CURVE('',#1565,#1566,#281,.T.);
#1897=EDGE_CURVE('',#1565,#1493,#1342,.F.);
#1898=EDGE_CURVE('',#1566,#1564,#1343,.F.);
#1899=EDGE_CURVE('',#1567,#1568,#282,.F.);
#1900=EDGE_CURVE('',#1568,#1565,#283,.T.);
#1901=EDGE_CURVE('',#1567,#1566,#284,.T.);
#1902=EDGE_CURVE('',#1568,#1569,#1344,.F.);
#1903=EDGE_CURVE('',#1567,#1570,#1345,.F.);
#1904=EDGE_CURVE('',#1569,#1570,#285,.T.);
#1905=EDGE_CURVE('',#1571,#1572,#286,.F.);
#1906=EDGE_CURVE('',#1572,#1569,#287,.T.);
#1907=EDGE_CURVE('',#1571,#1570,#288,.T.);
#1908=EDGE_CURVE('',#1529,#1572,#1346,.F.);
#1909=EDGE_CURVE('',#1530,#1571,#1347,.F.);
#1910=EDGE_CURVE('',#1532,#1573,#289,.T.);
#1911=EDGE_CURVE('',#1574,#1573,#1348,.T.);
#1912=EDGE_CURVE('',#1531,#1574,#290,.T.);
#1913=EDGE_CURVE('',#1530,#1575,#291,.T.);
#1914=EDGE_CURVE('',#1576,#1575,#292,.T.);
#1915=EDGE_CURVE('',#1576,#1527,#293,.F.);
#1916=EDGE_CURVE('',#1534,#1577,#294,.T.);
#1917=EDGE_CURVE('',#1577,#1576,#1349,.F.);
#1918=EDGE_CURVE('',#1578,#1535,#295,.F.);
#1919=EDGE_CURVE('',#1578,#1577,#296,.T.);
#1920=EDGE_CURVE('',#1579,#1578,#1350,.T.);
#1921=EDGE_CURVE('',#1538,#1579,#297,.T.);
#1922=EDGE_CURVE('',#1580,#1539,#298,.F.);
#1923=EDGE_CURVE('',#1580,#1579,#299,.T.);
#1924=EDGE_CURVE('',#1541,#1581,#300,.T.);
#1925=EDGE_CURVE('',#1581,#1580,#1351,.F.);
#1926=EDGE_CURVE('',#1582,#1542,#301,.F.);
#1927=EDGE_CURVE('',#1582,#1581,#302,.T.);
#1928=EDGE_CURVE('',#1544,#1583,#303,.T.);
#1929=EDGE_CURVE('',#1583,#1582,#1352,.F.);
#1930=EDGE_CURVE('',#1584,#1547,#304,.F.);
#1931=EDGE_CURVE('',#1585,#1584,#1353,.T.);
#1932=EDGE_CURVE('',#1548,#1585,#305,.T.);
#1933=EDGE_CURVE('',#1584,#1583,#306,.T.);
#1934=EDGE_CURVE('',#1586,#1549,#307,.F.);
#1935=EDGE_CURVE('',#1586,#1585,#308,.T.);
#1936=EDGE_CURVE('',#1552,#1587,#309,.T.);
#1937=EDGE_CURVE('',#1587,#1586,#1354,.F.);
#1938=EDGE_CURVE('',#1588,#1553,#310,.F.);
#1939=EDGE_CURVE('',#1588,#1587,#311,.T.);
#1940=EDGE_CURVE('',#1556,#1589,#312,.T.);
#1941=EDGE_CURVE('',#1589,#1588,#1355,.F.);
#1942=EDGE_CURVE('',#1590,#1557,#313,.F.);
#1943=EDGE_CURVE('',#1590,#1589,#314,.T.);
#1944=EDGE_CURVE('',#1591,#1590,#1356,.T.);
#1945=EDGE_CURVE('',#1560,#1591,#315,.T.);
#1946=EDGE_CURVE('',#1592,#1561,#316,.F.);
#1947=EDGE_CURVE('',#1592,#1591,#317,.T.);
#1948=EDGE_CURVE('',#1563,#1593,#318,.T.);
#1949=EDGE_CURVE('',#1593,#1592,#1357,.F.);
#1950=EDGE_CURVE('',#1594,#1564,#319,.F.);
#1951=EDGE_CURVE('',#1594,#1593,#320,.T.);
#1952=EDGE_CURVE('',#1566,#1595,#321,.T.);
#1953=EDGE_CURVE('',#1595,#1594,#1358,.F.);
#1954=EDGE_CURVE('',#1596,#1567,#322,.F.);
#1955=EDGE_CURVE('',#1596,#1595,#323,.T.);
#1956=EDGE_CURVE('',#1597,#1596,#1359,.T.);
#1957=EDGE_CURVE('',#1570,#1597,#324,.T.);
#1958=EDGE_CURVE('',#1598,#1571,#325,.F.);
#1959=EDGE_CURVE('',#1598,#1597,#326,.T.);
#1960=EDGE_CURVE('',#1575,#1598,#1360,.F.);
#1961=EDGE_CURVE('',#1554,#1599,#327,.F.);
#1962=EDGE_CURVE('',#1600,#1599,#328,.T.);
#1963=EDGE_CURVE('',#1600,#1601,#329,.F.);
#1964=EDGE_CURVE('',#1601,#1602,#330,.T.);
#1965=EDGE_CURVE('',#1602,#1603,#331,.T.);
#1966=EDGE_CURVE('',#1604,#1603,#332,.T.);
#1967=EDGE_CURVE('',#1604,#1551,#333,.T.);
#1968=EDGE_CURVE('',#1605,#1606,#1361,.T.);
#1969=EDGE_CURVE('',#1606,#1605,#1362,.T.);
#1970=EDGE_CURVE('',#1605,#1607,#334,.T.);
#1971=EDGE_CURVE('',#1607,#1607,#1363,.T.);
#1972=EDGE_CURVE('',#1484,#1608,#1364,.T.);
#1973=EDGE_CURVE('',#1608,#1609,#1365,.T.);
#1974=EDGE_CURVE('',#1497,#1609,#1366,.T.);
#1975=EDGE_CURVE('',#1496,#1610,#1367,.T.);
#1976=EDGE_CURVE('',#1611,#1610,#335,.T.);
#1977=EDGE_CURVE('',#1611,#1501,#1368,.T.);
#1978=EDGE_CURVE('',#1500,#1612,#1369,.T.);
#1979=EDGE_CURVE('',#1613,#1612,#1370,.T.);
#1980=EDGE_CURVE('',#1513,#1613,#1371,.T.);
#1981=EDGE_CURVE('',#1512,#1614,#1372,.T.);
#1982=EDGE_CURVE('',#1614,#1615,#1373,.T.);
#1983=EDGE_CURVE('',#1509,#1615,#1374,.T.);
#1984=EDGE_CURVE('',#1508,#1602,#1375,.T.);
#1985=EDGE_CURVE('',#1601,#1489,#1376,.T.);
#1986=EDGE_CURVE('',#1488,#1616,#1377,.T.);
#1987=EDGE_CURVE('',#1617,#1616,#1378,.T.);
#1988=EDGE_CURVE('',#1485,#1617,#1379,.T.);
#1989=EDGE_CURVE('',#1618,#1618,#1380,.F.);
#1990=EDGE_CURVE('',#1619,#1619,#1381,.F.);
#1991=EDGE_CURVE('',#1620,#1620,#1382,.F.);
#1992=EDGE_CURVE('',#1621,#1621,#1383,.F.);
#1993=EDGE_CURVE('',#1622,#1622,#1384,.F.);
#1994=EDGE_CURVE('',#1623,#1623,#1385,.T.);
#1995=EDGE_CURVE('',#1545,#1624,#336,.F.);
#1996=EDGE_CURVE('',#1624,#1625,#337,.T.);
#1997=EDGE_CURVE('',#1625,#1543,#338,.T.);
#1998=EDGE_CURVE('',#1550,#1626,#339,.F.);
#1999=EDGE_CURVE('',#1626,#1627,#340,.T.);
#2000=EDGE_CURVE('',#1627,#1546,#341,.T.);
#2001=EDGE_CURVE('',#1624,#1627,#1386,.F.);
#2002=EDGE_CURVE('',#1626,#1604,#1387,.T.);
#2003=EDGE_CURVE('',#1603,#1507,#1388,.F.);
#2004=EDGE_CURVE('',#1506,#1625,#1389,.T.);
#2005=EDGE_CURVE('',#1628,#1628,#1390,.T.);
#2006=EDGE_CURVE('',#1629,#1629,#1391,.T.);
#2007=EDGE_CURVE('',#1629,#1630,#342,.T.);
#2008=EDGE_CURVE('',#1630,#1630,#1392,.T.);
#2009=EDGE_CURVE('',#1631,#1631,#1393,.T.);
#2010=EDGE_CURVE('',#1631,#1632,#343,.T.);
#2011=EDGE_CURVE('',#1632,#1632,#1394,.T.);
#2012=EDGE_CURVE('',#1628,#1619,#344,.T.);
#2013=EDGE_CURVE('',#1606,#1618,#345,.T.);
#2014=EDGE_CURVE('',#1528,#1633,#346,.F.);
#2015=EDGE_CURVE('',#1634,#1633,#347,.T.);
#2016=EDGE_CURVE('',#1634,#1611,#348,.F.);
#2017=EDGE_CURVE('',#1610,#1635,#349,.T.);
#2018=EDGE_CURVE('',#1636,#1635,#350,.T.);
#2019=EDGE_CURVE('',#1636,#1529,#351,.T.);
#2020=EDGE_CURVE('',#1637,#1638,#1395,.T.);
#2021=EDGE_CURVE('',#1638,#1637,#1396,.T.);
#2022=EDGE_CURVE('',#1637,#1639,#352,.T.);
#2023=EDGE_CURVE('',#1639,#1639,#1397,.T.);
#2024=EDGE_CURVE('',#1536,#1640,#353,.F.);
#2025=EDGE_CURVE('',#1640,#1641,#354,.T.);
#2026=EDGE_CURVE('',#1641,#1533,#355,.T.);
#2027=EDGE_CURVE('',#1540,#1642,#356,.F.);
#2028=EDGE_CURVE('',#1642,#1643,#357,.T.);
#2029=EDGE_CURVE('',#1643,#1537,#358,.T.);
#2030=EDGE_CURVE('',#1640,#1643,#1398,.F.);
#2031=EDGE_CURVE('',#1642,#1503,#1399,.T.);
#2032=EDGE_CURVE('',#1502,#1634,#1400,.F.);
#2033=EDGE_CURVE('',#1633,#1641,#1401,.T.);
#2034=EDGE_CURVE('',#1638,#1620,#359,.T.);
#2035=EDGE_CURVE('',#1644,#1645,#1402,.T.);
#2036=EDGE_CURVE('',#1645,#1644,#1403,.T.);
#2037=EDGE_CURVE('',#1644,#1646,#360,.T.);
#2038=EDGE_CURVE('',#1646,#1646,#1404,.T.);
#2039=EDGE_CURVE('',#1568,#1647,#361,.F.);
#2040=EDGE_CURVE('',#1647,#1648,#362,.T.);
#2041=EDGE_CURVE('',#1648,#1565,#363,.T.);
#2042=EDGE_CURVE('',#1572,#1649,#364,.F.);
#2043=EDGE_CURVE('',#1649,#1650,#365,.T.);
#2044=EDGE_CURVE('',#1650,#1569,#366,.T.);
#2045=EDGE_CURVE('',#1647,#1650,#1405,.F.);
#2046=EDGE_CURVE('',#1649,#1636,#1406,.T.);
#2047=EDGE_CURVE('',#1635,#1495,#1407,.F.);
#2048=EDGE_CURVE('',#1494,#1648,#1408,.T.);
#2049=EDGE_CURVE('',#1645,#1621,#367,.T.);
#2050=EDGE_CURVE('',#1651,#1652,#1409,.T.);
#2051=EDGE_CURVE('',#1652,#1651,#1410,.T.);
#2052=EDGE_CURVE('',#1651,#1653,#368,.T.);
#2053=EDGE_CURVE('',#1653,#1653,#1411,.T.);
#2054=EDGE_CURVE('',#1558,#1654,#369,.F.);
#2055=EDGE_CURVE('',#1654,#1655,#370,.T.);
#2056=EDGE_CURVE('',#1655,#1555,#371,.T.);
#2057=EDGE_CURVE('',#1562,#1656,#372,.F.);
#2058=EDGE_CURVE('',#1656,#1657,#373,.T.);
#2059=EDGE_CURVE('',#1657,#1559,#374,.T.);
#2060=EDGE_CURVE('',#1654,#1657,#1412,.F.);
#2061=EDGE_CURVE('',#1656,#1491,#1413,.T.);
#2062=EDGE_CURVE('',#1490,#1600,#1414,.F.);
#2063=EDGE_CURVE('',#1599,#1655,#1415,.T.);
#2064=EDGE_CURVE('',#1652,#1622,#375,.T.);
#2065=EDGE_CURVE('',#1658,#1658,#1416,.T.);
#2066=EDGE_CURVE('',#1659,#1659,#1417,.T.);
#2067=EDGE_CURVE('',#1659,#1660,#376,.T.);
#2068=EDGE_CURVE('',#1660,#1660,#1418,.T.);
#2069=EDGE_CURVE('',#1658,#1661,#377,.T.);
#2070=EDGE_CURVE('',#1661,#1662,#1419,.F.);
#2071=EDGE_CURVE('',#1663,#1662,#378,.T.);
#2072=EDGE_CURVE('',#1664,#1663,#1420,.T.);
#2073=EDGE_CURVE('',#1664,#1665,#379,.T.);
#2074=EDGE_CURVE('',#1665,#1661,#1421,.F.);
#2075=EDGE_CURVE('',#1666,#1666,#1422,.T.);
#2076=EDGE_CURVE('',#1667,#1667,#1423,.T.);
#2077=EDGE_CURVE('',#1667,#1668,#380,.T.);
#2078=EDGE_CURVE('',#1668,#1668,#1424,.T.);
#2079=EDGE_CURVE('',#1669,#1669,#1425,.T.);
#2080=EDGE_CURVE('',#1669,#1623,#381,.T.);
#2081=EDGE_CURVE('',#1670,#1670,#1426,.T.);
#2082=EDGE_CURVE('',#1671,#1671,#1427,.T.);
#2083=EDGE_CURVE('',#1671,#1670,#382,.T.);
#2084=EDGE_CURVE('',#1662,#1665,#18,.T.);
#2085=EDGE_CURVE('',#1661,#1666,#383,.T.);
#2086=EDGE_CURVE('',#1663,#1664,#384,.T.);
#2087=EDGE_CURVE('',#1672,#1532,#385,.T.);
#2088=EDGE_CURVE('',#1672,#1673,#386,.T.);
#2089=EDGE_CURVE('',#1673,#1573,#387,.T.);
#2090=EDGE_CURVE('',#1674,#1531,#388,.T.);
#2091=EDGE_CURVE('',#1672,#1674,#389,.T.);
#2092=EDGE_CURVE('',#1675,#1574,#390,.T.);
#2093=EDGE_CURVE('',#1674,#1675,#391,.T.);
#2094=EDGE_CURVE('',#1675,#1673,#1428,.T.);
#2095=EDGE_CURVE('',#1676,#1676,#1429,.T.);
#2096=EDGE_CURVE('',#1676,#1677,#392,.T.);
#2097=EDGE_CURVE('',#1677,#1677,#1430,.F.);
#2098=EDGE_CURVE('',#1678,#1678,#1431,.T.);
#2099=EDGE_CURVE('',#1679,#1679,#1432,.T.);
#2100=EDGE_CURVE('',#1680,#1680,#1433,.T.);
#2101=EDGE_CURVE('',#1681,#1681,#1434,.T.);
#2102=EDGE_CURVE('',#1681,#1682,#393,.T.);
#2103=EDGE_CURVE('',#1682,#1682,#1435,.T.);
#2104=EDGE_CURVE('',#1683,#1683,#1436,.T.);
#2105=EDGE_CURVE('',#1680,#1684,#394,.T.);
#2106=EDGE_CURVE('',#1684,#1684,#1437,.T.);
#2107=EDGE_CURVE('',#1685,#1685,#1438,.T.);
#2108=EDGE_CURVE('',#1679,#1686,#395,.T.);
#2109=EDGE_CURVE('',#1686,#1686,#1439,.T.);
#2110=EDGE_CURVE('',#1687,#1687,#1440,.T.);
#2111=EDGE_CURVE('',#1678,#1688,#396,.T.);
#2112=EDGE_CURVE('',#1688,#1688,#1441,.T.);
#2113=EDGE_CURVE('',#1689,#1689,#1442,.T.);
#2114=EDGE_CURVE('',#1683,#1690,#397,.T.);
#2115=EDGE_CURVE('',#1690,#1690,#1443,.T.);
#2116=EDGE_CURVE('',#1685,#1691,#398,.T.);
#2117=EDGE_CURVE('',#1691,#1691,#1444,.T.);
#2118=EDGE_CURVE('',#1687,#1692,#399,.T.);
#2119=EDGE_CURVE('',#1692,#1692,#1445,.T.);
#2120=EDGE_CURVE('',#1689,#1693,#400,.T.);
#2121=EDGE_CURVE('',#1693,#1693,#1446,.T.);
#2122=EDGE_CURVE('',#1511,#1694,#1447,.T.);
#2123=EDGE_CURVE('',#1694,#1614,#401,.T.);
#2124=EDGE_CURVE('',#1695,#1615,#402,.T.);
#2125=EDGE_CURVE('',#1510,#1695,#1448,.T.);
#2126=EDGE_CURVE('',#1694,#1695,#1449,.T.);
#2127=EDGE_CURVE('',#1696,#1696,#1450,.F.);
#2128=EDGE_CURVE('',#1696,#1514,#1451,.T.);
#2129=EDGE_CURVE('',#1697,#1515,#403,.T.);
#2130=EDGE_CURVE('',#1697,#1698,#404,.T.);
#2131=EDGE_CURVE('',#1698,#1516,#405,.T.);
#2132=EDGE_CURVE('',#1699,#1526,#406,.T.);
#2133=EDGE_CURVE('',#1697,#1699,#407,.T.);
#2134=EDGE_CURVE('',#1700,#1525,#408,.T.);
#2135=EDGE_CURVE('',#1700,#1699,#409,.T.);
#2136=EDGE_CURVE('',#1701,#1524,#410,.T.);
#2137=EDGE_CURVE('',#1701,#1700,#411,.T.);
#2138=EDGE_CURVE('',#1702,#1523,#412,.T.);
#2139=EDGE_CURVE('',#1701,#1702,#413,.T.);
#2140=EDGE_CURVE('',#1703,#1522,#414,.T.);
#2141=EDGE_CURVE('',#1702,#1703,#415,.T.);
#2142=EDGE_CURVE('',#1704,#1521,#416,.T.);
#2143=EDGE_CURVE('',#1703,#1704,#417,.T.);
#2144=EDGE_CURVE('',#1705,#1520,#418,.T.);
#2145=EDGE_CURVE('',#1705,#1704,#419,.T.);
#2146=EDGE_CURVE('',#1706,#1519,#420,.T.);
#2147=EDGE_CURVE('',#1705,#1706,#421,.T.);
#2148=EDGE_CURVE('',#1707,#1518,#422,.T.);
#2149=EDGE_CURVE('',#1706,#1707,#423,.T.);
#2150=EDGE_CURVE('',#1708,#1517,#424,.T.);
#2151=EDGE_CURVE('',#1708,#1707,#425,.T.);
#2152=EDGE_CURVE('',#1698,#1708,#426,.T.);
#2153=EDGE_CURVE('',#1709,#1613,#427,.T.);
#2154=EDGE_CURVE('',#1499,#1709,#1452,.T.);
#2155=EDGE_CURVE('',#1710,#1612,#428,.T.);
#2156=EDGE_CURVE('',#1709,#1710,#1453,.T.);
#2157=EDGE_CURVE('',#1498,#1710,#1454,.T.);
#2158=EDGE_CURVE('',#1711,#1711,#1455,.F.);
#2159=EDGE_CURVE('',#1711,#1712,#1456,.T.);
#2160=EDGE_CURVE('',#1712,#1712,#1457,.T.);
#2161=EDGE_CURVE('',#1713,#1714,#429,.T.);
#2162=EDGE_CURVE('',#1715,#1713,#430,.T.);
#2163=EDGE_CURVE('',#1715,#1716,#431,.T.);
#2164=EDGE_CURVE('',#1717,#1716,#432,.T.);
#2165=EDGE_CURVE('',#1718,#1717,#433,.T.);
#2166=EDGE_CURVE('',#1718,#1719,#434,.T.);
#2167=EDGE_CURVE('',#1719,#1720,#435,.T.);
#2168=EDGE_CURVE('',#1720,#1721,#436,.T.);
#2169=EDGE_CURVE('',#1722,#1721,#437,.T.);
#2170=EDGE_CURVE('',#1722,#1723,#438,.T.);
#2171=EDGE_CURVE('',#1723,#1724,#439,.T.);
#2172=EDGE_CURVE('',#1714,#1724,#440,.T.);
#2173=EDGE_CURVE('',#1725,#1713,#441,.T.);
#2174=EDGE_CURVE('',#1726,#1725,#442,.T.);
#2175=EDGE_CURVE('',#1726,#1715,#443,.T.);
#2176=EDGE_CURVE('',#1727,#1714,#444,.T.);
#2177=EDGE_CURVE('',#1725,#1727,#445,.T.);
#2178=EDGE_CURVE('',#1728,#1724,#446,.T.);
#2179=EDGE_CURVE('',#1727,#1728,#447,.T.);
#2180=EDGE_CURVE('',#1729,#1723,#448,.T.);
#2181=EDGE_CURVE('',#1729,#1728,#449,.T.);
#2182=EDGE_CURVE('',#1730,#1722,#450,.T.);
#2183=EDGE_CURVE('',#1730,#1729,#451,.T.);
#2184=EDGE_CURVE('',#1731,#1721,#452,.T.);
#2185=EDGE_CURVE('',#1730,#1731,#453,.T.);
#2186=EDGE_CURVE('',#1732,#1720,#454,.T.);
#2187=EDGE_CURVE('',#1732,#1731,#455,.T.);
#2188=EDGE_CURVE('',#1733,#1719,#456,.T.);
#2189=EDGE_CURVE('',#1733,#1732,#457,.T.);
#2190=EDGE_CURVE('',#1734,#1718,#458,.T.);
#2191=EDGE_CURVE('',#1734,#1733,#459,.T.);
#2192=EDGE_CURVE('',#1735,#1717,#460,.T.);
#2193=EDGE_CURVE('',#1734,#1735,#461,.T.);
#2194=EDGE_CURVE('',#1736,#1716,#462,.T.);
#2195=EDGE_CURVE('',#1735,#1736,#463,.T.);
#2196=EDGE_CURVE('',#1726,#1736,#464,.T.);
#2197=EDGE_CURVE('',#1737,#1617,#465,.T.);
#2198=EDGE_CURVE('',#1486,#1737,#1458,.T.);
#2199=EDGE_CURVE('',#1738,#1616,#466,.T.);
#2200=EDGE_CURVE('',#1737,#1738,#1459,.T.);
#2201=EDGE_CURVE('',#1487,#1738,#1460,.T.);
#2202=EDGE_CURVE('',#1739,#1739,#1461,.F.);
#2203=EDGE_CURVE('',#1739,#1740,#1462,.T.);
#2204=EDGE_CURVE('',#1740,#1740,#1463,.T.);
#2205=EDGE_CURVE('',#1741,#1742,#467,.T.);
#2206=EDGE_CURVE('',#1743,#1741,#468,.T.);
#2207=EDGE_CURVE('',#1743,#1744,#469,.T.);
#2208=EDGE_CURVE('',#1745,#1744,#470,.T.);
#2209=EDGE_CURVE('',#1746,#1745,#471,.T.);
#2210=EDGE_CURVE('',#1746,#1747,#472,.T.);
#2211=EDGE_CURVE('',#1747,#1748,#473,.T.);
#2212=EDGE_CURVE('',#1748,#1749,#474,.T.);
#2213=EDGE_CURVE('',#1750,#1749,#475,.T.);
#2214=EDGE_CURVE('',#1750,#1751,#476,.T.);
#2215=EDGE_CURVE('',#1751,#1752,#477,.T.);
#2216=EDGE_CURVE('',#1742,#1752,#478,.T.);
#2217=EDGE_CURVE('',#1753,#1741,#479,.T.);
#2218=EDGE_CURVE('',#1754,#1753,#480,.T.);
#2219=EDGE_CURVE('',#1754,#1743,#481,.T.);
#2220=EDGE_CURVE('',#1755,#1742,#482,.T.);
#2221=EDGE_CURVE('',#1753,#1755,#483,.T.);
#2222=EDGE_CURVE('',#1756,#1752,#484,.T.);
#2223=EDGE_CURVE('',#1755,#1756,#485,.T.);
#2224=EDGE_CURVE('',#1757,#1751,#486,.T.);
#2225=EDGE_CURVE('',#1757,#1756,#487,.T.);
#2226=EDGE_CURVE('',#1758,#1750,#488,.T.);
#2227=EDGE_CURVE('',#1758,#1757,#489,.T.);
#2228=EDGE_CURVE('',#1759,#1749,#490,.T.);
#2229=EDGE_CURVE('',#1758,#1759,#491,.T.);
#2230=EDGE_CURVE('',#1760,#1748,#492,.T.);
#2231=EDGE_CURVE('',#1760,#1759,#493,.T.);
#2232=EDGE_CURVE('',#1761,#1747,#494,.T.);
#2233=EDGE_CURVE('',#1761,#1760,#495,.T.);
#2234=EDGE_CURVE('',#1762,#1746,#496,.T.);
#2235=EDGE_CURVE('',#1762,#1761,#497,.T.);
#2236=EDGE_CURVE('',#1763,#1745,#498,.T.);
#2237=EDGE_CURVE('',#1762,#1763,#499,.T.);
#2238=EDGE_CURVE('',#1764,#1744,#500,.T.);
#2239=EDGE_CURVE('',#1763,#1764,#501,.T.);
#2240=EDGE_CURVE('',#1754,#1764,#502,.T.);
#2241=EDGE_CURVE('',#1483,#1765,#1464,.T.);
#2242=EDGE_CURVE('',#1765,#1608,#503,.T.);
#2243=EDGE_CURVE('',#1766,#1609,#504,.T.);
#2244=EDGE_CURVE('',#1482,#1766,#1465,.T.);
#2245=EDGE_CURVE('',#1765,#1766,#1466,.T.);
#2246=EDGE_CURVE('',#1767,#1767,#1467,.F.);
#2247=EDGE_CURVE('',#1767,#1469,#1468,.T.);
#2248=EDGE_CURVE('',#1768,#1470,#505,.T.);
#2249=EDGE_CURVE('',#1768,#1769,#506,.T.);
#2250=EDGE_CURVE('',#1769,#1471,#507,.T.);
#2251=EDGE_CURVE('',#1770,#1481,#508,.T.);
#2252=EDGE_CURVE('',#1768,#1770,#509,.T.);
#2253=EDGE_CURVE('',#1771,#1480,#510,.T.);
#2254=EDGE_CURVE('',#1771,#1770,#511,.T.);
#2255=EDGE_CURVE('',#1772,#1479,#512,.T.);
#2256=EDGE_CURVE('',#1772,#1771,#513,.T.);
#2257=EDGE_CURVE('',#1773,#1478,#514,.T.);
#2258=EDGE_CURVE('',#1772,#1773,#515,.T.);
#2259=EDGE_CURVE('',#1774,#1477,#516,.T.);
#2260=EDGE_CURVE('',#1773,#1774,#517,.T.);
#2261=EDGE_CURVE('',#1775,#1476,#518,.T.);
#2262=EDGE_CURVE('',#1774,#1775,#519,.T.);
#2263=EDGE_CURVE('',#1776,#1475,#520,.T.);
#2264=EDGE_CURVE('',#1776,#1775,#521,.T.);
#2265=EDGE_CURVE('',#1777,#1474,#522,.T.);
#2266=EDGE_CURVE('',#1776,#1777,#523,.T.);
#2267=EDGE_CURVE('',#1778,#1473,#524,.T.);
#2268=EDGE_CURVE('',#1777,#1778,#525,.T.);
#2269=EDGE_CURVE('',#1779,#1472,#526,.T.);
#2270=EDGE_CURVE('',#1779,#1778,#527,.T.);
#2271=EDGE_CURVE('',#1769,#1779,#528,.T.);
#2272=ORIENTED_EDGE('',*,*,#1780,.F.);
#2273=ORIENTED_EDGE('',*,*,#1781,.T.);
#2274=ORIENTED_EDGE('',*,*,#1782,.T.);
#2275=ORIENTED_EDGE('',*,*,#1783,.T.);
#2276=ORIENTED_EDGE('',*,*,#1784,.F.);
#2277=ORIENTED_EDGE('',*,*,#1785,.F.);
#2278=ORIENTED_EDGE('',*,*,#1786,.T.);
#2279=ORIENTED_EDGE('',*,*,#1787,.F.);
#2280=ORIENTED_EDGE('',*,*,#1788,.F.);
#2281=ORIENTED_EDGE('',*,*,#1789,.F.);
#2282=ORIENTED_EDGE('',*,*,#1790,.T.);
#2283=ORIENTED_EDGE('',*,*,#1791,.T.);
#2284=ORIENTED_EDGE('',*,*,#1792,.F.);
#2285=ORIENTED_EDGE('',*,*,#1793,.T.);
#2286=ORIENTED_EDGE('',*,*,#1794,.T.);
#2287=ORIENTED_EDGE('',*,*,#1795,.T.);
#2288=ORIENTED_EDGE('',*,*,#1796,.F.);
#2289=ORIENTED_EDGE('',*,*,#1797,.F.);
#2290=ORIENTED_EDGE('',*,*,#1798,.T.);
#2291=ORIENTED_EDGE('',*,*,#1799,.T.);
#2292=ORIENTED_EDGE('',*,*,#1800,.T.);
#2293=ORIENTED_EDGE('',*,*,#1801,.F.);
#2294=ORIENTED_EDGE('',*,*,#1802,.T.);
#2295=ORIENTED_EDGE('',*,*,#1803,.F.);
#2296=ORIENTED_EDGE('',*,*,#1804,.T.);
#2297=ORIENTED_EDGE('',*,*,#1805,.F.);
#2298=ORIENTED_EDGE('',*,*,#1806,.T.);
#2299=ORIENTED_EDGE('',*,*,#1807,.T.);
#2300=ORIENTED_EDGE('',*,*,#1808,.F.);
#2301=ORIENTED_EDGE('',*,*,#1809,.F.);
#2302=ORIENTED_EDGE('',*,*,#1810,.T.);
#2303=ORIENTED_EDGE('',*,*,#1811,.T.);
#2304=ORIENTED_EDGE('',*,*,#1812,.T.);
#2305=ORIENTED_EDGE('',*,*,#1813,.F.);
#2306=ORIENTED_EDGE('',*,*,#1814,.T.);
#2307=ORIENTED_EDGE('',*,*,#1815,.F.);
#2308=ORIENTED_EDGE('',*,*,#1816,.T.);
#2309=ORIENTED_EDGE('',*,*,#1817,.F.);
#2310=ORIENTED_EDGE('',*,*,#1818,.T.);
#2311=ORIENTED_EDGE('',*,*,#1819,.T.);
#2312=ORIENTED_EDGE('',*,*,#1820,.F.);
#2313=ORIENTED_EDGE('',*,*,#1821,.T.);
#2314=ORIENTED_EDGE('',*,*,#1822,.T.);
#2315=ORIENTED_EDGE('',*,*,#1823,.T.);
#2316=ORIENTED_EDGE('',*,*,#1824,.F.);
#2317=ORIENTED_EDGE('',*,*,#1825,.F.);
#2318=ORIENTED_EDGE('',*,*,#1826,.T.);
#2319=ORIENTED_EDGE('',*,*,#1827,.T.);
#2320=ORIENTED_EDGE('',*,*,#1828,.T.);
#2321=ORIENTED_EDGE('',*,*,#1829,.F.);
#2322=ORIENTED_EDGE('',*,*,#1830,.F.);
#2323=ORIENTED_EDGE('',*,*,#1831,.T.);
#2324=ORIENTED_EDGE('',*,*,#1832,.F.);
#2325=ORIENTED_EDGE('',*,*,#1833,.F.);
#2326=ORIENTED_EDGE('',*,*,#1834,.F.);
#2327=ORIENTED_EDGE('',*,*,#1835,.T.);
#2328=ORIENTED_EDGE('',*,*,#1836,.T.);
#2329=ORIENTED_EDGE('',*,*,#1837,.F.);
#2330=ORIENTED_EDGE('',*,*,#1838,.T.);
#2331=ORIENTED_EDGE('',*,*,#1839,.T.);
#2332=ORIENTED_EDGE('',*,*,#1840,.T.);
#2333=ORIENTED_EDGE('',*,*,#1841,.F.);
#2334=ORIENTED_EDGE('',*,*,#1842,.F.);
#2335=ORIENTED_EDGE('',*,*,#1843,.F.);
#2336=ORIENTED_EDGE('',*,*,#1844,.F.);
#2337=ORIENTED_EDGE('',*,*,#1845,.T.);
#2338=ORIENTED_EDGE('',*,*,#1838,.F.);
#2339=ORIENTED_EDGE('',*,*,#1846,.F.);
#2340=ORIENTED_EDGE('',*,*,#1847,.T.);
#2341=ORIENTED_EDGE('',*,*,#1848,.T.);
#2342=ORIENTED_EDGE('',*,*,#1844,.T.);
#2343=ORIENTED_EDGE('',*,*,#1849,.F.);
#2344=ORIENTED_EDGE('',*,*,#1850,.F.);
#2345=ORIENTED_EDGE('',*,*,#1847,.F.);
#2346=ORIENTED_EDGE('',*,*,#1851,.T.);
#2347=ORIENTED_EDGE('',*,*,#1852,.F.);
#2348=ORIENTED_EDGE('',*,*,#1853,.T.);
#2349=ORIENTED_EDGE('',*,*,#1854,.T.);
#2350=ORIENTED_EDGE('',*,*,#1852,.T.);
#2351=ORIENTED_EDGE('',*,*,#1855,.F.);
#2352=ORIENTED_EDGE('',*,*,#1856,.F.);
#2353=ORIENTED_EDGE('',*,*,#1857,.T.);
#2354=ORIENTED_EDGE('',*,*,#1853,.F.);
#2355=ORIENTED_EDGE('',*,*,#1858,.F.);
#2356=ORIENTED_EDGE('',*,*,#1859,.T.);
#2357=ORIENTED_EDGE('',*,*,#1815,.T.);
#2358=ORIENTED_EDGE('',*,*,#1856,.T.);
#2359=ORIENTED_EDGE('',*,*,#1860,.F.);
#2360=ORIENTED_EDGE('',*,*,#1861,.F.);
#2361=ORIENTED_EDGE('',*,*,#1862,.T.);
#2362=ORIENTED_EDGE('',*,*,#1859,.F.);
#2363=ORIENTED_EDGE('',*,*,#1863,.F.);
#2364=ORIENTED_EDGE('',*,*,#1864,.F.);
#2365=ORIENTED_EDGE('',*,*,#1865,.F.);
#2366=ORIENTED_EDGE('',*,*,#1866,.T.);
#2367=ORIENTED_EDGE('',*,*,#1867,.F.);
#2368=ORIENTED_EDGE('',*,*,#1865,.T.);
#2369=ORIENTED_EDGE('',*,*,#1868,.T.);
#2370=ORIENTED_EDGE('',*,*,#1861,.T.);
#2371=ORIENTED_EDGE('',*,*,#1869,.F.);
#2372=ORIENTED_EDGE('',*,*,#1870,.T.);
#2373=ORIENTED_EDGE('',*,*,#1871,.T.);
#2374=ORIENTED_EDGE('',*,*,#1867,.T.);
#2375=ORIENTED_EDGE('',*,*,#1872,.F.);
#2376=ORIENTED_EDGE('',*,*,#1873,.F.);
#2377=ORIENTED_EDGE('',*,*,#1874,.T.);
#2378=ORIENTED_EDGE('',*,*,#1870,.F.);
#2379=ORIENTED_EDGE('',*,*,#1875,.F.);
#2380=ORIENTED_EDGE('',*,*,#1876,.T.);
#2381=ORIENTED_EDGE('',*,*,#1877,.T.);
#2382=ORIENTED_EDGE('',*,*,#1873,.T.);
#2383=ORIENTED_EDGE('',*,*,#1878,.F.);
#2384=ORIENTED_EDGE('',*,*,#1879,.F.);
#2385=ORIENTED_EDGE('',*,*,#1880,.T.);
#2386=ORIENTED_EDGE('',*,*,#1876,.F.);
#2387=ORIENTED_EDGE('',*,*,#1881,.F.);
#2388=ORIENTED_EDGE('',*,*,#1882,.T.);
#2389=ORIENTED_EDGE('',*,*,#1883,.T.);
#2390=ORIENTED_EDGE('',*,*,#1879,.T.);
#2391=ORIENTED_EDGE('',*,*,#1884,.F.);
#2392=ORIENTED_EDGE('',*,*,#1885,.F.);
#2393=ORIENTED_EDGE('',*,*,#1882,.F.);
#2394=ORIENTED_EDGE('',*,*,#1886,.T.);
#2395=ORIENTED_EDGE('',*,*,#1887,.F.);
#2396=ORIENTED_EDGE('',*,*,#1888,.T.);
#2397=ORIENTED_EDGE('',*,*,#1889,.T.);
#2398=ORIENTED_EDGE('',*,*,#1887,.T.);
#2399=ORIENTED_EDGE('',*,*,#1890,.F.);
#2400=ORIENTED_EDGE('',*,*,#1891,.F.);
#2401=ORIENTED_EDGE('',*,*,#1892,.T.);
#2402=ORIENTED_EDGE('',*,*,#1888,.F.);
#2403=ORIENTED_EDGE('',*,*,#1893,.F.);
#2404=ORIENTED_EDGE('',*,*,#1894,.T.);
#2405=ORIENTED_EDGE('',*,*,#1803,.T.);
#2406=ORIENTED_EDGE('',*,*,#1891,.T.);
#2407=ORIENTED_EDGE('',*,*,#1895,.F.);
#2408=ORIENTED_EDGE('',*,*,#1896,.F.);
#2409=ORIENTED_EDGE('',*,*,#1897,.T.);
#2410=ORIENTED_EDGE('',*,*,#1894,.F.);
#2411=ORIENTED_EDGE('',*,*,#1898,.F.);
#2412=ORIENTED_EDGE('',*,*,#1899,.T.);
#2413=ORIENTED_EDGE('',*,*,#1900,.T.);
#2414=ORIENTED_EDGE('',*,*,#1896,.T.);
#2415=ORIENTED_EDGE('',*,*,#1901,.F.);
#2416=ORIENTED_EDGE('',*,*,#1902,.F.);
#2417=ORIENTED_EDGE('',*,*,#1899,.F.);
#2418=ORIENTED_EDGE('',*,*,#1903,.T.);
#2419=ORIENTED_EDGE('',*,*,#1904,.F.);
#2420=ORIENTED_EDGE('',*,*,#1905,.T.);
#2421=ORIENTED_EDGE('',*,*,#1906,.T.);
#2422=ORIENTED_EDGE('',*,*,#1904,.T.);
#2423=ORIENTED_EDGE('',*,*,#1907,.F.);
#2424=ORIENTED_EDGE('',*,*,#1840,.F.);
#2425=ORIENTED_EDGE('',*,*,#1908,.T.);
#2426=ORIENTED_EDGE('',*,*,#1905,.F.);
#2427=ORIENTED_EDGE('',*,*,#1909,.F.);
#2428=ORIENTED_EDGE('',*,*,#1843,.T.);
#2429=ORIENTED_EDGE('',*,*,#1910,.T.);
#2430=ORIENTED_EDGE('',*,*,#1911,.F.);
#2431=ORIENTED_EDGE('',*,*,#1912,.F.);
#2432=ORIENTED_EDGE('',*,*,#1841,.T.);
#2433=ORIENTED_EDGE('',*,*,#1913,.T.);
#2434=ORIENTED_EDGE('',*,*,#1914,.F.);
#2435=ORIENTED_EDGE('',*,*,#1915,.T.);
#2436=ORIENTED_EDGE('',*,*,#1916,.F.);
#2437=ORIENTED_EDGE('',*,*,#1846,.T.);
#2438=ORIENTED_EDGE('',*,*,#1915,.F.);
#2439=ORIENTED_EDGE('',*,*,#1917,.F.);
#2440=ORIENTED_EDGE('',*,*,#1918,.T.);
#2441=ORIENTED_EDGE('',*,*,#1849,.T.);
#2442=ORIENTED_EDGE('',*,*,#1916,.T.);
#2443=ORIENTED_EDGE('',*,*,#1919,.F.);
#2444=ORIENTED_EDGE('',*,*,#1851,.F.);
#2445=ORIENTED_EDGE('',*,*,#1918,.F.);
#2446=ORIENTED_EDGE('',*,*,#1920,.F.);
#2447=ORIENTED_EDGE('',*,*,#1921,.F.);
#2448=ORIENTED_EDGE('',*,*,#1922,.T.);
#2449=ORIENTED_EDGE('',*,*,#1855,.T.);
#2450=ORIENTED_EDGE('',*,*,#1921,.T.);
#2451=ORIENTED_EDGE('',*,*,#1923,.F.);
#2452=ORIENTED_EDGE('',*,*,#1924,.F.);
#2453=ORIENTED_EDGE('',*,*,#1858,.T.);
#2454=ORIENTED_EDGE('',*,*,#1922,.F.);
#2455=ORIENTED_EDGE('',*,*,#1925,.F.);
#2456=ORIENTED_EDGE('',*,*,#1926,.T.);
#2457=ORIENTED_EDGE('',*,*,#1860,.T.);
#2458=ORIENTED_EDGE('',*,*,#1924,.T.);
#2459=ORIENTED_EDGE('',*,*,#1927,.F.);
#2460=ORIENTED_EDGE('',*,*,#1928,.F.);
#2461=ORIENTED_EDGE('',*,*,#1863,.T.);
#2462=ORIENTED_EDGE('',*,*,#1926,.F.);
#2463=ORIENTED_EDGE('',*,*,#1929,.F.);
#2464=ORIENTED_EDGE('',*,*,#1866,.F.);
#2465=ORIENTED_EDGE('',*,*,#1930,.F.);
#2466=ORIENTED_EDGE('',*,*,#1931,.F.);
#2467=ORIENTED_EDGE('',*,*,#1932,.F.);
#2468=ORIENTED_EDGE('',*,*,#1930,.T.);
#2469=ORIENTED_EDGE('',*,*,#1869,.T.);
#2470=ORIENTED_EDGE('',*,*,#1928,.T.);
#2471=ORIENTED_EDGE('',*,*,#1933,.F.);
#2472=ORIENTED_EDGE('',*,*,#1934,.T.);
#2473=ORIENTED_EDGE('',*,*,#1872,.T.);
#2474=ORIENTED_EDGE('',*,*,#1932,.T.);
#2475=ORIENTED_EDGE('',*,*,#1935,.F.);
#2476=ORIENTED_EDGE('',*,*,#1936,.F.);
#2477=ORIENTED_EDGE('',*,*,#1875,.T.);
#2478=ORIENTED_EDGE('',*,*,#1934,.F.);
#2479=ORIENTED_EDGE('',*,*,#1937,.F.);
#2480=ORIENTED_EDGE('',*,*,#1938,.T.);
#2481=ORIENTED_EDGE('',*,*,#1878,.T.);
#2482=ORIENTED_EDGE('',*,*,#1936,.T.);
#2483=ORIENTED_EDGE('',*,*,#1939,.F.);
#2484=ORIENTED_EDGE('',*,*,#1940,.F.);
#2485=ORIENTED_EDGE('',*,*,#1881,.T.);
#2486=ORIENTED_EDGE('',*,*,#1938,.F.);
#2487=ORIENTED_EDGE('',*,*,#1941,.F.);
#2488=ORIENTED_EDGE('',*,*,#1942,.T.);
#2489=ORIENTED_EDGE('',*,*,#1884,.T.);
#2490=ORIENTED_EDGE('',*,*,#1940,.T.);
#2491=ORIENTED_EDGE('',*,*,#1943,.F.);
#2492=ORIENTED_EDGE('',*,*,#1886,.F.);
#2493=ORIENTED_EDGE('',*,*,#1942,.F.);
#2494=ORIENTED_EDGE('',*,*,#1944,.F.);
#2495=ORIENTED_EDGE('',*,*,#1945,.F.);
#2496=ORIENTED_EDGE('',*,*,#1946,.T.);
#2497=ORIENTED_EDGE('',*,*,#1890,.T.);
#2498=ORIENTED_EDGE('',*,*,#1945,.T.);
#2499=ORIENTED_EDGE('',*,*,#1947,.F.);
#2500=ORIENTED_EDGE('',*,*,#1948,.F.);
#2501=ORIENTED_EDGE('',*,*,#1893,.T.);
#2502=ORIENTED_EDGE('',*,*,#1946,.F.);
#2503=ORIENTED_EDGE('',*,*,#1949,.F.);
#2504=ORIENTED_EDGE('',*,*,#1950,.T.);
#2505=ORIENTED_EDGE('',*,*,#1895,.T.);
#2506=ORIENTED_EDGE('',*,*,#1948,.T.);
#2507=ORIENTED_EDGE('',*,*,#1951,.F.);
#2508=ORIENTED_EDGE('',*,*,#1952,.F.);
#2509=ORIENTED_EDGE('',*,*,#1898,.T.);
#2510=ORIENTED_EDGE('',*,*,#1950,.F.);
#2511=ORIENTED_EDGE('',*,*,#1953,.F.);
#2512=ORIENTED_EDGE('',*,*,#1954,.T.);
#2513=ORIENTED_EDGE('',*,*,#1901,.T.);
#2514=ORIENTED_EDGE('',*,*,#1952,.T.);
#2515=ORIENTED_EDGE('',*,*,#1955,.F.);
#2516=ORIENTED_EDGE('',*,*,#1903,.F.);
#2517=ORIENTED_EDGE('',*,*,#1954,.F.);
#2518=ORIENTED_EDGE('',*,*,#1956,.F.);
#2519=ORIENTED_EDGE('',*,*,#1957,.F.);
#2520=ORIENTED_EDGE('',*,*,#1958,.T.);
#2521=ORIENTED_EDGE('',*,*,#1907,.T.);
#2522=ORIENTED_EDGE('',*,*,#1957,.T.);
#2523=ORIENTED_EDGE('',*,*,#1959,.F.);
#2524=ORIENTED_EDGE('',*,*,#1913,.F.);
#2525=ORIENTED_EDGE('',*,*,#1909,.T.);
#2526=ORIENTED_EDGE('',*,*,#1958,.F.);
#2527=ORIENTED_EDGE('',*,*,#1960,.F.);
#2528=ORIENTED_EDGE('',*,*,#1877,.F.);
#2529=ORIENTED_EDGE('',*,*,#1961,.T.);
#2530=ORIENTED_EDGE('',*,*,#1962,.F.);
#2531=ORIENTED_EDGE('',*,*,#1963,.T.);
#2532=ORIENTED_EDGE('',*,*,#1964,.T.);
#2533=ORIENTED_EDGE('',*,*,#1965,.T.);
#2534=ORIENTED_EDGE('',*,*,#1966,.F.);
#2535=ORIENTED_EDGE('',*,*,#1967,.T.);
#2536=ORIENTED_EDGE('',*,*,#1968,.T.);
#2537=ORIENTED_EDGE('',*,*,#1969,.T.);
#2538=ORIENTED_EDGE('',*,*,#1970,.T.);
#2539=ORIENTED_EDGE('',*,*,#1971,.F.);
#2540=ORIENTED_EDGE('',*,*,#1970,.F.);
#2541=ORIENTED_EDGE('',*,*,#1795,.F.);
#2542=ORIENTED_EDGE('',*,*,#1972,.T.);
#2543=ORIENTED_EDGE('',*,*,#1973,.T.);
#2544=ORIENTED_EDGE('',*,*,#1974,.F.);
#2545=ORIENTED_EDGE('',*,*,#1807,.F.);
#2546=ORIENTED_EDGE('',*,*,#1975,.T.);
#2547=ORIENTED_EDGE('',*,*,#1976,.F.);
#2548=ORIENTED_EDGE('',*,*,#1977,.T.);
#2549=ORIENTED_EDGE('',*,*,#1811,.F.);
#2550=ORIENTED_EDGE('',*,*,#1978,.T.);
#2551=ORIENTED_EDGE('',*,*,#1979,.F.);
#2552=ORIENTED_EDGE('',*,*,#1980,.F.);
#2553=ORIENTED_EDGE('',*,*,#1823,.F.);
#2554=ORIENTED_EDGE('',*,*,#1981,.T.);
#2555=ORIENTED_EDGE('',*,*,#1982,.T.);
#2556=ORIENTED_EDGE('',*,*,#1983,.F.);
#2557=ORIENTED_EDGE('',*,*,#1819,.F.);
#2558=ORIENTED_EDGE('',*,*,#1984,.T.);
#2559=ORIENTED_EDGE('',*,*,#1964,.F.);
#2560=ORIENTED_EDGE('',*,*,#1985,.T.);
#2561=ORIENTED_EDGE('',*,*,#1799,.F.);
#2562=ORIENTED_EDGE('',*,*,#1986,.T.);
#2563=ORIENTED_EDGE('',*,*,#1987,.F.);
#2564=ORIENTED_EDGE('',*,*,#1988,.F.);
#2565=ORIENTED_EDGE('',*,*,#1989,.T.);
#2566=ORIENTED_EDGE('',*,*,#1990,.T.);
#2567=ORIENTED_EDGE('',*,*,#1991,.T.);
#2568=ORIENTED_EDGE('',*,*,#1992,.T.);
#2569=ORIENTED_EDGE('',*,*,#1993,.T.);
#2570=ORIENTED_EDGE('',*,*,#1941,.T.);
#2571=ORIENTED_EDGE('',*,*,#1939,.T.);
#2572=ORIENTED_EDGE('',*,*,#1937,.T.);
#2573=ORIENTED_EDGE('',*,*,#1935,.T.);
#2574=ORIENTED_EDGE('',*,*,#1931,.T.);
#2575=ORIENTED_EDGE('',*,*,#1933,.T.);
#2576=ORIENTED_EDGE('',*,*,#1929,.T.);
#2577=ORIENTED_EDGE('',*,*,#1927,.T.);
#2578=ORIENTED_EDGE('',*,*,#1925,.T.);
#2579=ORIENTED_EDGE('',*,*,#1923,.T.);
#2580=ORIENTED_EDGE('',*,*,#1920,.T.);
#2581=ORIENTED_EDGE('',*,*,#1919,.T.);
#2582=ORIENTED_EDGE('',*,*,#1917,.T.);
#2583=ORIENTED_EDGE('',*,*,#1914,.T.);
#2584=ORIENTED_EDGE('',*,*,#1960,.T.);
#2585=ORIENTED_EDGE('',*,*,#1959,.T.);
#2586=ORIENTED_EDGE('',*,*,#1956,.T.);
#2587=ORIENTED_EDGE('',*,*,#1955,.T.);
#2588=ORIENTED_EDGE('',*,*,#1953,.T.);
#2589=ORIENTED_EDGE('',*,*,#1951,.T.);
#2590=ORIENTED_EDGE('',*,*,#1949,.T.);
#2591=ORIENTED_EDGE('',*,*,#1947,.T.);
#2592=ORIENTED_EDGE('',*,*,#1944,.T.);
#2593=ORIENTED_EDGE('',*,*,#1943,.T.);
#2594=ORIENTED_EDGE('',*,*,#1994,.T.);
#2595=ORIENTED_EDGE('',*,*,#1868,.F.);
#2596=ORIENTED_EDGE('',*,*,#1995,.T.);
#2597=ORIENTED_EDGE('',*,*,#1996,.T.);
#2598=ORIENTED_EDGE('',*,*,#1997,.T.);
#2599=ORIENTED_EDGE('',*,*,#1871,.F.);
#2600=ORIENTED_EDGE('',*,*,#1998,.T.);
#2601=ORIENTED_EDGE('',*,*,#1999,.T.);
#2602=ORIENTED_EDGE('',*,*,#2000,.T.);
#2603=ORIENTED_EDGE('',*,*,#1996,.F.);
#2604=ORIENTED_EDGE('',*,*,#2001,.T.);
#2605=ORIENTED_EDGE('',*,*,#1999,.F.);
#2606=ORIENTED_EDGE('',*,*,#2002,.T.);
#2607=ORIENTED_EDGE('',*,*,#1966,.T.);
#2608=ORIENTED_EDGE('',*,*,#2003,.T.);
#2609=ORIENTED_EDGE('',*,*,#1817,.T.);
#2610=ORIENTED_EDGE('',*,*,#2004,.T.);
#2611=ORIENTED_EDGE('',*,*,#1971,.T.);
#2612=ORIENTED_EDGE('',*,*,#2005,.T.);
#2613=ORIENTED_EDGE('',*,*,#2006,.F.);
#2614=ORIENTED_EDGE('',*,*,#2006,.T.);
#2615=ORIENTED_EDGE('',*,*,#2007,.T.);
#2616=ORIENTED_EDGE('',*,*,#2008,.F.);
#2617=ORIENTED_EDGE('',*,*,#2007,.F.);
#2618=ORIENTED_EDGE('',*,*,#2009,.T.);
#2619=ORIENTED_EDGE('',*,*,#2010,.T.);
#2620=ORIENTED_EDGE('',*,*,#2011,.F.);
#2621=ORIENTED_EDGE('',*,*,#2010,.F.);
#2622=ORIENTED_EDGE('',*,*,#2008,.T.);
#2623=ORIENTED_EDGE('',*,*,#2009,.F.);
#2624=ORIENTED_EDGE('',*,*,#1984,.F.);
#2625=ORIENTED_EDGE('',*,*,#1818,.F.);
#2626=ORIENTED_EDGE('',*,*,#2003,.F.);
#2627=ORIENTED_EDGE('',*,*,#1965,.F.);
#2628=ORIENTED_EDGE('',*,*,#1995,.F.);
#2629=ORIENTED_EDGE('',*,*,#1864,.T.);
#2630=ORIENTED_EDGE('',*,*,#2000,.F.);
#2631=ORIENTED_EDGE('',*,*,#2001,.F.);
#2632=ORIENTED_EDGE('',*,*,#1862,.F.);
#2633=ORIENTED_EDGE('',*,*,#1997,.F.);
#2634=ORIENTED_EDGE('',*,*,#2004,.F.);
#2635=ORIENTED_EDGE('',*,*,#1816,.F.);
#2636=ORIENTED_EDGE('',*,*,#1874,.F.);
#2637=ORIENTED_EDGE('',*,*,#1967,.F.);
#2638=ORIENTED_EDGE('',*,*,#2002,.F.);
#2639=ORIENTED_EDGE('',*,*,#1998,.F.);
#2640=ORIENTED_EDGE('',*,*,#2005,.F.);
#2641=ORIENTED_EDGE('',*,*,#2012,.T.);
#2642=ORIENTED_EDGE('',*,*,#1990,.F.);
#2643=ORIENTED_EDGE('',*,*,#2012,.F.);
#2644=ORIENTED_EDGE('',*,*,#1968,.F.);
#2645=ORIENTED_EDGE('',*,*,#1969,.F.);
#2646=ORIENTED_EDGE('',*,*,#2013,.T.);
#2647=ORIENTED_EDGE('',*,*,#1989,.F.);
#2648=ORIENTED_EDGE('',*,*,#2013,.F.);
#2649=ORIENTED_EDGE('',*,*,#1839,.F.);
#2650=ORIENTED_EDGE('',*,*,#2014,.T.);
#2651=ORIENTED_EDGE('',*,*,#2015,.F.);
#2652=ORIENTED_EDGE('',*,*,#2016,.T.);
#2653=ORIENTED_EDGE('',*,*,#1976,.T.);
#2654=ORIENTED_EDGE('',*,*,#2017,.T.);
#2655=ORIENTED_EDGE('',*,*,#2018,.F.);
#2656=ORIENTED_EDGE('',*,*,#2019,.T.);
#2657=ORIENTED_EDGE('',*,*,#2020,.T.);
#2658=ORIENTED_EDGE('',*,*,#2021,.T.);
#2659=ORIENTED_EDGE('',*,*,#2022,.T.);
#2660=ORIENTED_EDGE('',*,*,#2023,.F.);
#2661=ORIENTED_EDGE('',*,*,#2022,.F.);
#2662=ORIENTED_EDGE('',*,*,#1848,.F.);
#2663=ORIENTED_EDGE('',*,*,#2024,.T.);
#2664=ORIENTED_EDGE('',*,*,#2025,.T.);
#2665=ORIENTED_EDGE('',*,*,#2026,.T.);
#2666=ORIENTED_EDGE('',*,*,#1854,.F.);
#2667=ORIENTED_EDGE('',*,*,#2027,.T.);
#2668=ORIENTED_EDGE('',*,*,#2028,.T.);
#2669=ORIENTED_EDGE('',*,*,#2029,.T.);
#2670=ORIENTED_EDGE('',*,*,#2025,.F.);
#2671=ORIENTED_EDGE('',*,*,#2030,.T.);
#2672=ORIENTED_EDGE('',*,*,#2028,.F.);
#2673=ORIENTED_EDGE('',*,*,#2031,.T.);
#2674=ORIENTED_EDGE('',*,*,#1813,.T.);
#2675=ORIENTED_EDGE('',*,*,#2032,.T.);
#2676=ORIENTED_EDGE('',*,*,#2015,.T.);
#2677=ORIENTED_EDGE('',*,*,#2033,.T.);
#2678=ORIENTED_EDGE('',*,*,#2023,.T.);
#2679=ORIENTED_EDGE('',*,*,#1977,.F.);
#2680=ORIENTED_EDGE('',*,*,#2016,.F.);
#2681=ORIENTED_EDGE('',*,*,#2032,.F.);
#2682=ORIENTED_EDGE('',*,*,#1812,.F.);
#2683=ORIENTED_EDGE('',*,*,#2024,.F.);
#2684=ORIENTED_EDGE('',*,*,#1850,.T.);
#2685=ORIENTED_EDGE('',*,*,#2029,.F.);
#2686=ORIENTED_EDGE('',*,*,#2030,.F.);
#2687=ORIENTED_EDGE('',*,*,#1845,.F.);
#2688=ORIENTED_EDGE('',*,*,#2026,.F.);
#2689=ORIENTED_EDGE('',*,*,#2033,.F.);
#2690=ORIENTED_EDGE('',*,*,#2014,.F.);
#2691=ORIENTED_EDGE('',*,*,#1857,.F.);
#2692=ORIENTED_EDGE('',*,*,#1814,.F.);
#2693=ORIENTED_EDGE('',*,*,#2031,.F.);
#2694=ORIENTED_EDGE('',*,*,#2027,.F.);
#2695=ORIENTED_EDGE('',*,*,#2020,.F.);
#2696=ORIENTED_EDGE('',*,*,#2021,.F.);
#2697=ORIENTED_EDGE('',*,*,#2034,.T.);
#2698=ORIENTED_EDGE('',*,*,#1991,.F.);
#2699=ORIENTED_EDGE('',*,*,#2034,.F.);
#2700=ORIENTED_EDGE('',*,*,#2035,.T.);
#2701=ORIENTED_EDGE('',*,*,#2036,.T.);
#2702=ORIENTED_EDGE('',*,*,#2037,.T.);
#2703=ORIENTED_EDGE('',*,*,#2038,.F.);
#2704=ORIENTED_EDGE('',*,*,#2037,.F.);
#2705=ORIENTED_EDGE('',*,*,#1900,.F.);
#2706=ORIENTED_EDGE('',*,*,#2039,.T.);
#2707=ORIENTED_EDGE('',*,*,#2040,.T.);
#2708=ORIENTED_EDGE('',*,*,#2041,.T.);
#2709=ORIENTED_EDGE('',*,*,#1906,.F.);
#2710=ORIENTED_EDGE('',*,*,#2042,.T.);
#2711=ORIENTED_EDGE('',*,*,#2043,.T.);
#2712=ORIENTED_EDGE('',*,*,#2044,.T.);
#2713=ORIENTED_EDGE('',*,*,#2040,.F.);
#2714=ORIENTED_EDGE('',*,*,#2045,.T.);
#2715=ORIENTED_EDGE('',*,*,#2043,.F.);
#2716=ORIENTED_EDGE('',*,*,#2046,.T.);
#2717=ORIENTED_EDGE('',*,*,#2018,.T.);
#2718=ORIENTED_EDGE('',*,*,#2047,.T.);
#2719=ORIENTED_EDGE('',*,*,#1805,.T.);
#2720=ORIENTED_EDGE('',*,*,#2048,.T.);
#2721=ORIENTED_EDGE('',*,*,#2038,.T.);
#2722=ORIENTED_EDGE('',*,*,#1975,.F.);
#2723=ORIENTED_EDGE('',*,*,#1806,.F.);
#2724=ORIENTED_EDGE('',*,*,#2047,.F.);
#2725=ORIENTED_EDGE('',*,*,#2017,.F.);
#2726=ORIENTED_EDGE('',*,*,#2039,.F.);
#2727=ORIENTED_EDGE('',*,*,#1902,.T.);
#2728=ORIENTED_EDGE('',*,*,#2044,.F.);
#2729=ORIENTED_EDGE('',*,*,#2045,.F.);
#2730=ORIENTED_EDGE('',*,*,#1897,.F.);
#2731=ORIENTED_EDGE('',*,*,#2041,.F.);
#2732=ORIENTED_EDGE('',*,*,#2048,.F.);
#2733=ORIENTED_EDGE('',*,*,#1804,.F.);
#2734=ORIENTED_EDGE('',*,*,#1908,.F.);
#2735=ORIENTED_EDGE('',*,*,#2019,.F.);
#2736=ORIENTED_EDGE('',*,*,#2046,.F.);
#2737=ORIENTED_EDGE('',*,*,#2042,.F.);
#2738=ORIENTED_EDGE('',*,*,#2035,.F.);
#2739=ORIENTED_EDGE('',*,*,#2036,.F.);
#2740=ORIENTED_EDGE('',*,*,#2049,.T.);
#2741=ORIENTED_EDGE('',*,*,#1992,.F.);
#2742=ORIENTED_EDGE('',*,*,#2049,.F.);
#2743=ORIENTED_EDGE('',*,*,#2050,.T.);
#2744=ORIENTED_EDGE('',*,*,#2051,.T.);
#2745=ORIENTED_EDGE('',*,*,#2052,.T.);
#2746=ORIENTED_EDGE('',*,*,#2053,.F.);
#2747=ORIENTED_EDGE('',*,*,#2052,.F.);
#2748=ORIENTED_EDGE('',*,*,#1883,.F.);
#2749=ORIENTED_EDGE('',*,*,#2054,.T.);
#2750=ORIENTED_EDGE('',*,*,#2055,.T.);
#2751=ORIENTED_EDGE('',*,*,#2056,.T.);
#2752=ORIENTED_EDGE('',*,*,#1889,.F.);
#2753=ORIENTED_EDGE('',*,*,#2057,.T.);
#2754=ORIENTED_EDGE('',*,*,#2058,.T.);
#2755=ORIENTED_EDGE('',*,*,#2059,.T.);
#2756=ORIENTED_EDGE('',*,*,#2055,.F.);
#2757=ORIENTED_EDGE('',*,*,#2060,.T.);
#2758=ORIENTED_EDGE('',*,*,#2058,.F.);
#2759=ORIENTED_EDGE('',*,*,#2061,.T.);
#2760=ORIENTED_EDGE('',*,*,#1801,.T.);
#2761=ORIENTED_EDGE('',*,*,#2062,.T.);
#2762=ORIENTED_EDGE('',*,*,#1962,.T.);
#2763=ORIENTED_EDGE('',*,*,#2063,.T.);
#2764=ORIENTED_EDGE('',*,*,#2053,.T.);
#2765=ORIENTED_EDGE('',*,*,#1985,.F.);
#2766=ORIENTED_EDGE('',*,*,#1963,.F.);
#2767=ORIENTED_EDGE('',*,*,#2062,.F.);
#2768=ORIENTED_EDGE('',*,*,#1800,.F.);
#2769=ORIENTED_EDGE('',*,*,#2054,.F.);
#2770=ORIENTED_EDGE('',*,*,#1885,.T.);
#2771=ORIENTED_EDGE('',*,*,#2059,.F.);
#2772=ORIENTED_EDGE('',*,*,#2060,.F.);
#2773=ORIENTED_EDGE('',*,*,#1880,.F.);
#2774=ORIENTED_EDGE('',*,*,#2056,.F.);
#2775=ORIENTED_EDGE('',*,*,#2063,.F.);
#2776=ORIENTED_EDGE('',*,*,#1961,.F.);
#2777=ORIENTED_EDGE('',*,*,#1892,.F.);
#2778=ORIENTED_EDGE('',*,*,#1802,.F.);
#2779=ORIENTED_EDGE('',*,*,#2061,.F.);
#2780=ORIENTED_EDGE('',*,*,#2057,.F.);
#2781=ORIENTED_EDGE('',*,*,#2050,.F.);
#2782=ORIENTED_EDGE('',*,*,#2051,.F.);
#2783=ORIENTED_EDGE('',*,*,#2064,.T.);
#2784=ORIENTED_EDGE('',*,*,#1993,.F.);
#2785=ORIENTED_EDGE('',*,*,#2064,.F.);
#2786=ORIENTED_EDGE('',*,*,#2011,.T.);
#2787=ORIENTED_EDGE('',*,*,#2065,.F.);
#2788=ORIENTED_EDGE('',*,*,#2066,.T.);
#2789=ORIENTED_EDGE('',*,*,#2067,.T.);
#2790=ORIENTED_EDGE('',*,*,#2068,.F.);
#2791=ORIENTED_EDGE('',*,*,#2067,.F.);
#2792=ORIENTED_EDGE('',*,*,#2065,.T.);
#2793=ORIENTED_EDGE('',*,*,#2069,.T.);
#2794=ORIENTED_EDGE('',*,*,#2070,.T.);
#2795=ORIENTED_EDGE('',*,*,#2071,.F.);
#2796=ORIENTED_EDGE('',*,*,#2072,.F.);
#2797=ORIENTED_EDGE('',*,*,#2073,.T.);
#2798=ORIENTED_EDGE('',*,*,#2074,.T.);
#2799=ORIENTED_EDGE('',*,*,#2069,.F.);
#2800=ORIENTED_EDGE('',*,*,#2075,.T.);
#2801=ORIENTED_EDGE('',*,*,#2066,.F.);
#2802=ORIENTED_EDGE('',*,*,#2068,.T.);
#2803=ORIENTED_EDGE('',*,*,#2076,.T.);
#2804=ORIENTED_EDGE('',*,*,#2077,.T.);
#2805=ORIENTED_EDGE('',*,*,#2078,.F.);
#2806=ORIENTED_EDGE('',*,*,#2077,.F.);
#2807=ORIENTED_EDGE('',*,*,#2079,.T.);
#2808=ORIENTED_EDGE('',*,*,#2080,.T.);
#2809=ORIENTED_EDGE('',*,*,#1994,.F.);
#2810=ORIENTED_EDGE('',*,*,#2080,.F.);
#2811=ORIENTED_EDGE('',*,*,#2079,.F.);
#2812=ORIENTED_EDGE('',*,*,#2078,.T.);
#2813=ORIENTED_EDGE('',*,*,#2076,.F.);
#2814=ORIENTED_EDGE('',*,*,#2081,.T.);
#2815=ORIENTED_EDGE('',*,*,#2082,.F.);
#2816=ORIENTED_EDGE('',*,*,#2082,.T.);
#2817=ORIENTED_EDGE('',*,*,#2083,.T.);
#2818=ORIENTED_EDGE('',*,*,#2081,.F.);
#2819=ORIENTED_EDGE('',*,*,#2083,.F.);
#2820=ORIENTED_EDGE('',*,*,#2084,.F.);
#2821=ORIENTED_EDGE('',*,*,#2070,.F.);
#2822=ORIENTED_EDGE('',*,*,#2085,.T.);
#2823=ORIENTED_EDGE('',*,*,#2075,.F.);
#2824=ORIENTED_EDGE('',*,*,#2085,.F.);
#2825=ORIENTED_EDGE('',*,*,#2074,.F.);
#2826=ORIENTED_EDGE('',*,*,#2072,.T.);
#2827=ORIENTED_EDGE('',*,*,#2086,.T.);
#2828=ORIENTED_EDGE('',*,*,#2084,.T.);
#2829=ORIENTED_EDGE('',*,*,#2073,.F.);
#2830=ORIENTED_EDGE('',*,*,#2086,.F.);
#2831=ORIENTED_EDGE('',*,*,#2071,.T.);
#2832=ORIENTED_EDGE('',*,*,#1910,.F.);
#2833=ORIENTED_EDGE('',*,*,#2087,.F.);
#2834=ORIENTED_EDGE('',*,*,#2088,.T.);
#2835=ORIENTED_EDGE('',*,*,#2089,.T.);
#2836=ORIENTED_EDGE('',*,*,#1842,.T.);
#2837=ORIENTED_EDGE('',*,*,#2090,.F.);
#2838=ORIENTED_EDGE('',*,*,#2091,.F.);
#2839=ORIENTED_EDGE('',*,*,#2087,.T.);
#2840=ORIENTED_EDGE('',*,*,#1912,.T.);
#2841=ORIENTED_EDGE('',*,*,#2092,.F.);
#2842=ORIENTED_EDGE('',*,*,#2093,.F.);
#2843=ORIENTED_EDGE('',*,*,#2090,.T.);
#2844=ORIENTED_EDGE('',*,*,#1911,.T.);
#2845=ORIENTED_EDGE('',*,*,#2089,.F.);
#2846=ORIENTED_EDGE('',*,*,#2094,.F.);
#2847=ORIENTED_EDGE('',*,*,#2092,.T.);
#2848=ORIENTED_EDGE('',*,*,#2095,.T.);
#2849=ORIENTED_EDGE('',*,*,#2096,.T.);
#2850=ORIENTED_EDGE('',*,*,#2097,.T.);
#2851=ORIENTED_EDGE('',*,*,#2096,.F.);
#2852=ORIENTED_EDGE('',*,*,#2088,.F.);
#2853=ORIENTED_EDGE('',*,*,#2091,.T.);
#2854=ORIENTED_EDGE('',*,*,#2093,.T.);
#2855=ORIENTED_EDGE('',*,*,#2094,.T.);
#2856=ORIENTED_EDGE('',*,*,#2095,.F.);
#2857=ORIENTED_EDGE('',*,*,#2097,.F.);
#2858=ORIENTED_EDGE('',*,*,#2098,.F.);
#2859=ORIENTED_EDGE('',*,*,#2099,.F.);
#2860=ORIENTED_EDGE('',*,*,#2100,.F.);
#2861=ORIENTED_EDGE('',*,*,#2101,.F.);
#2862=ORIENTED_EDGE('',*,*,#2101,.T.);
#2863=ORIENTED_EDGE('',*,*,#2102,.T.);
#2864=ORIENTED_EDGE('',*,*,#2103,.F.);
#2865=ORIENTED_EDGE('',*,*,#2102,.F.);
#2866=ORIENTED_EDGE('',*,*,#2103,.T.);
#2867=ORIENTED_EDGE('',*,*,#2104,.F.);
#2868=ORIENTED_EDGE('',*,*,#2100,.T.);
#2869=ORIENTED_EDGE('',*,*,#2105,.T.);
#2870=ORIENTED_EDGE('',*,*,#2106,.F.);
#2871=ORIENTED_EDGE('',*,*,#2105,.F.);
#2872=ORIENTED_EDGE('',*,*,#2106,.T.);
#2873=ORIENTED_EDGE('',*,*,#2107,.F.);
#2874=ORIENTED_EDGE('',*,*,#2099,.T.);
#2875=ORIENTED_EDGE('',*,*,#2108,.T.);
#2876=ORIENTED_EDGE('',*,*,#2109,.F.);
#2877=ORIENTED_EDGE('',*,*,#2108,.F.);
#2878=ORIENTED_EDGE('',*,*,#2109,.T.);
#2879=ORIENTED_EDGE('',*,*,#2110,.F.);
#2880=ORIENTED_EDGE('',*,*,#2098,.T.);
#2881=ORIENTED_EDGE('',*,*,#2111,.T.);
#2882=ORIENTED_EDGE('',*,*,#2112,.F.);
#2883=ORIENTED_EDGE('',*,*,#2111,.F.);
#2884=ORIENTED_EDGE('',*,*,#2112,.T.);
#2885=ORIENTED_EDGE('',*,*,#2113,.F.);
#2886=ORIENTED_EDGE('',*,*,#2104,.T.);
#2887=ORIENTED_EDGE('',*,*,#2114,.T.);
#2888=ORIENTED_EDGE('',*,*,#2115,.F.);
#2889=ORIENTED_EDGE('',*,*,#2114,.F.);
#2890=ORIENTED_EDGE('',*,*,#2115,.T.);
#2891=ORIENTED_EDGE('',*,*,#2107,.T.);
#2892=ORIENTED_EDGE('',*,*,#2116,.T.);
#2893=ORIENTED_EDGE('',*,*,#2117,.F.);
#2894=ORIENTED_EDGE('',*,*,#2116,.F.);
#2895=ORIENTED_EDGE('',*,*,#2117,.T.);
#2896=ORIENTED_EDGE('',*,*,#2110,.T.);
#2897=ORIENTED_EDGE('',*,*,#2118,.T.);
#2898=ORIENTED_EDGE('',*,*,#2119,.F.);
#2899=ORIENTED_EDGE('',*,*,#2118,.F.);
#2900=ORIENTED_EDGE('',*,*,#2119,.T.);
#2901=ORIENTED_EDGE('',*,*,#2113,.T.);
#2902=ORIENTED_EDGE('',*,*,#2120,.T.);
#2903=ORIENTED_EDGE('',*,*,#2121,.F.);
#2904=ORIENTED_EDGE('',*,*,#2120,.F.);
#2905=ORIENTED_EDGE('',*,*,#2121,.T.);
#2906=ORIENTED_EDGE('',*,*,#1981,.F.);
#2907=ORIENTED_EDGE('',*,*,#1822,.F.);
#2908=ORIENTED_EDGE('',*,*,#2122,.T.);
#2909=ORIENTED_EDGE('',*,*,#2123,.T.);
#2910=ORIENTED_EDGE('',*,*,#1983,.T.);
#2911=ORIENTED_EDGE('',*,*,#2124,.F.);
#2912=ORIENTED_EDGE('',*,*,#2125,.F.);
#2913=ORIENTED_EDGE('',*,*,#1820,.T.);
#2914=ORIENTED_EDGE('',*,*,#1982,.F.);
#2915=ORIENTED_EDGE('',*,*,#2123,.F.);
#2916=ORIENTED_EDGE('',*,*,#2126,.T.);
#2917=ORIENTED_EDGE('',*,*,#2124,.T.);
#2918=ORIENTED_EDGE('',*,*,#2122,.F.);
#2919=ORIENTED_EDGE('',*,*,#1821,.F.);
#2920=ORIENTED_EDGE('',*,*,#2125,.T.);
#2921=ORIENTED_EDGE('',*,*,#2126,.F.);
#2922=ORIENTED_EDGE('',*,*,#2127,.F.);
#2923=ORIENTED_EDGE('',*,*,#2127,.T.);
#2924=ORIENTED_EDGE('',*,*,#2128,.T.);
#2925=ORIENTED_EDGE('',*,*,#1825,.T.);
#2926=ORIENTED_EDGE('',*,*,#2128,.F.);
#2927=ORIENTED_EDGE('',*,*,#1826,.F.);
#2928=ORIENTED_EDGE('',*,*,#2129,.F.);
#2929=ORIENTED_EDGE('',*,*,#2130,.T.);
#2930=ORIENTED_EDGE('',*,*,#2131,.T.);
#2931=ORIENTED_EDGE('',*,*,#1837,.T.);
#2932=ORIENTED_EDGE('',*,*,#2132,.F.);
#2933=ORIENTED_EDGE('',*,*,#2133,.F.);
#2934=ORIENTED_EDGE('',*,*,#2129,.T.);
#2935=ORIENTED_EDGE('',*,*,#1836,.F.);
#2936=ORIENTED_EDGE('',*,*,#2134,.F.);
#2937=ORIENTED_EDGE('',*,*,#2135,.T.);
#2938=ORIENTED_EDGE('',*,*,#2132,.T.);
#2939=ORIENTED_EDGE('',*,*,#1835,.F.);
#2940=ORIENTED_EDGE('',*,*,#2136,.F.);
#2941=ORIENTED_EDGE('',*,*,#2137,.T.);
#2942=ORIENTED_EDGE('',*,*,#2134,.T.);
#2943=ORIENTED_EDGE('',*,*,#1834,.T.);
#2944=ORIENTED_EDGE('',*,*,#2138,.F.);
#2945=ORIENTED_EDGE('',*,*,#2139,.F.);
#2946=ORIENTED_EDGE('',*,*,#2136,.T.);
#2947=ORIENTED_EDGE('',*,*,#1833,.T.);
#2948=ORIENTED_EDGE('',*,*,#2140,.F.);
#2949=ORIENTED_EDGE('',*,*,#2141,.F.);
#2950=ORIENTED_EDGE('',*,*,#2138,.T.);
#2951=ORIENTED_EDGE('',*,*,#1832,.T.);
#2952=ORIENTED_EDGE('',*,*,#2142,.F.);
#2953=ORIENTED_EDGE('',*,*,#2143,.F.);
#2954=ORIENTED_EDGE('',*,*,#2140,.T.);
#2955=ORIENTED_EDGE('',*,*,#1831,.F.);
#2956=ORIENTED_EDGE('',*,*,#2144,.F.);
#2957=ORIENTED_EDGE('',*,*,#2145,.T.);
#2958=ORIENTED_EDGE('',*,*,#2142,.T.);
#2959=ORIENTED_EDGE('',*,*,#1830,.T.);
#2960=ORIENTED_EDGE('',*,*,#2146,.F.);
#2961=ORIENTED_EDGE('',*,*,#2147,.F.);
#2962=ORIENTED_EDGE('',*,*,#2144,.T.);
#2963=ORIENTED_EDGE('',*,*,#1829,.T.);
#2964=ORIENTED_EDGE('',*,*,#2148,.F.);
#2965=ORIENTED_EDGE('',*,*,#2149,.F.);
#2966=ORIENTED_EDGE('',*,*,#2146,.T.);
#2967=ORIENTED_EDGE('',*,*,#1828,.F.);
#2968=ORIENTED_EDGE('',*,*,#2150,.F.);
#2969=ORIENTED_EDGE('',*,*,#2151,.T.);
#2970=ORIENTED_EDGE('',*,*,#2148,.T.);
#2971=ORIENTED_EDGE('',*,*,#1827,.F.);
#2972=ORIENTED_EDGE('',*,*,#2131,.F.);
#2973=ORIENTED_EDGE('',*,*,#2152,.T.);
#2974=ORIENTED_EDGE('',*,*,#2150,.T.);
#2975=ORIENTED_EDGE('',*,*,#2130,.F.);
#2976=ORIENTED_EDGE('',*,*,#2133,.T.);
#2977=ORIENTED_EDGE('',*,*,#2135,.F.);
#2978=ORIENTED_EDGE('',*,*,#2137,.F.);
#2979=ORIENTED_EDGE('',*,*,#2139,.T.);
#2980=ORIENTED_EDGE('',*,*,#2141,.T.);
#2981=ORIENTED_EDGE('',*,*,#2143,.T.);
#2982=ORIENTED_EDGE('',*,*,#2145,.F.);
#2983=ORIENTED_EDGE('',*,*,#2147,.T.);
#2984=ORIENTED_EDGE('',*,*,#2149,.T.);
#2985=ORIENTED_EDGE('',*,*,#2151,.F.);
#2986=ORIENTED_EDGE('',*,*,#2152,.F.);
#2987=ORIENTED_EDGE('',*,*,#1980,.T.);
#2988=ORIENTED_EDGE('',*,*,#2153,.F.);
#2989=ORIENTED_EDGE('',*,*,#2154,.F.);
#2990=ORIENTED_EDGE('',*,*,#1824,.T.);
#2991=ORIENTED_EDGE('',*,*,#1979,.T.);
#2992=ORIENTED_EDGE('',*,*,#2155,.F.);
#2993=ORIENTED_EDGE('',*,*,#2156,.F.);
#2994=ORIENTED_EDGE('',*,*,#2153,.T.);
#2995=ORIENTED_EDGE('',*,*,#1978,.F.);
#2996=ORIENTED_EDGE('',*,*,#1810,.F.);
#2997=ORIENTED_EDGE('',*,*,#2157,.T.);
#2998=ORIENTED_EDGE('',*,*,#2155,.T.);
#2999=ORIENTED_EDGE('',*,*,#2154,.T.);
#3000=ORIENTED_EDGE('',*,*,#2156,.T.);
#3001=ORIENTED_EDGE('',*,*,#2157,.F.);
#3002=ORIENTED_EDGE('',*,*,#1809,.T.);
#3003=ORIENTED_EDGE('',*,*,#2158,.F.);
#3004=ORIENTED_EDGE('',*,*,#2158,.T.);
#3005=ORIENTED_EDGE('',*,*,#2159,.T.);
#3006=ORIENTED_EDGE('',*,*,#2160,.F.);
#3007=ORIENTED_EDGE('',*,*,#2159,.F.);
#3008=ORIENTED_EDGE('',*,*,#2160,.T.);
#3009=ORIENTED_EDGE('',*,*,#2161,.F.);
#3010=ORIENTED_EDGE('',*,*,#2162,.F.);
#3011=ORIENTED_EDGE('',*,*,#2163,.T.);
#3012=ORIENTED_EDGE('',*,*,#2164,.F.);
#3013=ORIENTED_EDGE('',*,*,#2165,.F.);
#3014=ORIENTED_EDGE('',*,*,#2166,.T.);
#3015=ORIENTED_EDGE('',*,*,#2167,.T.);
#3016=ORIENTED_EDGE('',*,*,#2168,.T.);
#3017=ORIENTED_EDGE('',*,*,#2169,.F.);
#3018=ORIENTED_EDGE('',*,*,#2170,.T.);
#3019=ORIENTED_EDGE('',*,*,#2171,.T.);
#3020=ORIENTED_EDGE('',*,*,#2172,.F.);
#3021=ORIENTED_EDGE('',*,*,#2162,.T.);
#3022=ORIENTED_EDGE('',*,*,#2173,.F.);
#3023=ORIENTED_EDGE('',*,*,#2174,.F.);
#3024=ORIENTED_EDGE('',*,*,#2175,.T.);
#3025=ORIENTED_EDGE('',*,*,#2161,.T.);
#3026=ORIENTED_EDGE('',*,*,#2176,.F.);
#3027=ORIENTED_EDGE('',*,*,#2177,.F.);
#3028=ORIENTED_EDGE('',*,*,#2173,.T.);
#3029=ORIENTED_EDGE('',*,*,#2172,.T.);
#3030=ORIENTED_EDGE('',*,*,#2178,.F.);
#3031=ORIENTED_EDGE('',*,*,#2179,.F.);
#3032=ORIENTED_EDGE('',*,*,#2176,.T.);
#3033=ORIENTED_EDGE('',*,*,#2171,.F.);
#3034=ORIENTED_EDGE('',*,*,#2180,.F.);
#3035=ORIENTED_EDGE('',*,*,#2181,.T.);
#3036=ORIENTED_EDGE('',*,*,#2178,.T.);
#3037=ORIENTED_EDGE('',*,*,#2170,.F.);
#3038=ORIENTED_EDGE('',*,*,#2182,.F.);
#3039=ORIENTED_EDGE('',*,*,#2183,.T.);
#3040=ORIENTED_EDGE('',*,*,#2180,.T.);
#3041=ORIENTED_EDGE('',*,*,#2169,.T.);
#3042=ORIENTED_EDGE('',*,*,#2184,.F.);
#3043=ORIENTED_EDGE('',*,*,#2185,.F.);
#3044=ORIENTED_EDGE('',*,*,#2182,.T.);
#3045=ORIENTED_EDGE('',*,*,#2168,.F.);
#3046=ORIENTED_EDGE('',*,*,#2186,.F.);
#3047=ORIENTED_EDGE('',*,*,#2187,.T.);
#3048=ORIENTED_EDGE('',*,*,#2184,.T.);
#3049=ORIENTED_EDGE('',*,*,#2167,.F.);
#3050=ORIENTED_EDGE('',*,*,#2188,.F.);
#3051=ORIENTED_EDGE('',*,*,#2189,.T.);
#3052=ORIENTED_EDGE('',*,*,#2186,.T.);
#3053=ORIENTED_EDGE('',*,*,#2166,.F.);
#3054=ORIENTED_EDGE('',*,*,#2190,.F.);
#3055=ORIENTED_EDGE('',*,*,#2191,.T.);
#3056=ORIENTED_EDGE('',*,*,#2188,.T.);
#3057=ORIENTED_EDGE('',*,*,#2165,.T.);
#3058=ORIENTED_EDGE('',*,*,#2192,.F.);
#3059=ORIENTED_EDGE('',*,*,#2193,.F.);
#3060=ORIENTED_EDGE('',*,*,#2190,.T.);
#3061=ORIENTED_EDGE('',*,*,#2164,.T.);
#3062=ORIENTED_EDGE('',*,*,#2194,.F.);
#3063=ORIENTED_EDGE('',*,*,#2195,.F.);
#3064=ORIENTED_EDGE('',*,*,#2192,.T.);
#3065=ORIENTED_EDGE('',*,*,#2163,.F.);
#3066=ORIENTED_EDGE('',*,*,#2175,.F.);
#3067=ORIENTED_EDGE('',*,*,#2196,.T.);
#3068=ORIENTED_EDGE('',*,*,#2194,.T.);
#3069=ORIENTED_EDGE('',*,*,#2174,.T.);
#3070=ORIENTED_EDGE('',*,*,#2177,.T.);
#3071=ORIENTED_EDGE('',*,*,#2179,.T.);
#3072=ORIENTED_EDGE('',*,*,#2181,.F.);
#3073=ORIENTED_EDGE('',*,*,#2183,.F.);
#3074=ORIENTED_EDGE('',*,*,#2185,.T.);
#3075=ORIENTED_EDGE('',*,*,#2187,.F.);
#3076=ORIENTED_EDGE('',*,*,#2189,.F.);
#3077=ORIENTED_EDGE('',*,*,#2191,.F.);
#3078=ORIENTED_EDGE('',*,*,#2193,.T.);
#3079=ORIENTED_EDGE('',*,*,#2195,.T.);
#3080=ORIENTED_EDGE('',*,*,#2196,.F.);
#3081=ORIENTED_EDGE('',*,*,#1988,.T.);
#3082=ORIENTED_EDGE('',*,*,#2197,.F.);
#3083=ORIENTED_EDGE('',*,*,#2198,.F.);
#3084=ORIENTED_EDGE('',*,*,#1796,.T.);
#3085=ORIENTED_EDGE('',*,*,#1987,.T.);
#3086=ORIENTED_EDGE('',*,*,#2199,.F.);
#3087=ORIENTED_EDGE('',*,*,#2200,.F.);
#3088=ORIENTED_EDGE('',*,*,#2197,.T.);
#3089=ORIENTED_EDGE('',*,*,#1986,.F.);
#3090=ORIENTED_EDGE('',*,*,#1798,.F.);
#3091=ORIENTED_EDGE('',*,*,#2201,.T.);
#3092=ORIENTED_EDGE('',*,*,#2199,.T.);
#3093=ORIENTED_EDGE('',*,*,#2198,.T.);
#3094=ORIENTED_EDGE('',*,*,#2200,.T.);
#3095=ORIENTED_EDGE('',*,*,#2201,.F.);
#3096=ORIENTED_EDGE('',*,*,#1797,.T.);
#3097=ORIENTED_EDGE('',*,*,#2202,.F.);
#3098=ORIENTED_EDGE('',*,*,#2202,.T.);
#3099=ORIENTED_EDGE('',*,*,#2203,.T.);
#3100=ORIENTED_EDGE('',*,*,#2204,.F.);
#3101=ORIENTED_EDGE('',*,*,#2203,.F.);
#3102=ORIENTED_EDGE('',*,*,#2204,.T.);
#3103=ORIENTED_EDGE('',*,*,#2205,.F.);
#3104=ORIENTED_EDGE('',*,*,#2206,.F.);
#3105=ORIENTED_EDGE('',*,*,#2207,.T.);
#3106=ORIENTED_EDGE('',*,*,#2208,.F.);
#3107=ORIENTED_EDGE('',*,*,#2209,.F.);
#3108=ORIENTED_EDGE('',*,*,#2210,.T.);
#3109=ORIENTED_EDGE('',*,*,#2211,.T.);
#3110=ORIENTED_EDGE('',*,*,#2212,.T.);
#3111=ORIENTED_EDGE('',*,*,#2213,.F.);
#3112=ORIENTED_EDGE('',*,*,#2214,.T.);
#3113=ORIENTED_EDGE('',*,*,#2215,.T.);
#3114=ORIENTED_EDGE('',*,*,#2216,.F.);
#3115=ORIENTED_EDGE('',*,*,#2206,.T.);
#3116=ORIENTED_EDGE('',*,*,#2217,.F.);
#3117=ORIENTED_EDGE('',*,*,#2218,.F.);
#3118=ORIENTED_EDGE('',*,*,#2219,.T.);
#3119=ORIENTED_EDGE('',*,*,#2205,.T.);
#3120=ORIENTED_EDGE('',*,*,#2220,.F.);
#3121=ORIENTED_EDGE('',*,*,#2221,.F.);
#3122=ORIENTED_EDGE('',*,*,#2217,.T.);
#3123=ORIENTED_EDGE('',*,*,#2216,.T.);
#3124=ORIENTED_EDGE('',*,*,#2222,.F.);
#3125=ORIENTED_EDGE('',*,*,#2223,.F.);
#3126=ORIENTED_EDGE('',*,*,#2220,.T.);
#3127=ORIENTED_EDGE('',*,*,#2215,.F.);
#3128=ORIENTED_EDGE('',*,*,#2224,.F.);
#3129=ORIENTED_EDGE('',*,*,#2225,.T.);
#3130=ORIENTED_EDGE('',*,*,#2222,.T.);
#3131=ORIENTED_EDGE('',*,*,#2214,.F.);
#3132=ORIENTED_EDGE('',*,*,#2226,.F.);
#3133=ORIENTED_EDGE('',*,*,#2227,.T.);
#3134=ORIENTED_EDGE('',*,*,#2224,.T.);
#3135=ORIENTED_EDGE('',*,*,#2213,.T.);
#3136=ORIENTED_EDGE('',*,*,#2228,.F.);
#3137=ORIENTED_EDGE('',*,*,#2229,.F.);
#3138=ORIENTED_EDGE('',*,*,#2226,.T.);
#3139=ORIENTED_EDGE('',*,*,#2212,.F.);
#3140=ORIENTED_EDGE('',*,*,#2230,.F.);
#3141=ORIENTED_EDGE('',*,*,#2231,.T.);
#3142=ORIENTED_EDGE('',*,*,#2228,.T.);
#3143=ORIENTED_EDGE('',*,*,#2211,.F.);
#3144=ORIENTED_EDGE('',*,*,#2232,.F.);
#3145=ORIENTED_EDGE('',*,*,#2233,.T.);
#3146=ORIENTED_EDGE('',*,*,#2230,.T.);
#3147=ORIENTED_EDGE('',*,*,#2210,.F.);
#3148=ORIENTED_EDGE('',*,*,#2234,.F.);
#3149=ORIENTED_EDGE('',*,*,#2235,.T.);
#3150=ORIENTED_EDGE('',*,*,#2232,.T.);
#3151=ORIENTED_EDGE('',*,*,#2209,.T.);
#3152=ORIENTED_EDGE('',*,*,#2236,.F.);
#3153=ORIENTED_EDGE('',*,*,#2237,.F.);
#3154=ORIENTED_EDGE('',*,*,#2234,.T.);
#3155=ORIENTED_EDGE('',*,*,#2208,.T.);
#3156=ORIENTED_EDGE('',*,*,#2238,.F.);
#3157=ORIENTED_EDGE('',*,*,#2239,.F.);
#3158=ORIENTED_EDGE('',*,*,#2236,.T.);
#3159=ORIENTED_EDGE('',*,*,#2207,.F.);
#3160=ORIENTED_EDGE('',*,*,#2219,.F.);
#3161=ORIENTED_EDGE('',*,*,#2240,.T.);
#3162=ORIENTED_EDGE('',*,*,#2238,.T.);
#3163=ORIENTED_EDGE('',*,*,#2218,.T.);
#3164=ORIENTED_EDGE('',*,*,#2221,.T.);
#3165=ORIENTED_EDGE('',*,*,#2223,.T.);
#3166=ORIENTED_EDGE('',*,*,#2225,.F.);
#3167=ORIENTED_EDGE('',*,*,#2227,.F.);
#3168=ORIENTED_EDGE('',*,*,#2229,.T.);
#3169=ORIENTED_EDGE('',*,*,#2231,.F.);
#3170=ORIENTED_EDGE('',*,*,#2233,.F.);
#3171=ORIENTED_EDGE('',*,*,#2235,.F.);
#3172=ORIENTED_EDGE('',*,*,#2237,.T.);
#3173=ORIENTED_EDGE('',*,*,#2239,.T.);
#3174=ORIENTED_EDGE('',*,*,#2240,.F.);
#3175=ORIENTED_EDGE('',*,*,#1972,.F.);
#3176=ORIENTED_EDGE('',*,*,#1794,.F.);
#3177=ORIENTED_EDGE('',*,*,#2241,.T.);
#3178=ORIENTED_EDGE('',*,*,#2242,.T.);
#3179=ORIENTED_EDGE('',*,*,#1974,.T.);
#3180=ORIENTED_EDGE('',*,*,#2243,.F.);
#3181=ORIENTED_EDGE('',*,*,#2244,.F.);
#3182=ORIENTED_EDGE('',*,*,#1808,.T.);
#3183=ORIENTED_EDGE('',*,*,#1973,.F.);
#3184=ORIENTED_EDGE('',*,*,#2242,.F.);
#3185=ORIENTED_EDGE('',*,*,#2245,.T.);
#3186=ORIENTED_EDGE('',*,*,#2243,.T.);
#3187=ORIENTED_EDGE('',*,*,#2241,.F.);
#3188=ORIENTED_EDGE('',*,*,#1793,.F.);
#3189=ORIENTED_EDGE('',*,*,#2244,.T.);
#3190=ORIENTED_EDGE('',*,*,#2245,.F.);
#3191=ORIENTED_EDGE('',*,*,#2246,.F.);
#3192=ORIENTED_EDGE('',*,*,#2246,.T.);
#3193=ORIENTED_EDGE('',*,*,#2247,.T.);
#3194=ORIENTED_EDGE('',*,*,#1780,.T.);
#3195=ORIENTED_EDGE('',*,*,#2247,.F.);
#3196=ORIENTED_EDGE('',*,*,#1781,.F.);
#3197=ORIENTED_EDGE('',*,*,#2248,.F.);
#3198=ORIENTED_EDGE('',*,*,#2249,.T.);
#3199=ORIENTED_EDGE('',*,*,#2250,.T.);
#3200=ORIENTED_EDGE('',*,*,#1792,.T.);
#3201=ORIENTED_EDGE('',*,*,#2251,.F.);
#3202=ORIENTED_EDGE('',*,*,#2252,.F.);
#3203=ORIENTED_EDGE('',*,*,#2248,.T.);
#3204=ORIENTED_EDGE('',*,*,#1791,.F.);
#3205=ORIENTED_EDGE('',*,*,#2253,.F.);
#3206=ORIENTED_EDGE('',*,*,#2254,.T.);
#3207=ORIENTED_EDGE('',*,*,#2251,.T.);
#3208=ORIENTED_EDGE('',*,*,#1790,.F.);
#3209=ORIENTED_EDGE('',*,*,#2255,.F.);
#3210=ORIENTED_EDGE('',*,*,#2256,.T.);
#3211=ORIENTED_EDGE('',*,*,#2253,.T.);
#3212=ORIENTED_EDGE('',*,*,#1789,.T.);
#3213=ORIENTED_EDGE('',*,*,#2257,.F.);
#3214=ORIENTED_EDGE('',*,*,#2258,.F.);
#3215=ORIENTED_EDGE('',*,*,#2255,.T.);
#3216=ORIENTED_EDGE('',*,*,#1788,.T.);
#3217=ORIENTED_EDGE('',*,*,#2259,.F.);
#3218=ORIENTED_EDGE('',*,*,#2260,.F.);
#3219=ORIENTED_EDGE('',*,*,#2257,.T.);
#3220=ORIENTED_EDGE('',*,*,#1787,.T.);
#3221=ORIENTED_EDGE('',*,*,#2261,.F.);
#3222=ORIENTED_EDGE('',*,*,#2262,.F.);
#3223=ORIENTED_EDGE('',*,*,#2259,.T.);
#3224=ORIENTED_EDGE('',*,*,#1786,.F.);
#3225=ORIENTED_EDGE('',*,*,#2263,.F.);
#3226=ORIENTED_EDGE('',*,*,#2264,.T.);
#3227=ORIENTED_EDGE('',*,*,#2261,.T.);
#3228=ORIENTED_EDGE('',*,*,#1785,.T.);
#3229=ORIENTED_EDGE('',*,*,#2265,.F.);
#3230=ORIENTED_EDGE('',*,*,#2266,.F.);
#3231=ORIENTED_EDGE('',*,*,#2263,.T.);
#3232=ORIENTED_EDGE('',*,*,#1784,.T.);
#3233=ORIENTED_EDGE('',*,*,#2267,.F.);
#3234=ORIENTED_EDGE('',*,*,#2268,.F.);
#3235=ORIENTED_EDGE('',*,*,#2265,.T.);
#3236=ORIENTED_EDGE('',*,*,#1783,.F.);
#3237=ORIENTED_EDGE('',*,*,#2269,.F.);
#3238=ORIENTED_EDGE('',*,*,#2270,.T.);
#3239=ORIENTED_EDGE('',*,*,#2267,.T.);
#3240=ORIENTED_EDGE('',*,*,#1782,.F.);
#3241=ORIENTED_EDGE('',*,*,#2250,.F.);
#3242=ORIENTED_EDGE('',*,*,#2271,.T.);
#3243=ORIENTED_EDGE('',*,*,#2269,.T.);
#3244=ORIENTED_EDGE('',*,*,#2249,.F.);
#3245=ORIENTED_EDGE('',*,*,#2252,.T.);
#3246=ORIENTED_EDGE('',*,*,#2254,.F.);
#3247=ORIENTED_EDGE('',*,*,#2256,.F.);
#3248=ORIENTED_EDGE('',*,*,#2258,.T.);
#3249=ORIENTED_EDGE('',*,*,#2260,.T.);
#3250=ORIENTED_EDGE('',*,*,#2262,.T.);
#3251=ORIENTED_EDGE('',*,*,#2264,.F.);
#3252=ORIENTED_EDGE('',*,*,#2266,.T.);
#3253=ORIENTED_EDGE('',*,*,#2268,.T.);
#3254=ORIENTED_EDGE('',*,*,#2270,.F.);
#3255=ORIENTED_EDGE('',*,*,#2271,.F.);
#3256=PLANE('',#3603);
#3257=PLANE('',#3605);
#3258=PLANE('',#3606);
#3259=PLANE('',#3607);
#3260=PLANE('',#3609);
#3261=PLANE('',#3613);
#3262=PLANE('',#3617);
#3263=PLANE('',#3621);
#3264=PLANE('',#3628);
#3265=PLANE('',#3629);
#3266=PLANE('',#3633);
#3267=PLANE('',#3637);
#3268=PLANE('',#3641);
#3269=PLANE('',#3645);
#3270=PLANE('',#3649);
#3271=PLANE('',#3653);
#3272=PLANE('',#3657);
#3273=PLANE('',#3661);
#3274=PLANE('',#3664);
#3275=PLANE('',#3667);
#3276=PLANE('',#3672);
#3277=PLANE('',#3673);
#3278=PLANE('',#3676);
#3279=PLANE('',#3679);
#3280=PLANE('',#3682);
#3281=PLANE('',#3685);
#3282=PLANE('',#3688);
#3283=PLANE('',#3691);
#3284=PLANE('',#3694);
#3285=PLANE('',#3699);
#3286=PLANE('',#3721);
#3287=PLANE('',#3723);
#3288=PLANE('',#3724);
#3289=PLANE('',#3725);
#3290=PLANE('',#3730);
#3291=PLANE('',#3738);
#3292=PLANE('',#3745);
#3293=PLANE('',#3750);
#3294=PLANE('',#3751);
#3295=PLANE('',#3752);
#3296=PLANE('',#3766);
#3297=PLANE('',#3767);
#3298=PLANE('',#3768);
#3299=PLANE('',#3782);
#3300=PLANE('',#3783);
#3301=PLANE('',#3784);
#3302=PLANE('',#3794);
#3303=PLANE('',#3803);
#3304=PLANE('',#3805);
#3305=PLANE('',#3811);
#3306=PLANE('',#3812);
#3307=PLANE('',#3814);
#3308=PLANE('',#3818);
#3309=PLANE('',#3819);
#3310=PLANE('',#3820);
#3311=PLANE('',#3821);
#3312=PLANE('',#3822);
#3313=PLANE('',#3828);
#3314=PLANE('',#3829);
#3315=PLANE('',#3836);
#3316=PLANE('',#3840);
#3317=PLANE('',#3844);
#3318=PLANE('',#3848);
#3319=PLANE('',#3852);
#3320=PLANE('',#3855);
#3321=PLANE('',#3858);
#3322=PLANE('',#3861);
#3323=PLANE('',#3868);
#3324=PLANE('',#3872);
#3325=PLANE('',#3873);
#3326=PLANE('',#3874);
#3327=PLANE('',#3875);
#3328=PLANE('',#3876);
#3329=PLANE('',#3877);
#3330=PLANE('',#3878);
#3331=PLANE('',#3879);
#3332=PLANE('',#3880);
#3333=PLANE('',#3881);
#3334=PLANE('',#3882);
#3335=PLANE('',#3883);
#3336=PLANE('',#3884);
#3337=PLANE('',#3891);
#3338=PLANE('',#3896);
#3339=PLANE('',#3897);
#3340=PLANE('',#3898);
#3341=PLANE('',#3899);
#3342=PLANE('',#3900);
#3343=PLANE('',#3901);
#3344=PLANE('',#3902);
#3345=PLANE('',#3903);
#3346=PLANE('',#3904);
#3347=PLANE('',#3905);
#3348=PLANE('',#3906);
#3349=PLANE('',#3907);
#3350=PLANE('',#3908);
#3351=PLANE('',#3909);
#3352=PLANE('',#3916);
#3353=PLANE('',#3921);
#3354=PLANE('',#3922);
#3355=PLANE('',#3923);
#3356=PLANE('',#3924);
#3357=PLANE('',#3925);
#3358=PLANE('',#3926);
#3359=PLANE('',#3927);
#3360=PLANE('',#3928);
#3361=PLANE('',#3929);
#3362=PLANE('',#3930);
#3363=PLANE('',#3931);
#3364=PLANE('',#3932);
#3365=PLANE('',#3933);
#3366=PLANE('',#3934);
#3367=PLANE('',#3941);
#3368=PLANE('',#3945);
#3369=PLANE('',#3946);
#3370=PLANE('',#3947);
#3371=PLANE('',#3948);
#3372=PLANE('',#3949);
#3373=PLANE('',#3950);
#3374=PLANE('',#3951);
#3375=PLANE('',#3952);
#3376=PLANE('',#3953);
#3377=PLANE('',#3954);
#3378=PLANE('',#3955);
#3379=PLANE('',#3956);
#3380=PLANE('',#3957);
#3381=ADVANCED_FACE('',(#873,#152),#3256,.F.);
#3382=ADVANCED_FACE('',(#874),#3257,.T.);
#3383=ADVANCED_FACE('',(#875),#3258,.T.);
#3384=ADVANCED_FACE('',(#876,#153),#3259,.F.);
#3385=ADVANCED_FACE('',(#877),#3260,.T.);
#3386=ADVANCED_FACE('',(#878),#25,.T.);
#3387=ADVANCED_FACE('',(#879),#3261,.T.);
#3388=ADVANCED_FACE('',(#880),#26,.F.);
#3389=ADVANCED_FACE('',(#881),#3262,.T.);
#3390=ADVANCED_FACE('',(#882),#27,.T.);
#3391=ADVANCED_FACE('',(#883),#3263,.T.);
#3392=ADVANCED_FACE('',(#884),#28,.T.);
#3393=ADVANCED_FACE('',(#885),#29,.F.);
#3394=ADVANCED_FACE('',(#886),#3264,.T.);
#3395=ADVANCED_FACE('',(#887),#3265,.T.);
#3396=ADVANCED_FACE('',(#888),#30,.T.);
#3397=ADVANCED_FACE('',(#889),#3266,.T.);
#3398=ADVANCED_FACE('',(#890),#31,.T.);
#3399=ADVANCED_FACE('',(#891),#3267,.T.);
#3400=ADVANCED_FACE('',(#892),#32,.F.);
#3401=ADVANCED_FACE('',(#893),#3268,.T.);
#3402=ADVANCED_FACE('',(#894),#33,.T.);
#3403=ADVANCED_FACE('',(#895),#3269,.T.);
#3404=ADVANCED_FACE('',(#896),#34,.T.);
#3405=ADVANCED_FACE('',(#897),#3270,.T.);
#3406=ADVANCED_FACE('',(#898),#35,.F.);
#3407=ADVANCED_FACE('',(#899),#3271,.T.);
#3408=ADVANCED_FACE('',(#900),#36,.T.);
#3409=ADVANCED_FACE('',(#901),#3272,.T.);
#3410=ADVANCED_FACE('',(#902),#37,.T.);
#3411=ADVANCED_FACE('',(#903),#3273,.T.);
#3412=ADVANCED_FACE('',(#904),#38,.F.);
#3413=ADVANCED_FACE('',(#905),#3274,.T.);
#3414=ADVANCED_FACE('',(#906),#39,.T.);
#3415=ADVANCED_FACE('',(#907),#3275,.T.);
#3416=ADVANCED_FACE('',(#908),#40,.T.);
#3417=ADVANCED_FACE('',(#909),#41,.F.);
#3418=ADVANCED_FACE('',(#910),#3276,.T.);
#3419=ADVANCED_FACE('',(#911),#3277,.T.);
#3420=ADVANCED_FACE('',(#912),#42,.T.);
#3421=ADVANCED_FACE('',(#913),#3278,.T.);
#3422=ADVANCED_FACE('',(#914),#43,.T.);
#3423=ADVANCED_FACE('',(#915),#3279,.T.);
#3424=ADVANCED_FACE('',(#916),#44,.F.);
#3425=ADVANCED_FACE('',(#917),#3280,.T.);
#3426=ADVANCED_FACE('',(#918),#45,.T.);
#3427=ADVANCED_FACE('',(#919),#3281,.T.);
#3428=ADVANCED_FACE('',(#920),#46,.T.);
#3429=ADVANCED_FACE('',(#921),#3282,.T.);
#3430=ADVANCED_FACE('',(#922),#47,.F.);
#3431=ADVANCED_FACE('',(#923),#3283,.T.);
#3432=ADVANCED_FACE('',(#924),#48,.T.);
#3433=ADVANCED_FACE('',(#925),#3284,.T.);
#3434=ADVANCED_FACE('',(#926),#49,.F.);
#3435=ADVANCED_FACE('',(#927,#154,#155,#156,#157,#158),#3285,.T.);
#3436=ADVANCED_FACE('',(#928,#159),#3286,.F.);
#3437=ADVANCED_FACE('',(#929),#3287,.T.);
#3438=ADVANCED_FACE('',(#930),#3288,.T.);
#3439=ADVANCED_FACE('',(#931,#160),#3289,.F.);
#3440=ADVANCED_FACE('',(#932,#161),#3290,.T.);
#3441=ADVANCED_FACE('',(#933),#50,.T.);
#3442=ADVANCED_FACE('',(#934),#51,.F.);
#3443=ADVANCED_FACE('',(#935,#162),#3291,.T.);
#3444=ADVANCED_FACE('',(#936),#52,.T.);
#3445=ADVANCED_FACE('',(#937),#53,.F.);
#3446=ADVANCED_FACE('',(#938),#54,.T.);
#3447=ADVANCED_FACE('',(#939),#55,.T.);
#3448=ADVANCED_FACE('',(#940),#19,.F.);
#3449=ADVANCED_FACE('',(#941),#20,.F.);
#3450=ADVANCED_FACE('',(#942),#3292,.T.);
#3451=ADVANCED_FACE('',(#943),#56,.F.);
#3452=ADVANCED_FACE('',(#944),#3293,.T.);
#3453=ADVANCED_FACE('',(#945),#3294,.T.);
#3454=ADVANCED_FACE('',(#946,#163),#3295,.F.);
#3455=ADVANCED_FACE('',(#947),#57,.T.);
#3456=ADVANCED_FACE('',(#948),#58,.F.);
#3457=ADVANCED_FACE('',(#949),#59,.T.);
#3458=ADVANCED_FACE('',(#950),#60,.T.);
#3459=ADVANCED_FACE('',(#951),#21,.F.);
#3460=ADVANCED_FACE('',(#952),#61,.F.);
#3461=ADVANCED_FACE('',(#953),#3296,.T.);
#3462=ADVANCED_FACE('',(#954),#3297,.T.);
#3463=ADVANCED_FACE('',(#955,#164),#3298,.F.);
#3464=ADVANCED_FACE('',(#956),#62,.T.);
#3465=ADVANCED_FACE('',(#957),#63,.F.);
#3466=ADVANCED_FACE('',(#958),#64,.T.);
#3467=ADVANCED_FACE('',(#959),#65,.T.);
#3468=ADVANCED_FACE('',(#960),#22,.F.);
#3469=ADVANCED_FACE('',(#961),#66,.F.);
#3470=ADVANCED_FACE('',(#962),#3299,.T.);
#3471=ADVANCED_FACE('',(#963),#3300,.T.);
#3472=ADVANCED_FACE('',(#964,#165),#3301,.F.);
#3473=ADVANCED_FACE('',(#965),#67,.T.);
#3474=ADVANCED_FACE('',(#966),#68,.F.);
#3475=ADVANCED_FACE('',(#967),#69,.T.);
#3476=ADVANCED_FACE('',(#968),#70,.T.);
#3477=ADVANCED_FACE('',(#969),#23,.F.);
#3478=ADVANCED_FACE('',(#970,#166),#3302,.T.);
#3479=ADVANCED_FACE('',(#971),#71,.F.);
#3480=ADVANCED_FACE('',(#972),#72,.T.);
#3481=ADVANCED_FACE('',(#973,#167),#3303,.T.);
#3482=ADVANCED_FACE('',(#974),#3304,.T.);
#3483=ADVANCED_FACE('',(#975),#73,.T.);
#3484=ADVANCED_FACE('',(#976),#74,.F.);
#3485=ADVANCED_FACE('',(#977,#168),#3305,.F.);
#3486=ADVANCED_FACE('',(#978,#169),#3306,.F.);
#3487=ADVANCED_FACE('',(#979),#3307,.F.);
#3488=ADVANCED_FACE('',(#980),#75,.F.);
#3489=ADVANCED_FACE('',(#981),#24,.T.);
#3490=ADVANCED_FACE('',(#982),#3308,.T.);
#3491=ADVANCED_FACE('',(#983),#3309,.F.);
#3492=ADVANCED_FACE('',(#984),#3310,.T.);
#3493=ADVANCED_FACE('',(#985),#3311,.F.);
#3494=ADVANCED_FACE('',(#986),#3312,.F.);
#3495=ADVANCED_FACE('',(#987),#76,.T.);
#3496=ADVANCED_FACE('',(#988),#77,.F.);
#3497=ADVANCED_FACE('',(#989,#170),#3313,.T.);
#3498=ADVANCED_FACE('',(#990,#171,#172,#173,#174),#3314,.T.);
#3499=ADVANCED_FACE('',(#991),#78,.T.);
#3500=ADVANCED_FACE('',(#992,#175),#3315,.T.);
#3501=ADVANCED_FACE('',(#993),#79,.T.);
#3502=ADVANCED_FACE('',(#994,#176),#3316,.T.);
#3503=ADVANCED_FACE('',(#995),#80,.T.);
#3504=ADVANCED_FACE('',(#996,#177),#3317,.T.);
#3505=ADVANCED_FACE('',(#997),#81,.T.);
#3506=ADVANCED_FACE('',(#998,#178),#3318,.T.);
#3507=ADVANCED_FACE('',(#999),#82,.T.);
#3508=ADVANCED_FACE('',(#1000),#3319,.T.);
#3509=ADVANCED_FACE('',(#1001),#83,.T.);
#3510=ADVANCED_FACE('',(#1002),#3320,.T.);
#3511=ADVANCED_FACE('',(#1003),#84,.T.);
#3512=ADVANCED_FACE('',(#1004),#3321,.T.);
#3513=ADVANCED_FACE('',(#1005),#85,.T.);
#3514=ADVANCED_FACE('',(#1006),#3322,.T.);
#3515=ADVANCED_FACE('',(#1007),#86,.T.);
#3516=ADVANCED_FACE('',(#1008),#87,.T.);
#3517=ADVANCED_FACE('',(#1009),#88,.F.);
#3518=ADVANCED_FACE('',(#1010,#179),#3323,.T.);
#3519=ADVANCED_FACE('',(#1011),#14,.T.);
#3520=ADVANCED_FACE('',(#1012),#3324,.T.);
#3521=ADVANCED_FACE('',(#1013),#3325,.F.);
#3522=ADVANCED_FACE('',(#1014),#3326,.T.);
#3523=ADVANCED_FACE('',(#1015),#3327,.T.);
#3524=ADVANCED_FACE('',(#1016),#3328,.F.);
#3525=ADVANCED_FACE('',(#1017),#3329,.F.);
#3526=ADVANCED_FACE('',(#1018),#3330,.F.);
#3527=ADVANCED_FACE('',(#1019),#3331,.T.);
#3528=ADVANCED_FACE('',(#1020),#3332,.F.);
#3529=ADVANCED_FACE('',(#1021),#3333,.F.);
#3530=ADVANCED_FACE('',(#1022),#3334,.T.);
#3531=ADVANCED_FACE('',(#1023),#3335,.T.);
#3532=ADVANCED_FACE('',(#1024),#3336,.T.);
#3533=ADVANCED_FACE('',(#1025),#89,.T.);
#3534=ADVANCED_FACE('',(#1026),#90,.F.);
#3535=ADVANCED_FACE('',(#1027),#91,.T.);
#3536=ADVANCED_FACE('',(#1028,#180),#3337,.T.);
#3537=ADVANCED_FACE('',(#1029),#15,.T.);
#3538=ADVANCED_FACE('',(#1030,#181),#3338,.F.);
#3539=ADVANCED_FACE('',(#1031),#3339,.F.);
#3540=ADVANCED_FACE('',(#1032),#3340,.F.);
#3541=ADVANCED_FACE('',(#1033),#3341,.F.);
#3542=ADVANCED_FACE('',(#1034),#3342,.T.);
#3543=ADVANCED_FACE('',(#1035),#3343,.T.);
#3544=ADVANCED_FACE('',(#1036),#3344,.F.);
#3545=ADVANCED_FACE('',(#1037),#3345,.T.);
#3546=ADVANCED_FACE('',(#1038),#3346,.T.);
#3547=ADVANCED_FACE('',(#1039),#3347,.T.);
#3548=ADVANCED_FACE('',(#1040),#3348,.F.);
#3549=ADVANCED_FACE('',(#1041),#3349,.F.);
#3550=ADVANCED_FACE('',(#1042),#3350,.T.);
#3551=ADVANCED_FACE('',(#1043),#3351,.T.);
#3552=ADVANCED_FACE('',(#1044),#92,.T.);
#3553=ADVANCED_FACE('',(#1045),#93,.F.);
#3554=ADVANCED_FACE('',(#1046),#94,.T.);
#3555=ADVANCED_FACE('',(#1047,#182),#3352,.T.);
#3556=ADVANCED_FACE('',(#1048),#16,.T.);
#3557=ADVANCED_FACE('',(#1049,#183),#3353,.F.);
#3558=ADVANCED_FACE('',(#1050),#3354,.F.);
#3559=ADVANCED_FACE('',(#1051),#3355,.F.);
#3560=ADVANCED_FACE('',(#1052),#3356,.F.);
#3561=ADVANCED_FACE('',(#1053),#3357,.T.);
#3562=ADVANCED_FACE('',(#1054),#3358,.T.);
#3563=ADVANCED_FACE('',(#1055),#3359,.F.);
#3564=ADVANCED_FACE('',(#1056),#3360,.T.);
#3565=ADVANCED_FACE('',(#1057),#3361,.T.);
#3566=ADVANCED_FACE('',(#1058),#3362,.T.);
#3567=ADVANCED_FACE('',(#1059),#3363,.F.);
#3568=ADVANCED_FACE('',(#1060),#3364,.F.);
#3569=ADVANCED_FACE('',(#1061),#3365,.T.);
#3570=ADVANCED_FACE('',(#1062),#3366,.T.);
#3571=ADVANCED_FACE('',(#1063),#95,.T.);
#3572=ADVANCED_FACE('',(#1064),#96,.T.);
#3573=ADVANCED_FACE('',(#1065),#97,.F.);
#3574=ADVANCED_FACE('',(#1066,#184),#3367,.T.);
#3575=ADVANCED_FACE('',(#1067),#17,.T.);
#3576=ADVANCED_FACE('',(#1068),#3368,.T.);
#3577=ADVANCED_FACE('',(#1069),#3369,.F.);
#3578=ADVANCED_FACE('',(#1070),#3370,.T.);
#3579=ADVANCED_FACE('',(#1071),#3371,.T.);
#3580=ADVANCED_FACE('',(#1072),#3372,.F.);
#3581=ADVANCED_FACE('',(#1073),#3373,.F.);
#3582=ADVANCED_FACE('',(#1074),#3374,.F.);
#3583=ADVANCED_FACE('',(#1075),#3375,.T.);
#3584=ADVANCED_FACE('',(#1076),#3376,.F.);
#3585=ADVANCED_FACE('',(#1077),#3377,.F.);
#3586=ADVANCED_FACE('',(#1078),#3378,.T.);
#3587=ADVANCED_FACE('',(#1079),#3379,.T.);
#3588=ADVANCED_FACE('',(#1080),#3380,.T.);
#3589=CLOSED_SHELL('',(#3381,#3382,#3383,#3384,#3385,#3386,#3387,#3388,
#3389,#3390,#3391,#3392,#3393,#3394,#3395,#3396,#3397,#3398,#3399,#3400,
#3401,#3402,#3403,#3404,#3405,#3406,#3407,#3408,#3409,#3410,#3411,#3412,
#3413,#3414,#3415,#3416,#3417,#3418,#3419,#3420,#3421,#3422,#3423,#3424,
#3425,#3426,#3427,#3428,#3429,#3430,#3431,#3432,#3433,#3434,#3435,#3436,
#3437,#3438,#3439,#3440,#3441,#3442,#3443,#3444,#3445,#3446,#3447,#3448,
#3449,#3450,#3451,#3452,#3453,#3454,#3455,#3456,#3457,#3458,#3459,#3460,
#3461,#3462,#3463,#3464,#3465,#3466,#3467,#3468,#3469,#3470,#3471,#3472,
#3473,#3474,#3475,#3476,#3477,#3478,#3479,#3480,#3481,#3482,#3483,#3484,
#3485,#3486,#3487,#3488,#3489,#3490,#3491,#3492,#3493,#3494,#3495,#3496,
#3497,#3498,#3499,#3500,#3501,#3502,#3503,#3504,#3505,#3506,#3507,#3508,
#3509,#3510,#3511,#3512,#3513,#3514,#3515,#3516,#3517,#3518,#3519,#3520,
#3521,#3522,#3523,#3524,#3525,#3526,#3527,#3528,#3529,#3530,#3531,#3532,
#3533,#3534,#3535,#3536,#3537,#3538,#3539,#3540,#3541,#3542,#3543,#3544,
#3545,#3546,#3547,#3548,#3549,#3550,#3551,#3552,#3553,#3554,#3555,#3556,
#3557,#3558,#3559,#3560,#3561,#3562,#3563,#3564,#3565,#3566,#3567,#3568,
#3569,#3570,#3571,#3572,#3573,#3574,#3575,#3576,#3577,#3578,#3579,#3580,
#3581,#3582,#3583,#3584,#3585,#3586,#3587,#3588));
#3590=DERIVED_UNIT_ELEMENT(#3592,1.);
#3591=DERIVED_UNIT_ELEMENT(#6032,-3.);
#3592=(
MASS_UNIT()
NAMED_UNIT(*)
SI_UNIT(.KILO.,.GRAM.)
);
#3593=DERIVED_UNIT((#3590,#3591));
#3594=MEASURE_REPRESENTATION_ITEM('density measure',
POSITIVE_RATIO_MEASURE(7850.),#3593);
#3595=PROPERTY_DEFINITION_REPRESENTATION(#3600,#3597);
#3596=PROPERTY_DEFINITION_REPRESENTATION(#3601,#3598);
#3597=REPRESENTATION('material name',(#3599),#6030);
#3598=REPRESENTATION('density',(#3594),#6030);
#3599=DESCRIPTIVE_REPRESENTATION_ITEM('Steel','Steel');
#3600=PROPERTY_DEFINITION('material property','material name',#6039);
#3601=PROPERTY_DEFINITION('material property','density of part',#6039);
#3602=AXIS2_PLACEMENT_3D('',#5014,#3958,#3959);
#3603=AXIS2_PLACEMENT_3D('',#5015,#3960,#3961);
#3604=AXIS2_PLACEMENT_3D('',#5017,#3962,#3963);
#3605=AXIS2_PLACEMENT_3D('',#5042,#3976,#3977);
#3606=AXIS2_PLACEMENT_3D('',#5075,#3994,#3995);
#3607=AXIS2_PLACEMENT_3D('',#5108,#4012,#4013);
#3608=AXIS2_PLACEMENT_3D('',#5110,#4014,#4015);
#3609=AXIS2_PLACEMENT_3D('',#5135,#4028,#4029);
#3610=AXIS2_PLACEMENT_3D('',#5148,#4036,#4037);
#3611=AXIS2_PLACEMENT_3D('',#5152,#4039,#4040);
#3612=AXIS2_PLACEMENT_3D('',#5153,#4041,#4042);
#3613=AXIS2_PLACEMENT_3D('',#5154,#4043,#4044);
#3614=AXIS2_PLACEMENT_3D('',#5160,#4048,#4049);
#3615=AXIS2_PLACEMENT_3D('',#5162,#4050,#4051);
#3616=AXIS2_PLACEMENT_3D('',#5164,#4052,#4053);
#3617=AXIS2_PLACEMENT_3D('',#5166,#4055,#4056);
#3618=AXIS2_PLACEMENT_3D('',#5172,#4060,#4061);
#3619=AXIS2_PLACEMENT_3D('',#5175,#4063,#4064);
#3620=AXIS2_PLACEMENT_3D('',#5176,#4065,#4066);
#3621=AXIS2_PLACEMENT_3D('',#5177,#4067,#4068);
#3622=AXIS2_PLACEMENT_3D('',#5181,#4071,#4072);
#3623=AXIS2_PLACEMENT_3D('',#5185,#4074,#4075);
#3624=AXIS2_PLACEMENT_3D('',#5186,#4076,#4077);
#3625=AXIS2_PLACEMENT_3D('',#5187,#4078,#4079);
#3626=AXIS2_PLACEMENT_3D('',#5190,#4080,#4081);
#3627=AXIS2_PLACEMENT_3D('',#5194,#4083,#4084);
#3628=AXIS2_PLACEMENT_3D('',#5196,#4086,#4087);
#3629=AXIS2_PLACEMENT_3D('',#5199,#4090,#4091);
#3630=AXIS2_PLACEMENT_3D('',#5205,#4095,#4096);
#3631=AXIS2_PLACEMENT_3D('',#5209,#4098,#4099);
#3632=AXIS2_PLACEMENT_3D('',#5210,#4100,#4101);
#3633=AXIS2_PLACEMENT_3D('',#5211,#4102,#4103);
#3634=AXIS2_PLACEMENT_3D('',#5217,#4107,#4108);
#3635=AXIS2_PLACEMENT_3D('',#5221,#4110,#4111);
#3636=AXIS2_PLACEMENT_3D('',#5222,#4112,#4113);
#3637=AXIS2_PLACEMENT_3D('',#5223,#4114,#4115);
#3638=AXIS2_PLACEMENT_3D('',#5229,#4119,#4120);
#3639=AXIS2_PLACEMENT_3D('',#5231,#4121,#4122);
#3640=AXIS2_PLACEMENT_3D('',#5233,#4123,#4124);
#3641=AXIS2_PLACEMENT_3D('',#5235,#4126,#4127);
#3642=AXIS2_PLACEMENT_3D('',#5241,#4131,#4132);
#3643=AXIS2_PLACEMENT_3D('',#5244,#4134,#4135);
#3644=AXIS2_PLACEMENT_3D('',#5245,#4136,#4137);
#3645=AXIS2_PLACEMENT_3D('',#5246,#4138,#4139);
#3646=AXIS2_PLACEMENT_3D('',#5250,#4142,#4143);
#3647=AXIS2_PLACEMENT_3D('',#5254,#4145,#4146);
#3648=AXIS2_PLACEMENT_3D('',#5255,#4147,#4148);
#3649=AXIS2_PLACEMENT_3D('',#5256,#4149,#4150);
#3650=AXIS2_PLACEMENT_3D('',#5262,#4154,#4155);
#3651=AXIS2_PLACEMENT_3D('',#5264,#4156,#4157);
#3652=AXIS2_PLACEMENT_3D('',#5266,#4158,#4159);
#3653=AXIS2_PLACEMENT_3D('',#5268,#4161,#4162);
#3654=AXIS2_PLACEMENT_3D('',#5274,#4166,#4167);
#3655=AXIS2_PLACEMENT_3D('',#5275,#4168,#4169);
#3656=AXIS2_PLACEMENT_3D('',#5276,#4170,#4171);
#3657=AXIS2_PLACEMENT_3D('',#5277,#4172,#4173);
#3658=AXIS2_PLACEMENT_3D('',#5281,#4175,#4176);
#3659=AXIS2_PLACEMENT_3D('',#5288,#4181,#4182);
#3660=AXIS2_PLACEMENT_3D('',#5291,#4184,#4185);
#3661=AXIS2_PLACEMENT_3D('',#5292,#4186,#4187);
#3662=AXIS2_PLACEMENT_3D('',#5296,#4190,#4191);
#3663=AXIS2_PLACEMENT_3D('',#5298,#4192,#4193);
#3664=AXIS2_PLACEMENT_3D('',#5300,#4195,#4196);
#3665=AXIS2_PLACEMENT_3D('',#5304,#4199,#4200);
#3666=AXIS2_PLACEMENT_3D('',#5307,#4202,#4203);
#3667=AXIS2_PLACEMENT_3D('',#5308,#4204,#4205);
#3668=AXIS2_PLACEMENT_3D('',#5312,#4208,#4209);
#3669=AXIS2_PLACEMENT_3D('',#5315,#4211,#4212);
#3670=AXIS2_PLACEMENT_3D('',#5316,#4213,#4214);
#3671=AXIS2_PLACEMENT_3D('',#5320,#4216,#4217);
#3672=AXIS2_PLACEMENT_3D('',#5322,#4219,#4220);
#3673=AXIS2_PLACEMENT_3D('',#5324,#4222,#4223);
#3674=AXIS2_PLACEMENT_3D('',#5328,#4226,#4227);
#3675=AXIS2_PLACEMENT_3D('',#5331,#4229,#4230);
#3676=AXIS2_PLACEMENT_3D('',#5332,#4231,#4232);
#3677=AXIS2_PLACEMENT_3D('',#5336,#4235,#4236);
#3678=AXIS2_PLACEMENT_3D('',#5339,#4238,#4239);
#3679=AXIS2_PLACEMENT_3D('',#5340,#4240,#4241);
#3680=AXIS2_PLACEMENT_3D('',#5344,#4244,#4245);
#3681=AXIS2_PLACEMENT_3D('',#5346,#4246,#4247);
#3682=AXIS2_PLACEMENT_3D('',#5348,#4249,#4250);
#3683=AXIS2_PLACEMENT_3D('',#5352,#4253,#4254);
#3684=AXIS2_PLACEMENT_3D('',#5355,#4256,#4257);
#3685=AXIS2_PLACEMENT_3D('',#5356,#4258,#4259);
#3686=AXIS2_PLACEMENT_3D('',#5360,#4262,#4263);
#3687=AXIS2_PLACEMENT_3D('',#5363,#4265,#4266);
#3688=AXIS2_PLACEMENT_3D('',#5364,#4267,#4268);
#3689=AXIS2_PLACEMENT_3D('',#5368,#4271,#4272);
#3690=AXIS2_PLACEMENT_3D('',#5370,#4273,#4274);
#3691=AXIS2_PLACEMENT_3D('',#5372,#4276,#4277);
#3692=AXIS2_PLACEMENT_3D('',#5376,#4280,#4281);
#3693=AXIS2_PLACEMENT_3D('',#5377,#4282,#4283);
#3694=AXIS2_PLACEMENT_3D('',#5378,#4284,#4285);
#3695=AXIS2_PLACEMENT_3D('',#5392,#4293,#4294);
#3696=AXIS2_PLACEMENT_3D('',#5395,#4295,#4296);
#3697=AXIS2_PLACEMENT_3D('',#5396,#4297,#4298);
#3698=AXIS2_PLACEMENT_3D('',#5399,#4300,#4301);
#3699=AXIS2_PLACEMENT_3D('',#5400,#4302,#4303);
#3700=AXIS2_PLACEMENT_3D('',#5402,#4304,#4305);
#3701=AXIS2_PLACEMENT_3D('',#5404,#4306,#4307);
#3702=AXIS2_PLACEMENT_3D('',#5405,#4308,#4309);
#3703=AXIS2_PLACEMENT_3D('',#5407,#4310,#4311);
#3704=AXIS2_PLACEMENT_3D('',#5410,#4313,#4314);
#3705=AXIS2_PLACEMENT_3D('',#5412,#4315,#4316);
#3706=AXIS2_PLACEMENT_3D('',#5414,#4317,#4318);
#3707=AXIS2_PLACEMENT_3D('',#5415,#4319,#4320);
#3708=AXIS2_PLACEMENT_3D('',#5417,#4321,#4322);
#3709=AXIS2_PLACEMENT_3D('',#5419,#4323,#4324);
#3710=AXIS2_PLACEMENT_3D('',#5420,#4325,#4326);
#3711=AXIS2_PLACEMENT_3D('',#5421,#4327,#4328);
#3712=AXIS2_PLACEMENT_3D('',#5422,#4329,#4330);
#3713=AXIS2_PLACEMENT_3D('',#5424,#4331,#4332);
#3714=AXIS2_PLACEMENT_3D('',#5426,#4333,#4334);
#3715=AXIS2_PLACEMENT_3D('',#5427,#4335,#4336);
#3716=AXIS2_PLACEMENT_3D('',#5429,#4337,#4338);
#3717=AXIS2_PLACEMENT_3D('',#5431,#4339,#4340);
#3718=AXIS2_PLACEMENT_3D('',#5433,#4341,#4342);
#3719=AXIS2_PLACEMENT_3D('',#5435,#4343,#4344);
#3720=AXIS2_PLACEMENT_3D('',#5437,#4345,#4346);
#3721=AXIS2_PLACEMENT_3D('',#5438,#4347,#4348);
#3722=AXIS2_PLACEMENT_3D('',#5440,#4349,#4350);
#3723=AXIS2_PLACEMENT_3D('',#5441,#4351,#4352);
#3724=AXIS2_PLACEMENT_3D('',#5447,#4356,#4357);
#3725=AXIS2_PLACEMENT_3D('',#5453,#4361,#4362);
#3726=AXIS2_PLACEMENT_3D('',#5454,#4363,#4364);
#3727=AXIS2_PLACEMENT_3D('',#5455,#4365,#4366);
#3728=AXIS2_PLACEMENT_3D('',#5456,#4367,#4368);
#3729=AXIS2_PLACEMENT_3D('',#5457,#4369,#4370);
#3730=AXIS2_PLACEMENT_3D('',#5458,#4371,#4372);
#3731=AXIS2_PLACEMENT_3D('',#5460,#4373,#4374);
#3732=AXIS2_PLACEMENT_3D('',#5462,#4375,#4376);
#3733=AXIS2_PLACEMENT_3D('',#5463,#4377,#4378);
#3734=AXIS2_PLACEMENT_3D('',#5466,#4380,#4381);
#3735=AXIS2_PLACEMENT_3D('',#5467,#4382,#4383);
#3736=AXIS2_PLACEMENT_3D('',#5469,#4384,#4385);
#3737=AXIS2_PLACEMENT_3D('',#5472,#4387,#4388);
#3738=AXIS2_PLACEMENT_3D('',#5473,#4389,#4390);
#3739=AXIS2_PLACEMENT_3D('',#5474,#4391,#4392);
#3740=AXIS2_PLACEMENT_3D('',#5475,#4393,#4394);
#3741=AXIS2_PLACEMENT_3D('',#5476,#4395,#4396);
#3742=AXIS2_PLACEMENT_3D('',#5477,#4397,#4398);
#3743=AXIS2_PLACEMENT_3D('',#5478,#4399,#4400);
#3744=AXIS2_PLACEMENT_3D('',#5480,#4402,#4403);
#3745=AXIS2_PLACEMENT_3D('',#5482,#4405,#4406);
#3746=AXIS2_PLACEMENT_3D('',#5493,#4413,#4414);
#3747=AXIS2_PLACEMENT_3D('',#5496,#4415,#4416);
#3748=AXIS2_PLACEMENT_3D('',#5497,#4417,#4418);
#3749=AXIS2_PLACEMENT_3D('',#5500,#4420,#4421);
#3750=AXIS2_PLACEMENT_3D('',#5501,#4422,#4423);
#3751=AXIS2_PLACEMENT_3D('',#5507,#4427,#4428);
#3752=AXIS2_PLACEMENT_3D('',#5513,#4432,#4433);
#3753=AXIS2_PLACEMENT_3D('',#5514,#4434,#4435);
#3754=AXIS2_PLACEMENT_3D('',#5515,#4436,#4437);
#3755=AXIS2_PLACEMENT_3D('',#5516,#4438,#4439);
#3756=AXIS2_PLACEMENT_3D('',#5517,#4440,#4441);
#3757=AXIS2_PLACEMENT_3D('',#5518,#4442,#4443);
#3758=AXIS2_PLACEMENT_3D('',#5519,#4444,#4445);
#3759=AXIS2_PLACEMENT_3D('',#5520,#4446,#4447);
#3760=AXIS2_PLACEMENT_3D('',#5521,#4448,#4449);
#3761=AXIS2_PLACEMENT_3D('',#5522,#4450,#4451);
#3762=AXIS2_PLACEMENT_3D('',#5524,#4453,#4454);
#3763=AXIS2_PLACEMENT_3D('',#5527,#4455,#4456);
#3764=AXIS2_PLACEMENT_3D('',#5528,#4457,#4458);
#3765=AXIS2_PLACEMENT_3D('',#5531,#4460,#4461);
#3766=AXIS2_PLACEMENT_3D('',#5532,#4462,#4463);
#3767=AXIS2_PLACEMENT_3D('',#5538,#4467,#4468);
#3768=AXIS2_PLACEMENT_3D('',#5544,#4472,#4473);
#3769=AXIS2_PLACEMENT_3D('',#5545,#4474,#4475);
#3770=AXIS2_PLACEMENT_3D('',#5546,#4476,#4477);
#3771=AXIS2_PLACEMENT_3D('',#5547,#4478,#4479);
#3772=AXIS2_PLACEMENT_3D('',#5548,#4480,#4481);
#3773=AXIS2_PLACEMENT_3D('',#5549,#4482,#4483);
#3774=AXIS2_PLACEMENT_3D('',#5550,#4484,#4485);
#3775=AXIS2_PLACEMENT_3D('',#5551,#4486,#4487);
#3776=AXIS2_PLACEMENT_3D('',#5552,#4488,#4489);
#3777=AXIS2_PLACEMENT_3D('',#5553,#4490,#4491);
#3778=AXIS2_PLACEMENT_3D('',#5555,#4493,#4494);
#3779=AXIS2_PLACEMENT_3D('',#5558,#4495,#4496);
#3780=AXIS2_PLACEMENT_3D('',#5559,#4497,#4498);
#3781=AXIS2_PLACEMENT_3D('',#5562,#4500,#4501);
#3782=AXIS2_PLACEMENT_3D('',#5563,#4502,#4503);
#3783=AXIS2_PLACEMENT_3D('',#5569,#4507,#4508);
#3784=AXIS2_PLACEMENT_3D('',#5575,#4512,#4513);
#3785=AXIS2_PLACEMENT_3D('',#5576,#4514,#4515);
#3786=AXIS2_PLACEMENT_3D('',#5577,#4516,#4517);
#3787=AXIS2_PLACEMENT_3D('',#5578,#4518,#4519);
#3788=AXIS2_PLACEMENT_3D('',#5579,#4520,#4521);
#3789=AXIS2_PLACEMENT_3D('',#5580,#4522,#4523);
#3790=AXIS2_PLACEMENT_3D('',#5581,#4524,#4525);
#3791=AXIS2_PLACEMENT_3D('',#5582,#4526,#4527);
#3792=AXIS2_PLACEMENT_3D('',#5583,#4528,#4529);
#3793=AXIS2_PLACEMENT_3D('',#5584,#4530,#4531);
#3794=AXIS2_PLACEMENT_3D('',#5586,#4533,#4534);
#3795=AXIS2_PLACEMENT_3D('',#5588,#4535,#4536);
#3796=AXIS2_PLACEMENT_3D('',#5589,#4537,#4538);
#3797=AXIS2_PLACEMENT_3D('',#5591,#4539,#4540);
#3798=AXIS2_PLACEMENT_3D('',#5594,#4542,#4543);
#3799=AXIS2_PLACEMENT_3D('',#5595,#4544,#4545);
#3800=AXIS2_PLACEMENT_3D('',#5599,#4547,#4548);
#3801=AXIS2_PLACEMENT_3D('',#5603,#4550,#4551);
#3802=AXIS2_PLACEMENT_3D('',#5606,#4553,#4554);
#3803=AXIS2_PLACEMENT_3D('',#5607,#4555,#4556);
#3804=AXIS2_PLACEMENT_3D('',#5609,#4557,#4558);
#3805=AXIS2_PLACEMENT_3D('',#5610,#4559,#4560);
#3806=AXIS2_PLACEMENT_3D('',#5611,#4561,#4562);
#3807=AXIS2_PLACEMENT_3D('',#5613,#4563,#4564);
#3808=AXIS2_PLACEMENT_3D('',#5616,#4566,#4567);
#3809=AXIS2_PLACEMENT_3D('',#5617,#4568,#4569);
#3810=AXIS2_PLACEMENT_3D('',#5619,#4570,#4571);
#3811=AXIS2_PLACEMENT_3D('',#5621,#4573,#4574);
#3812=AXIS2_PLACEMENT_3D('',#5622,#4575,#4576);
#3813=AXIS2_PLACEMENT_3D('',#5624,#4577,#4578);
#3814=AXIS2_PLACEMENT_3D('',#5625,#4579,#4580);
#3815=AXIS2_PLACEMENT_3D('',#5627,#4581,#4582);
#3816=AXIS2_PLACEMENT_3D('',#5628,#4583,#4584);
#3817=AXIS2_PLACEMENT_3D('',#5630,#4586,#4587);
#3818=AXIS2_PLACEMENT_3D('',#5635,#4589,#4590);
#3819=AXIS2_PLACEMENT_3D('',#5637,#4592,#4593);
#3820=AXIS2_PLACEMENT_3D('',#5638,#4594,#4595);
#3821=AXIS2_PLACEMENT_3D('',#5644,#4599,#4600);
#3822=AXIS2_PLACEMENT_3D('',#5648,#4603,#4604);
#3823=AXIS2_PLACEMENT_3D('',#5652,#4607,#4608);
#3824=AXIS2_PLACEMENT_3D('',#5653,#4609,#4610);
#3825=AXIS2_PLACEMENT_3D('',#5654,#4611,#4612);
#3826=AXIS2_PLACEMENT_3D('',#5656,#4613,#4614);
#3827=AXIS2_PLACEMENT_3D('',#5659,#4616,#4617);
#3828=AXIS2_PLACEMENT_3D('',#5660,#4618,#4619);
#3829=AXIS2_PLACEMENT_3D('',#5661,#4620,#4621);
#3830=AXIS2_PLACEMENT_3D('',#5663,#4622,#4623);
#3831=AXIS2_PLACEMENT_3D('',#5665,#4624,#4625);
#3832=AXIS2_PLACEMENT_3D('',#5667,#4626,#4627);
#3833=AXIS2_PLACEMENT_3D('',#5669,#4628,#4629);
#3834=AXIS2_PLACEMENT_3D('',#5670,#4630,#4631);
#3835=AXIS2_PLACEMENT_3D('',#5673,#4633,#4634);
#3836=AXIS2_PLACEMENT_3D('',#5674,#4635,#4636);
#3837=AXIS2_PLACEMENT_3D('',#5676,#4637,#4638);
#3838=AXIS2_PLACEMENT_3D('',#5677,#4639,#4640);
#3839=AXIS2_PLACEMENT_3D('',#5680,#4642,#4643);
#3840=AXIS2_PLACEMENT_3D('',#5681,#4644,#4645);
#3841=AXIS2_PLACEMENT_3D('',#5683,#4646,#4647);
#3842=AXIS2_PLACEMENT_3D('',#5684,#4648,#4649);
#3843=AXIS2_PLACEMENT_3D('',#5687,#4651,#4652);
#3844=AXIS2_PLACEMENT_3D('',#5688,#4653,#4654);
#3845=AXIS2_PLACEMENT_3D('',#5690,#4655,#4656);
#3846=AXIS2_PLACEMENT_3D('',#5691,#4657,#4658);
#3847=AXIS2_PLACEMENT_3D('',#5694,#4660,#4661);
#3848=AXIS2_PLACEMENT_3D('',#5695,#4662,#4663);
#3849=AXIS2_PLACEMENT_3D('',#5697,#4664,#4665);
#3850=AXIS2_PLACEMENT_3D('',#5698,#4666,#4667);
#3851=AXIS2_PLACEMENT_3D('',#5701,#4669,#4670);
#3852=AXIS2_PLACEMENT_3D('',#5702,#4671,#4672);
#3853=AXIS2_PLACEMENT_3D('',#5703,#4673,#4674);
#3854=AXIS2_PLACEMENT_3D('',#5706,#4676,#4677);
#3855=AXIS2_PLACEMENT_3D('',#5707,#4678,#4679);
#3856=AXIS2_PLACEMENT_3D('',#5708,#4680,#4681);
#3857=AXIS2_PLACEMENT_3D('',#5711,#4683,#4684);
#3858=AXIS2_PLACEMENT_3D('',#5712,#4685,#4686);
#3859=AXIS2_PLACEMENT_3D('',#5713,#4687,#4688);
#3860=AXIS2_PLACEMENT_3D('',#5716,#4690,#4691);
#3861=AXIS2_PLACEMENT_3D('',#5717,#4692,#4693);
#3862=AXIS2_PLACEMENT_3D('',#5718,#4694,#4695);
#3863=AXIS2_PLACEMENT_3D('',#5720,#4696,#4697);
#3864=AXIS2_PLACEMENT_3D('',#5722,#4699,#4700);
#3865=AXIS2_PLACEMENT_3D('',#5725,#4702,#4703);
#3866=AXIS2_PLACEMENT_3D('',#5726,#4704,#4705);
#3867=AXIS2_PLACEMENT_3D('',#5727,#4706,#4707);
#3868=AXIS2_PLACEMENT_3D('',#5728,#4708,#4709);
#3869=AXIS2_PLACEMENT_3D('',#5730,#4710,#4711);
#3870=AXIS2_PLACEMENT_3D('',#5731,#4712,#4713);
#3871=AXIS2_PLACEMENT_3D('',#5732,#4714,#4715);
#3872=AXIS2_PLACEMENT_3D('',#5733,#4716,#4717);
#3873=AXIS2_PLACEMENT_3D('',#5739,#4721,#4722);
#3874=AXIS2_PLACEMENT_3D('',#5743,#4725,#4726);
#3875=AXIS2_PLACEMENT_3D('',#5747,#4729,#4730);
#3876=AXIS2_PLACEMENT_3D('',#5751,#4733,#4734);
#3877=AXIS2_PLACEMENT_3D('',#5755,#4737,#4738);
#3878=AXIS2_PLACEMENT_3D('',#5759,#4741,#4742);
#3879=AXIS2_PLACEMENT_3D('',#5763,#4745,#4746);
#3880=AXIS2_PLACEMENT_3D('',#5767,#4749,#4750);
#3881=AXIS2_PLACEMENT_3D('',#5771,#4753,#4754);
#3882=AXIS2_PLACEMENT_3D('',#5775,#4757,#4758);
#3883=AXIS2_PLACEMENT_3D('',#5779,#4761,#4762);
#3884=AXIS2_PLACEMENT_3D('',#5781,#4764,#4765);
#3885=AXIS2_PLACEMENT_3D('',#5782,#4766,#4767);
#3886=AXIS2_PLACEMENT_3D('',#5785,#4769,#4770);
#3887=AXIS2_PLACEMENT_3D('',#5786,#4771,#4772);
#3888=AXIS2_PLACEMENT_3D('',#5789,#4774,#4775);
#3889=AXIS2_PLACEMENT_3D('',#5790,#4776,#4777);
#3890=AXIS2_PLACEMENT_3D('',#5791,#4778,#4779);
#3891=AXIS2_PLACEMENT_3D('',#5792,#4780,#4781);
#3892=AXIS2_PLACEMENT_3D('',#5794,#4782,#4783);
#3893=AXIS2_PLACEMENT_3D('',#5795,#4784,#4785);
#3894=AXIS2_PLACEMENT_3D('',#5797,#4786,#4787);
#3895=AXIS2_PLACEMENT_3D('',#5798,#4788,#4789);
#3896=AXIS2_PLACEMENT_3D('',#5799,#4790,#4791);
#3897=AXIS2_PLACEMENT_3D('',#5824,#4804,#4805);
#3898=AXIS2_PLACEMENT_3D('',#5830,#4809,#4810);
#3899=AXIS2_PLACEMENT_3D('',#5834,#4813,#4814);
#3900=AXIS2_PLACEMENT_3D('',#5838,#4817,#4818);
#3901=AXIS2_PLACEMENT_3D('',#5842,#4821,#4822);
#3902=AXIS2_PLACEMENT_3D('',#5846,#4825,#4826);
#3903=AXIS2_PLACEMENT_3D('',#5850,#4829,#4830);
#3904=AXIS2_PLACEMENT_3D('',#5854,#4833,#4834);
#3905=AXIS2_PLACEMENT_3D('',#5858,#4837,#4838);
#3906=AXIS2_PLACEMENT_3D('',#5862,#4841,#4842);
#3907=AXIS2_PLACEMENT_3D('',#5866,#4845,#4846);
#3908=AXIS2_PLACEMENT_3D('',#5870,#4849,#4850);
#3909=AXIS2_PLACEMENT_3D('',#5872,#4852,#4853);
#3910=AXIS2_PLACEMENT_3D('',#5873,#4854,#4855);
#3911=AXIS2_PLACEMENT_3D('',#5876,#4857,#4858);
#3912=AXIS2_PLACEMENT_3D('',#5877,#4859,#4860);
#3913=AXIS2_PLACEMENT_3D('',#5880,#4862,#4863);
#3914=AXIS2_PLACEMENT_3D('',#5881,#4864,#4865);
#3915=AXIS2_PLACEMENT_3D('',#5882,#4866,#4867);
#3916=AXIS2_PLACEMENT_3D('',#5883,#4868,#4869);
#3917=AXIS2_PLACEMENT_3D('',#5885,#4870,#4871);
#3918=AXIS2_PLACEMENT_3D('',#5886,#4872,#4873);
#3919=AXIS2_PLACEMENT_3D('',#5888,#4874,#4875);
#3920=AXIS2_PLACEMENT_3D('',#5889,#4876,#4877);
#3921=AXIS2_PLACEMENT_3D('',#5890,#4878,#4879);
#3922=AXIS2_PLACEMENT_3D('',#5915,#4892,#4893);
#3923=AXIS2_PLACEMENT_3D('',#5921,#4897,#4898);
#3924=AXIS2_PLACEMENT_3D('',#5925,#4901,#4902);
#3925=AXIS2_PLACEMENT_3D('',#5929,#4905,#4906);
#3926=AXIS2_PLACEMENT_3D('',#5933,#4909,#4910);
#3927=AXIS2_PLACEMENT_3D('',#5937,#4913,#4914);
#3928=AXIS2_PLACEMENT_3D('',#5941,#4917,#4918);
#3929=AXIS2_PLACEMENT_3D('',#5945,#4921,#4922);
#3930=AXIS2_PLACEMENT_3D('',#5949,#4925,#4926);
#3931=AXIS2_PLACEMENT_3D('',#5953,#4929,#4930);
#3932=AXIS2_PLACEMENT_3D('',#5957,#4933,#4934);
#3933=AXIS2_PLACEMENT_3D('',#5961,#4937,#4938);
#3934=AXIS2_PLACEMENT_3D('',#5963,#4940,#4941);
#3935=AXIS2_PLACEMENT_3D('',#5964,#4942,#4943);
#3936=AXIS2_PLACEMENT_3D('',#5966,#4944,#4945);
#3937=AXIS2_PLACEMENT_3D('',#5968,#4947,#4948);
#3938=AXIS2_PLACEMENT_3D('',#5971,#4950,#4951);
#3939=AXIS2_PLACEMENT_3D('',#5972,#4952,#4953);
#3940=AXIS2_PLACEMENT_3D('',#5973,#4954,#4955);
#3941=AXIS2_PLACEMENT_3D('',#5974,#4956,#4957);
#3942=AXIS2_PLACEMENT_3D('',#5976,#4958,#4959);
#3943=AXIS2_PLACEMENT_3D('',#5977,#4960,#4961);
#3944=AXIS2_PLACEMENT_3D('',#5978,#4962,#4963);
#3945=AXIS2_PLACEMENT_3D('',#5979,#4964,#4965);
#3946=AXIS2_PLACEMENT_3D('',#5985,#4969,#4970);
#3947=AXIS2_PLACEMENT_3D('',#5989,#4973,#4974);
#3948=AXIS2_PLACEMENT_3D('',#5993,#4977,#4978);
#3949=AXIS2_PLACEMENT_3D('',#5997,#4981,#4982);
#3950=AXIS2_PLACEMENT_3D('',#6001,#4985,#4986);
#3951=AXIS2_PLACEMENT_3D('',#6005,#4989,#4990);
#3952=AXIS2_PLACEMENT_3D('',#6009,#4993,#4994);
#3953=AXIS2_PLACEMENT_3D('',#6013,#4997,#4998);
#3954=AXIS2_PLACEMENT_3D('',#6017,#5001,#5002);
#3955=AXIS2_PLACEMENT_3D('',#6021,#5005,#5006);
#3956=AXIS2_PLACEMENT_3D('',#6025,#5009,#5010);
#3957=AXIS2_PLACEMENT_3D('',#6027,#5012,#5013);
#3958=DIRECTION('axis',(0.,0.,1.));
#3959=DIRECTION('refdir',(1.,0.,0.));
#3960=DIRECTION('center_axis',(0.,0.,-1.));
#3961=DIRECTION('ref_axis',(1.,0.,0.));
#3962=DIRECTION('center_axis',(0.,0.,-1.));
#3963=DIRECTION('ref_axis',(1.,0.,0.));
#3964=DIRECTION('',(1.,0.,0.));
#3965=DIRECTION('',(0.,-1.,0.));
#3966=DIRECTION('',(1.,0.,0.));
#3967=DIRECTION('',(0.,1.,0.));
#3968=DIRECTION('',(1.,0.,0.));
#3969=DIRECTION('',(0.,-1.,0.));
#3970=DIRECTION('',(1.,0.,0.));
#3971=DIRECTION('',(0.,-1.,0.));
#3972=DIRECTION('',(1.,0.,0.));
#3973=DIRECTION('',(0.,1.,0.));
#3974=DIRECTION('',(1.,0.,0.));
#3975=DIRECTION('',(0.,-1.,0.));
#3976=DIRECTION('center_axis',(-1.,-1.22464679914735E-16,0.));
#3977=DIRECTION('ref_axis',(0.,0.,-1.));
#3978=DIRECTION('',(0.,1.,0.));
#3979=DIRECTION('',(0.,0.,1.));
#3980=DIRECTION('',(-1.22464679914735E-16,1.,0.));
#3981=DIRECTION('',(0.,0.,1.));
#3982=DIRECTION('',(0.,-1.,0.));
#3983=DIRECTION('',(0.,0.,1.));
#3984=DIRECTION('',(-1.22464679914735E-16,1.,0.));
#3985=DIRECTION('',(0.,0.,-1.));
#3986=DIRECTION('',(-1.83697019872103E-16,1.,0.));
#3987=DIRECTION('',(0.,0.,-1.));
#3988=DIRECTION('',(-1.22464679914735E-16,1.,-7.49879891330929E-33));
#3989=DIRECTION('',(0.,0.,-1.));
#3990=DIRECTION('',(-1.22464679914735E-16,1.,0.));
#3991=DIRECTION('',(0.,0.,-1.));
#3992=DIRECTION('',(-1.22464679914735E-16,1.,0.));
#3993=DIRECTION('',(0.,0.,1.));
#3994=DIRECTION('center_axis',(1.,0.,0.));
#3995=DIRECTION('ref_axis',(0.,0.,-1.));
#3996=DIRECTION('',(0.,1.,0.));
#3997=DIRECTION('',(0.,0.,1.));
#3998=DIRECTION('',(0.,-1.,0.));
#3999=DIRECTION('',(0.,0.,-1.));
#4000=DIRECTION('',(6.12323399573677E-17,-1.,0.));
#4001=DIRECTION('',(0.,0.,-1.));
#4002=DIRECTION('',(0.,-1.,-7.49879891330929E-33));
#4003=DIRECTION('',(0.,0.,-1.));
#4004=DIRECTION('',(0.,-1.,0.));
#4005=DIRECTION('',(0.,0.,-1.));
#4006=DIRECTION('',(0.,-1.,0.));
#4007=DIRECTION('',(0.,0.,1.));
#4008=DIRECTION('',(0.,-1.,0.));
#4009=DIRECTION('',(0.,0.,1.));
#4010=DIRECTION('',(0.,-1.,0.));
#4011=DIRECTION('',(0.,0.,1.));
#4012=DIRECTION('center_axis',(0.,0.,-1.));
#4013=DIRECTION('ref_axis',(-1.,0.,0.));
#4014=DIRECTION('center_axis',(0.,0.,-1.));
#4015=DIRECTION('ref_axis',(-1.,0.,0.));
#4016=DIRECTION('',(-1.,0.,0.));
#4017=DIRECTION('',(0.,1.,0.));
#4018=DIRECTION('',(-1.,0.,0.));
#4019=DIRECTION('',(0.,-1.,0.));
#4020=DIRECTION('',(-1.,0.,0.));
#4021=DIRECTION('',(0.,1.,0.));
#4022=DIRECTION('',(-1.,0.,0.));
#4023=DIRECTION('',(0.,1.,0.));
#4024=DIRECTION('',(-1.,0.,0.));
#4025=DIRECTION('',(0.,-1.,0.));
#4026=DIRECTION('',(-1.,0.,0.));
#4027=DIRECTION('',(0.,1.,0.));
#4028=DIRECTION('center_axis',(6.12323399573677E-17,-1.,0.));
#4029=DIRECTION('ref_axis',(0.,0.,-1.));
#4030=DIRECTION('',(0.,0.,-1.));
#4031=DIRECTION('',(-1.,-6.12323399573677E-17,-1.22464679914735E-16));
#4032=DIRECTION('',(0.,0.,-1.));
#4033=DIRECTION('',(-1.,-6.12323399573677E-17,-1.22464679914735E-16));
#4034=DIRECTION('',(-1.,-6.12323399573677E-17,-1.22464679914735E-16));
#4035=DIRECTION('',(-1.,-6.12323399573677E-17,-1.22464679914735E-16));
#4036=DIRECTION('center_axis',(0.,0.,-1.));
#4037=DIRECTION('ref_axis',(-6.12323399573677E-17,1.,0.));
#4038=DIRECTION('',(0.,0.,-1.));
#4039=DIRECTION('center_axis',(-1.22464679914735E-16,-7.49879891330929E-33,
1.));
#4040=DIRECTION('ref_axis',(1.,0.,1.22464679914735E-16));
#4041=DIRECTION('center_axis',(-1.22464679914735E-16,-7.49879891330929E-33,
1.));
#4042=DIRECTION('ref_axis',(1.,0.,1.22464679914735E-16));
#4043=DIRECTION('center_axis',(1.,6.12323399573677E-17,0.));
#4044=DIRECTION('ref_axis',(0.,0.,1.));
#4045=DIRECTION('',(0.,0.,-1.));
#4046=DIRECTION('',(6.12323399573677E-17,-1.,0.));
#4047=DIRECTION('',(6.12323399573677E-17,-1.,0.));
#4048=DIRECTION('center_axis',(0.,0.,1.));
#4049=DIRECTION('ref_axis',(6.12323399573677E-17,-1.,0.));
#4050=DIRECTION('center_axis',(-1.22464679914735E-16,-7.49879891330929E-33,
1.));
#4051=DIRECTION('ref_axis',(1.,0.,1.22464679914735E-16));
#4052=DIRECTION('center_axis',(-1.22464679914735E-16,-7.49879891330929E-33,
1.));
#4053=DIRECTION('ref_axis',(1.,0.,1.22464679914735E-16));
#4054=DIRECTION('',(0.,0.,-1.));
#4055=DIRECTION('center_axis',(6.12323399573677E-17,-1.,0.));
#4056=DIRECTION('ref_axis',(0.,0.,-1.));
#4057=DIRECTION('',(0.,0.,-1.));
#4058=DIRECTION('',(-1.,-6.12323399573677E-17,-1.22464679914735E-16));
#4059=DIRECTION('',(-1.,-6.12323399573677E-17,-1.22464679914735E-16));
#4060=DIRECTION('center_axis',(0.,0.,-1.));
#4061=DIRECTION('ref_axis',(-6.12323399573677E-17,1.,0.));
#4062=DIRECTION('',(0.,0.,-1.));
#4063=DIRECTION('center_axis',(-1.22464679914735E-16,-7.49879891330929E-33,
1.));
#4064=DIRECTION('ref_axis',(1.,0.,1.22464679914735E-16));
#4065=DIRECTION('center_axis',(-1.22464679914735E-16,-7.49879891330929E-33,
1.));
#4066=DIRECTION('ref_axis',(1.,0.,1.22464679914735E-16));
#4067=DIRECTION('center_axis',(1.,0.,0.));
#4068=DIRECTION('ref_axis',(0.,0.,-1.));
#4069=DIRECTION('',(0.,0.,-1.));
#4070=DIRECTION('',(0.,-1.,-7.49879891330929E-33));
#4071=DIRECTION('center_axis',(0.,0.,-1.));
#4072=DIRECTION('ref_axis',(-1.,0.,0.));
#4073=DIRECTION('',(0.,0.,-1.));
#4074=DIRECTION('center_axis',(-1.22464679914735E-16,-7.49879891330929E-33,
1.));
#4075=DIRECTION('ref_axis',(1.,0.,1.22464679914735E-16));
#4076=DIRECTION('center_axis',(-1.22464679914735E-16,-7.49879891330929E-33,
1.));
#4077=DIRECTION('ref_axis',(1.,0.,1.22464679914735E-16));
#4078=DIRECTION('center_axis',(0.,0.,1.));
#4079=DIRECTION('ref_axis',(1.,0.,0.));
#4080=DIRECTION('center_axis',(-1.22464679914735E-16,-7.49879891330929E-33,
1.));
#4081=DIRECTION('ref_axis',(1.,0.,1.22464679914735E-16));
#4082=DIRECTION('',(0.,0.,-1.));
#4083=DIRECTION('center_axis',(-1.22464679914735E-16,-7.49879891330929E-33,
1.));
#4084=DIRECTION('ref_axis',(1.,0.,1.22464679914735E-16));
#4085=DIRECTION('',(0.,0.,-1.));
#4086=DIRECTION('center_axis',(0.,1.,0.));
#4087=DIRECTION('ref_axis',(0.,0.,1.));
#4088=DIRECTION('',(1.,0.,1.22464679914735E-16));
#4089=DIRECTION('',(1.,0.,1.22464679914735E-16));
#4090=DIRECTION('center_axis',(1.,0.,0.));
#4091=DIRECTION('ref_axis',(0.,0.,-1.));
#4092=DIRECTION('',(0.,0.,-1.));
#4093=DIRECTION('',(0.,-1.,-7.49879891330929E-33));
#4094=DIRECTION('',(0.,-1.,-7.49879891330929E-33));
#4095=DIRECTION('center_axis',(0.,0.,-1.));
#4096=DIRECTION('ref_axis',(-1.,0.,0.));
#4097=DIRECTION('',(0.,0.,-1.));
#4098=DIRECTION('center_axis',(-1.22464679914735E-16,-7.49879891330929E-33,
1.));
#4099=DIRECTION('ref_axis',(1.,0.,1.22464679914735E-16));
#4100=DIRECTION('center_axis',(-1.22464679914735E-16,-7.49879891330929E-33,
1.));
#4101=DIRECTION('ref_axis',(1.,0.,1.22464679914735E-16));
#4102=DIRECTION('center_axis',(0.,1.,0.));
#4103=DIRECTION('ref_axis',(0.,0.,1.));
#4104=DIRECTION('',(0.,0.,-1.));
#4105=DIRECTION('',(1.,0.,1.22464679914735E-16));
#4106=DIRECTION('',(1.,0.,1.22464679914735E-16));
#4107=DIRECTION('center_axis',(0.,0.,-1.));
#4108=DIRECTION('ref_axis',(1.83697019872103E-16,-1.,0.));
#4109=DIRECTION('',(0.,0.,-1.));
#4110=DIRECTION('center_axis',(-1.22464679914735E-16,-7.49879891330929E-33,
1.));
#4111=DIRECTION('ref_axis',(1.,0.,1.22464679914735E-16));
#4112=DIRECTION('center_axis',(-1.22464679914735E-16,-7.49879891330929E-33,
1.));
#4113=DIRECTION('ref_axis',(1.,0.,1.22464679914735E-16));
#4114=DIRECTION('center_axis',(-1.,-1.83697019872103E-16,0.));
#4115=DIRECTION('ref_axis',(0.,0.,1.));
#4116=DIRECTION('',(0.,0.,-1.));
#4117=DIRECTION('',(-1.83697019872103E-16,1.,-1.49975978266186E-32));
#4118=DIRECTION('',(-1.83697019872103E-16,1.,-1.49975978266186E-32));
#4119=DIRECTION('center_axis',(0.,0.,1.));
#4120=DIRECTION('ref_axis',(-1.83697019872103E-16,1.,0.));
#4121=DIRECTION('center_axis',(-1.22464679914735E-16,-7.49879891330929E-33,
1.));
#4122=DIRECTION('ref_axis',(1.,0.,1.22464679914735E-16));
#4123=DIRECTION('center_axis',(-1.22464679914735E-16,-7.49879891330929E-33,
1.));
#4124=DIRECTION('ref_axis',(1.,0.,1.22464679914735E-16));
#4125=DIRECTION('',(0.,0.,-1.));
#4126=DIRECTION('center_axis',(-1.83697019872103E-16,1.,0.));
#4127=DIRECTION('ref_axis',(0.,0.,-1.));
#4128=DIRECTION('',(0.,0.,-1.));
#4129=DIRECTION('',(1.,1.83697019872103E-16,1.22464679914735E-16));
#4130=DIRECTION('',(1.,1.83697019872103E-16,1.22464679914735E-16));
#4131=DIRECTION('center_axis',(0.,0.,-1.));
#4132=DIRECTION('ref_axis',(1.83697019872103E-16,-1.,0.));
#4133=DIRECTION('',(0.,0.,-1.));
#4134=DIRECTION('center_axis',(-1.22464679914735E-16,-7.49879891330929E-33,
1.));
#4135=DIRECTION('ref_axis',(1.,0.,1.22464679914735E-16));
#4136=DIRECTION('center_axis',(-1.22464679914735E-16,-7.49879891330929E-33,
1.));
#4137=DIRECTION('ref_axis',(1.,0.,1.22464679914735E-16));
#4138=DIRECTION('center_axis',(-1.,-1.22464679914735E-16,0.));
#4139=DIRECTION('ref_axis',(0.,0.,-1.));
#4140=DIRECTION('',(0.,0.,-1.));
#4141=DIRECTION('',(-1.22464679914735E-16,1.,-7.49879891330929E-33));
#4142=DIRECTION('center_axis',(0.,0.,-1.));
#4143=DIRECTION('ref_axis',(1.,1.22464679914735E-16,0.));
#4144=DIRECTION('',(0.,0.,-1.));
#4145=DIRECTION('center_axis',(-1.22464679914735E-16,-7.49879891330929E-33,
1.));
#4146=DIRECTION('ref_axis',(1.,0.,1.22464679914735E-16));
#4147=DIRECTION('center_axis',(-1.22464679914735E-16,-7.49879891330929E-33,
1.));
#4148=DIRECTION('ref_axis',(1.,0.,1.22464679914735E-16));
#4149=DIRECTION('center_axis',(1.22464679914735E-16,-1.,0.));
#4150=DIRECTION('ref_axis',(0.,0.,1.));
#4151=DIRECTION('',(0.,0.,-1.));
#4152=DIRECTION('',(-1.,-1.22464679914735E-16,-1.22464679914735E-16));
#4153=DIRECTION('',(-1.,-1.22464679914735E-16,-1.22464679914735E-16));
#4154=DIRECTION('center_axis',(0.,0.,1.));
#4155=DIRECTION('ref_axis',(-1.,-1.22464679914735E-16,0.));
#4156=DIRECTION('center_axis',(-1.22464679914735E-16,-7.49879891330929E-33,
1.));
#4157=DIRECTION('ref_axis',(1.,0.,1.22464679914735E-16));
#4158=DIRECTION('center_axis',(-1.22464679914735E-16,-7.49879891330929E-33,
1.));
#4159=DIRECTION('ref_axis',(1.,0.,1.22464679914735E-16));
#4160=DIRECTION('',(0.,0.,-1.));
#4161=DIRECTION('center_axis',(-1.,-1.22464679914735E-16,0.));
#4162=DIRECTION('ref_axis',(0.,0.,-1.));
#4163=DIRECTION('',(0.,0.,-1.));
#4164=DIRECTION('',(-1.22464679914735E-16,1.,-7.49879891330929E-33));
#4165=DIRECTION('',(-1.22464679914735E-16,1.,-7.49879891330929E-33));
#4166=DIRECTION('center_axis',(0.,0.,-1.));
#4167=DIRECTION('ref_axis',(1.,1.22464679914735E-16,0.));
#4168=DIRECTION('center_axis',(-1.22464679914735E-16,-7.49879891330929E-33,
1.));
#4169=DIRECTION('ref_axis',(1.,0.,1.22464679914735E-16));
#4170=DIRECTION('center_axis',(-1.22464679914735E-16,-7.49879891330929E-33,
1.));
#4171=DIRECTION('ref_axis',(1.,0.,1.22464679914735E-16));
#4172=DIRECTION('center_axis',(6.12323399573677E-17,-1.,0.));
#4173=DIRECTION('ref_axis',(0.,0.,-1.));
#4174=DIRECTION('',(3.5402519917894E-16,2.16777913495996E-32,-1.));
#4175=DIRECTION('center_axis',(6.12323399573677E-17,-1.,0.));
#4176=DIRECTION('ref_axis',(1.,6.12323399573677E-17,0.));
#4177=DIRECTION('',(3.5402519917894E-16,2.16777913495996E-32,-1.));
#4178=DIRECTION('',(0.,0.,-1.));
#4179=DIRECTION('',(-1.,-6.12323399573677E-17,0.));
#4180=DIRECTION('',(0.,0.,-1.));
#4181=DIRECTION('center_axis',(0.,0.,-1.));
#4182=DIRECTION('ref_axis',(-6.12323399573677E-17,1.,0.));
#4183=DIRECTION('',(0.,0.,-1.));
#4184=DIRECTION('center_axis',(0.,0.,1.));
#4185=DIRECTION('ref_axis',(6.12323399573677E-17,-1.,0.));
#4186=DIRECTION('center_axis',(1.,6.12323399573677E-17,0.));
#4187=DIRECTION('ref_axis',(0.,0.,1.));
#4188=DIRECTION('',(0.,0.,-1.));
#4189=DIRECTION('',(6.12323399573677E-17,-1.,0.));
#4190=DIRECTION('center_axis',(0.,0.,1.));
#4191=DIRECTION('ref_axis',(6.12323399573677E-17,-1.,0.));
#4192=DIRECTION('center_axis',(0.,0.,1.));
#4193=DIRECTION('ref_axis',(6.12323399573677E-17,-1.,0.));
#4194=DIRECTION('',(0.,0.,-1.));
#4195=DIRECTION('center_axis',(6.12323399573677E-17,-1.,0.));
#4196=DIRECTION('ref_axis',(0.,0.,-1.));
#4197=DIRECTION('',(0.,0.,-1.));
#4198=DIRECTION('',(-1.,-6.12323399573677E-17,0.));
#4199=DIRECTION('center_axis',(0.,0.,-1.));
#4200=DIRECTION('ref_axis',(-6.12323399573677E-17,1.,0.));
#4201=DIRECTION('',(0.,0.,-1.));
#4202=DIRECTION('center_axis',(0.,0.,1.));
#4203=DIRECTION('ref_axis',(6.12323399573677E-17,-1.,0.));
#4204=DIRECTION('center_axis',(1.,0.,0.));
#4205=DIRECTION('ref_axis',(0.,0.,-1.));
#4206=DIRECTION('',(0.,0.,-1.));
#4207=DIRECTION('',(0.,-1.,0.));
#4208=DIRECTION('center_axis',(0.,0.,-1.));
#4209=DIRECTION('ref_axis',(-1.,0.,0.));
#4210=DIRECTION('',(0.,0.,-1.));
#4211=DIRECTION('center_axis',(0.,0.,1.));
#4212=DIRECTION('ref_axis',(1.,0.,0.));
#4213=DIRECTION('center_axis',(0.,0.,1.));
#4214=DIRECTION('ref_axis',(1.,0.,0.));
#4215=DIRECTION('',(0.,0.,-1.));
#4216=DIRECTION('center_axis',(0.,0.,1.));
#4217=DIRECTION('ref_axis',(1.,0.,0.));
#4218=DIRECTION('',(0.,0.,-1.));
#4219=DIRECTION('center_axis',(0.,1.,0.));
#4220=DIRECTION('ref_axis',(0.,0.,1.));
#4221=DIRECTION('',(1.,0.,0.));
#4222=DIRECTION('center_axis',(1.,0.,0.));
#4223=DIRECTION('ref_axis',(0.,0.,-1.));
#4224=DIRECTION('',(0.,0.,-1.));
#4225=DIRECTION('',(0.,-1.,0.));
#4226=DIRECTION('center_axis',(0.,0.,-1.));
#4227=DIRECTION('ref_axis',(-1.,0.,0.));
#4228=DIRECTION('',(0.,0.,-1.));
#4229=DIRECTION('center_axis',(0.,0.,1.));
#4230=DIRECTION('ref_axis',(1.,0.,0.));
#4231=DIRECTION('center_axis',(0.,1.,0.));
#4232=DIRECTION('ref_axis',(0.,0.,1.));
#4233=DIRECTION('',(0.,0.,-1.));
#4234=DIRECTION('',(1.,0.,0.));
#4235=DIRECTION('center_axis',(0.,0.,-1.));
#4236=DIRECTION('ref_axis',(1.83697019872103E-16,-1.,0.));
#4237=DIRECTION('',(0.,0.,-1.));
#4238=DIRECTION('center_axis',(0.,0.,1.));
#4239=DIRECTION('ref_axis',(-1.83697019872103E-16,1.,0.));
#4240=DIRECTION('center_axis',(-1.,-1.83697019872103E-16,0.));
#4241=DIRECTION('ref_axis',(0.,0.,1.));
#4242=DIRECTION('',(0.,0.,-1.));
#4243=DIRECTION('',(-1.83697019872103E-16,1.,0.));
#4244=DIRECTION('center_axis',(0.,0.,1.));
#4245=DIRECTION('ref_axis',(-1.83697019872103E-16,1.,0.));
#4246=DIRECTION('center_axis',(0.,0.,1.));
#4247=DIRECTION('ref_axis',(-1.83697019872103E-16,1.,0.));
#4248=DIRECTION('',(0.,0.,-1.));
#4249=DIRECTION('center_axis',(-1.83697019872103E-16,1.,0.));
#4250=DIRECTION('ref_axis',(0.,0.,-1.));
#4251=DIRECTION('',(0.,0.,-1.));
#4252=DIRECTION('',(1.,1.83697019872103E-16,0.));
#4253=DIRECTION('center_axis',(0.,0.,-1.));
#4254=DIRECTION('ref_axis',(1.83697019872103E-16,-1.,0.));
#4255=DIRECTION('',(0.,0.,-1.));
#4256=DIRECTION('center_axis',(0.,0.,1.));
#4257=DIRECTION('ref_axis',(-1.83697019872103E-16,1.,0.));
#4258=DIRECTION('center_axis',(-1.,-1.22464679914735E-16,0.));
#4259=DIRECTION('ref_axis',(0.,0.,-1.));
#4260=DIRECTION('',(0.,0.,-1.));
#4261=DIRECTION('',(-1.22464679914735E-16,1.,0.));
#4262=DIRECTION('center_axis',(0.,0.,-1.));
#4263=DIRECTION('ref_axis',(1.,1.22464679914735E-16,0.));
#4264=DIRECTION('',(0.,0.,-1.));
#4265=DIRECTION('center_axis',(0.,0.,1.));
#4266=DIRECTION('ref_axis',(-1.,-1.22464679914735E-16,0.));
#4267=DIRECTION('center_axis',(1.22464679914735E-16,-1.,0.));
#4268=DIRECTION('ref_axis',(0.,0.,1.));
#4269=DIRECTION('',(0.,0.,-1.));
#4270=DIRECTION('',(-1.,-1.22464679914735E-16,0.));
#4271=DIRECTION('center_axis',(0.,0.,1.));
#4272=DIRECTION('ref_axis',(-1.,-1.22464679914735E-16,0.));
#4273=DIRECTION('center_axis',(0.,0.,1.));
#4274=DIRECTION('ref_axis',(-1.,-1.22464679914735E-16,0.));
#4275=DIRECTION('',(0.,0.,-1.));
#4276=DIRECTION('center_axis',(-1.,-1.22464679914735E-16,0.));
#4277=DIRECTION('ref_axis',(0.,0.,-1.));
#4278=DIRECTION('',(0.,0.,-1.));
#4279=DIRECTION('',(-1.22464679914735E-16,1.,0.));
#4280=DIRECTION('center_axis',(0.,0.,-1.));
#4281=DIRECTION('ref_axis',(1.,1.22464679914735E-16,0.));
#4282=DIRECTION('center_axis',(0.,0.,1.));
#4283=DIRECTION('ref_axis',(-1.,-1.22464679914735E-16,0.));
#4284=DIRECTION('center_axis',(0.,1.,0.));
#4285=DIRECTION('ref_axis',(0.,0.,1.));
#4286=DIRECTION('',(0.,0.,-1.));
#4287=DIRECTION('',(1.,1.83697019872103E-16,0.));
#4288=DIRECTION('',(0.,0.,-1.));
#4289=DIRECTION('',(1.,0.,0.));
#4290=DIRECTION('',(0.,0.,-1.));
#4291=DIRECTION('',(1.,0.,0.));
#4292=DIRECTION('',(0.,0.,-1.));
#4293=DIRECTION('center_axis',(0.,0.,-1.));
#4294=DIRECTION('ref_axis',(-1.,0.,0.));
#4295=DIRECTION('center_axis',(0.,0.,1.));
#4296=DIRECTION('ref_axis',(1.,0.,0.));
#4297=DIRECTION('center_axis',(0.,0.,1.));
#4298=DIRECTION('ref_axis',(1.,0.,0.));
#4299=DIRECTION('',(0.,0.,-1.));
#4300=DIRECTION('center_axis',(0.,0.,1.));
#4301=DIRECTION('ref_axis',(1.,0.,0.));
#4302=DIRECTION('center_axis',(0.,0.,1.));
#4303=DIRECTION('ref_axis',(1.,0.,0.));
#4304=DIRECTION('center_axis',(0.,0.,1.));
#4305=DIRECTION('ref_axis',(-1.,0.,0.));
#4306=DIRECTION('center_axis',(0.,0.,-1.));
#4307=DIRECTION('ref_axis',(-1.,0.,0.));
#4308=DIRECTION('center_axis',(0.,0.,-1.));
#4309=DIRECTION('ref_axis',(-1.,0.,0.));
#4310=DIRECTION('center_axis',(0.,0.,1.));
#4311=DIRECTION('ref_axis',(-1.,-1.22464679914735E-16,0.));
#4312=DIRECTION('',(-1.,-6.12323399573677E-17,0.));
#4313=DIRECTION('center_axis',(0.,0.,1.));
#4314=DIRECTION('ref_axis',(6.12323399573677E-17,-1.,0.));
#4315=DIRECTION('center_axis',(0.,0.,1.));
#4316=DIRECTION('ref_axis',(1.,0.,0.));
#4317=DIRECTION('center_axis',(0.,0.,1.));
#4318=DIRECTION('ref_axis',(1.,0.,0.));
#4319=DIRECTION('center_axis',(0.,0.,-1.));
#4320=DIRECTION('ref_axis',(1.,0.,0.));
#4321=DIRECTION('center_axis',(0.,0.,1.));
#4322=DIRECTION('ref_axis',(1.,0.,0.));
#4323=DIRECTION('center_axis',(0.,0.,-1.));
#4324=DIRECTION('ref_axis',(1.,0.,0.));
#4325=DIRECTION('center_axis',(0.,0.,-1.));
#4326=DIRECTION('ref_axis',(1.,0.,0.));
#4327=DIRECTION('center_axis',(0.,0.,1.));
#4328=DIRECTION('ref_axis',(1.,0.,0.));
#4329=DIRECTION('center_axis',(0.,0.,1.));
#4330=DIRECTION('ref_axis',(-1.83697019872103E-16,1.,0.));
#4331=DIRECTION('center_axis',(0.,0.,1.));
#4332=DIRECTION('ref_axis',(-1.,0.,0.));
#4333=DIRECTION('center_axis',(0.,0.,1.));
#4334=DIRECTION('ref_axis',(-1.,0.,0.));
#4335=DIRECTION('center_axis',(0.,0.,-1.));
#4336=DIRECTION('ref_axis',(-1.,0.,0.));
#4337=DIRECTION('center_axis',(0.,0.,1.));
#4338=DIRECTION('ref_axis',(1.,0.,0.));
#4339=DIRECTION('center_axis',(0.,0.,1.));
#4340=DIRECTION('ref_axis',(1.,0.,0.));
#4341=DIRECTION('center_axis',(0.,0.,1.));
#4342=DIRECTION('ref_axis',(6.12323399573677E-17,-1.,0.));
#4343=DIRECTION('center_axis',(0.,0.,1.));
#4344=DIRECTION('ref_axis',(-1.,-1.22464679914735E-16,0.));
#4345=DIRECTION('center_axis',(0.,0.,1.));
#4346=DIRECTION('ref_axis',(-1.83697019872103E-16,1.,0.));
#4347=DIRECTION('center_axis',(0.,0.,1.));
#4348=DIRECTION('ref_axis',(1.,0.,0.));
#4349=DIRECTION('center_axis',(0.,0.,1.));
#4350=DIRECTION('ref_axis',(1.,0.,0.));
#4351=DIRECTION('center_axis',(0.,1.,0.));
#4352=DIRECTION('ref_axis',(0.,0.,1.));
#4353=DIRECTION('',(0.,0.,-1.));
#4354=DIRECTION('',(1.,0.,0.));
#4355=DIRECTION('',(0.,0.,-1.));
#4356=DIRECTION('center_axis',(1.,0.,0.));
#4357=DIRECTION('ref_axis',(0.,0.,-1.));
#4358=DIRECTION('',(0.,0.,-1.));
#4359=DIRECTION('',(0.,-1.,0.));
#4360=DIRECTION('',(0.,0.,-1.));
#4361=DIRECTION('center_axis',(0.,0.,1.));
#4362=DIRECTION('ref_axis',(1.,0.,0.));
#4363=DIRECTION('center_axis',(0.,0.,1.));
#4364=DIRECTION('ref_axis',(1.,0.,0.));
#4365=DIRECTION('center_axis',(0.,0.,1.));
#4366=DIRECTION('ref_axis',(1.,0.,0.));
#4367=DIRECTION('center_axis',(0.,0.,1.));
#4368=DIRECTION('ref_axis',(1.,0.,0.));
#4369=DIRECTION('center_axis',(0.,0.,1.));
#4370=DIRECTION('ref_axis',(1.,0.,0.));
#4371=DIRECTION('center_axis',(0.,0.,1.));
#4372=DIRECTION('ref_axis',(1.,0.,0.));
#4373=DIRECTION('center_axis',(0.,0.,1.));
#4374=DIRECTION('ref_axis',(1.,0.,0.));
#4375=DIRECTION('center_axis',(0.,0.,1.));
#4376=DIRECTION('ref_axis',(1.,0.,0.));
#4377=DIRECTION('center_axis',(0.,0.,-1.));
#4378=DIRECTION('ref_axis',(-1.,0.,0.));
#4379=DIRECTION('',(0.,0.,1.));
#4380=DIRECTION('center_axis',(0.,0.,1.));
#4381=DIRECTION('ref_axis',(1.,0.,0.));
#4382=DIRECTION('center_axis',(0.,0.,-1.));
#4383=DIRECTION('ref_axis',(-1.,0.,0.));
#4384=DIRECTION('center_axis',(0.,0.,1.));
#4385=DIRECTION('ref_axis',(1.,0.,0.));
#4386=DIRECTION('',(0.,0.,-1.));
#4387=DIRECTION('center_axis',(0.,0.,1.));
#4388=DIRECTION('ref_axis',(1.,0.,0.));
#4389=DIRECTION('center_axis',(0.,0.,1.));
#4390=DIRECTION('ref_axis',(1.,0.,0.));
#4391=DIRECTION('center_axis',(0.,0.,-1.));
#4392=DIRECTION('ref_axis',(-1.,0.,0.));
#4393=DIRECTION('center_axis',(0.,0.,1.));
#4394=DIRECTION('ref_axis',(1.,0.,0.));
#4395=DIRECTION('center_axis',(0.,0.,-1.));
#4396=DIRECTION('ref_axis',(-1.,0.,0.));
#4397=DIRECTION('center_axis',(0.,0.,-1.));
#4398=DIRECTION('ref_axis',(-1.,0.,0.));
#4399=DIRECTION('center_axis',(0.,0.,1.));
#4400=DIRECTION('ref_axis',(1.,0.,0.));
#4401=DIRECTION('',(-0.707106781186547,-8.65956056235493E-17,0.707106781186548));
#4402=DIRECTION('center_axis',(0.,0.,1.));
#4403=DIRECTION('ref_axis',(1.,0.,0.));
#4404=DIRECTION('',(-0.707106781186547,-8.65956056235493E-17,0.707106781186548));
#4405=DIRECTION('center_axis',(6.12323399573677E-17,-1.,0.));
#4406=DIRECTION('ref_axis',(0.,0.,-1.));
#4407=DIRECTION('',(0.,0.,-1.));
#4408=DIRECTION('',(-1.,-6.12323399573677E-17,0.));
#4409=DIRECTION('',(0.,0.,-1.));
#4410=DIRECTION('',(0.,0.,-1.));
#4411=DIRECTION('',(-1.,-1.22464679914735E-16,0.));
#4412=DIRECTION('',(0.,0.,-1.));
#4413=DIRECTION('center_axis',(0.,0.,-1.));
#4414=DIRECTION('ref_axis',(-6.12323399573677E-17,1.,0.));
#4415=DIRECTION('center_axis',(0.,0.,1.));
#4416=DIRECTION('ref_axis',(6.12323399573677E-17,-1.,0.));
#4417=DIRECTION('center_axis',(0.,0.,1.));
#4418=DIRECTION('ref_axis',(6.12323399573677E-17,-1.,0.));
#4419=DIRECTION('',(0.,0.,-1.));
#4420=DIRECTION('center_axis',(0.,0.,1.));
#4421=DIRECTION('ref_axis',(6.12323399573677E-17,-1.,0.));
#4422=DIRECTION('center_axis',(1.,6.12323399573677E-17,0.));
#4423=DIRECTION('ref_axis',(0.,0.,1.));
#4424=DIRECTION('',(0.,0.,-1.));
#4425=DIRECTION('',(6.12323399573677E-17,-1.,0.));
#4426=DIRECTION('',(0.,0.,-1.));
#4427=DIRECTION('center_axis',(6.12323399573677E-17,-1.,0.));
#4428=DIRECTION('ref_axis',(0.,0.,-1.));
#4429=DIRECTION('',(0.,0.,-1.));
#4430=DIRECTION('',(-1.,-6.12323399573677E-17,0.));
#4431=DIRECTION('',(0.,0.,-1.));
#4432=DIRECTION('center_axis',(0.,0.,1.));
#4433=DIRECTION('ref_axis',(6.12323399573677E-17,-1.,0.));
#4434=DIRECTION('center_axis',(0.,0.,1.));
#4435=DIRECTION('ref_axis',(6.12323399573677E-17,-1.,0.));
#4436=DIRECTION('center_axis',(0.,0.,1.));
#4437=DIRECTION('ref_axis',(6.12323399573677E-17,-1.,0.));
#4438=DIRECTION('center_axis',(0.,0.,1.));
#4439=DIRECTION('ref_axis',(6.12323399573677E-17,-1.,0.));
#4440=DIRECTION('center_axis',(0.,0.,1.));
#4441=DIRECTION('ref_axis',(6.12323399573677E-17,-1.,0.));
#4442=DIRECTION('center_axis',(0.,0.,-1.));
#4443=DIRECTION('ref_axis',(-6.12323399573677E-17,1.,0.));
#4444=DIRECTION('center_axis',(0.,0.,1.));
#4445=DIRECTION('ref_axis',(6.12323399573677E-17,-1.,0.));
#4446=DIRECTION('center_axis',(0.,0.,-1.));
#4447=DIRECTION('ref_axis',(-6.12323399573677E-17,1.,0.));
#4448=DIRECTION('center_axis',(0.,0.,-1.));
#4449=DIRECTION('ref_axis',(-6.12323399573677E-17,1.,0.));
#4450=DIRECTION('center_axis',(0.,0.,1.));
#4451=DIRECTION('ref_axis',(6.12323399573677E-17,-1.,0.));
#4452=DIRECTION('',(-1.29893408435324E-16,0.707106781186547,0.707106781186548));
#4453=DIRECTION('center_axis',(0.,0.,-1.));
#4454=DIRECTION('ref_axis',(1.,1.22464679914735E-16,0.));
#4455=DIRECTION('center_axis',(0.,0.,1.));
#4456=DIRECTION('ref_axis',(-1.,-1.22464679914735E-16,0.));
#4457=DIRECTION('center_axis',(0.,0.,1.));
#4458=DIRECTION('ref_axis',(-1.,-1.22464679914735E-16,0.));
#4459=DIRECTION('',(0.,0.,-1.));
#4460=DIRECTION('center_axis',(0.,0.,1.));
#4461=DIRECTION('ref_axis',(-1.,-1.22464679914735E-16,0.));
#4462=DIRECTION('center_axis',(1.22464679914735E-16,-1.,0.));
#4463=DIRECTION('ref_axis',(0.,0.,1.));
#4464=DIRECTION('',(0.,0.,-1.));
#4465=DIRECTION('',(-1.,-1.22464679914735E-16,0.));
#4466=DIRECTION('',(0.,0.,-1.));
#4467=DIRECTION('center_axis',(-1.,-1.22464679914735E-16,0.));
#4468=DIRECTION('ref_axis',(0.,0.,-1.));
#4469=DIRECTION('',(0.,0.,-1.));
#4470=DIRECTION('',(-1.22464679914735E-16,1.,0.));
#4471=DIRECTION('',(0.,0.,-1.));
#4472=DIRECTION('center_axis',(0.,0.,1.));
#4473=DIRECTION('ref_axis',(-1.,-1.22464679914735E-16,0.));
#4474=DIRECTION('center_axis',(0.,0.,1.));
#4475=DIRECTION('ref_axis',(-1.,-1.22464679914735E-16,0.));
#4476=DIRECTION('center_axis',(0.,0.,1.));
#4477=DIRECTION('ref_axis',(-1.,-1.22464679914735E-16,0.));
#4478=DIRECTION('center_axis',(0.,0.,1.));
#4479=DIRECTION('ref_axis',(-1.,-1.22464679914735E-16,0.));
#4480=DIRECTION('center_axis',(0.,0.,1.));
#4481=DIRECTION('ref_axis',(-1.,-1.22464679914735E-16,0.));
#4482=DIRECTION('center_axis',(0.,0.,-1.));
#4483=DIRECTION('ref_axis',(1.,1.22464679914735E-16,0.));
#4484=DIRECTION('center_axis',(0.,0.,1.));
#4485=DIRECTION('ref_axis',(-1.,-1.22464679914735E-16,0.));
#4486=DIRECTION('center_axis',(0.,0.,-1.));
#4487=DIRECTION('ref_axis',(1.,1.22464679914735E-16,0.));
#4488=DIRECTION('center_axis',(0.,0.,-1.));
#4489=DIRECTION('ref_axis',(1.,1.22464679914735E-16,0.));
#4490=DIRECTION('center_axis',(0.,0.,1.));
#4491=DIRECTION('ref_axis',(-1.,-1.22464679914735E-16,0.));
#4492=DIRECTION('',(0.707106781186547,1.73191211247098E-16,0.707106781186548));
#4493=DIRECTION('center_axis',(0.,0.,-1.));
#4494=DIRECTION('ref_axis',(1.83697019872103E-16,-1.,0.));
#4495=DIRECTION('center_axis',(0.,0.,1.));
#4496=DIRECTION('ref_axis',(-1.83697019872103E-16,1.,0.));
#4497=DIRECTION('center_axis',(0.,0.,1.));
#4498=DIRECTION('ref_axis',(-1.83697019872103E-16,1.,0.));
#4499=DIRECTION('',(0.,0.,-1.));
#4500=DIRECTION('center_axis',(0.,0.,1.));
#4501=DIRECTION('ref_axis',(-1.83697019872103E-16,1.,0.));
#4502=DIRECTION('center_axis',(-1.,-1.83697019872103E-16,0.));
#4503=DIRECTION('ref_axis',(0.,0.,1.));
#4504=DIRECTION('',(0.,0.,-1.));
#4505=DIRECTION('',(-1.83697019872103E-16,1.,0.));
#4506=DIRECTION('',(0.,0.,-1.));
#4507=DIRECTION('center_axis',(-1.83697019872103E-16,1.,0.));
#4508=DIRECTION('ref_axis',(0.,0.,-1.));
#4509=DIRECTION('',(0.,0.,-1.));
#4510=DIRECTION('',(1.,1.83697019872103E-16,0.));
#4511=DIRECTION('',(0.,0.,-1.));
#4512=DIRECTION('center_axis',(0.,0.,1.));
#4513=DIRECTION('ref_axis',(-1.83697019872103E-16,1.,0.));
#4514=DIRECTION('center_axis',(0.,0.,1.));
#4515=DIRECTION('ref_axis',(-1.83697019872103E-16,1.,0.));
#4516=DIRECTION('center_axis',(0.,0.,1.));
#4517=DIRECTION('ref_axis',(-1.83697019872103E-16,1.,0.));
#4518=DIRECTION('center_axis',(0.,0.,1.));
#4519=DIRECTION('ref_axis',(-1.83697019872103E-16,1.,0.));
#4520=DIRECTION('center_axis',(0.,0.,1.));
#4521=DIRECTION('ref_axis',(-1.83697019872103E-16,1.,0.));
#4522=DIRECTION('center_axis',(0.,0.,-1.));
#4523=DIRECTION('ref_axis',(1.83697019872103E-16,-1.,0.));
#4524=DIRECTION('center_axis',(0.,0.,1.));
#4525=DIRECTION('ref_axis',(-1.83697019872103E-16,1.,0.));
#4526=DIRECTION('center_axis',(0.,0.,-1.));
#4527=DIRECTION('ref_axis',(1.83697019872103E-16,-1.,0.));
#4528=DIRECTION('center_axis',(0.,0.,-1.));
#4529=DIRECTION('ref_axis',(1.83697019872103E-16,-1.,0.));
#4530=DIRECTION('center_axis',(0.,0.,1.));
#4531=DIRECTION('ref_axis',(-1.83697019872103E-16,1.,0.));
#4532=DIRECTION('',(2.16489014058873E-16,-0.707106781186547,0.707106781186548));
#4533=DIRECTION('center_axis',(0.,0.,1.));
#4534=DIRECTION('ref_axis',(1.,0.,0.));
#4535=DIRECTION('center_axis',(0.,0.,1.));
#4536=DIRECTION('ref_axis',(1.,0.,0.));
#4537=DIRECTION('center_axis',(0.,0.,-1.));
#4538=DIRECTION('ref_axis',(-1.,0.,0.));
#4539=DIRECTION('center_axis',(0.,0.,1.));
#4540=DIRECTION('ref_axis',(1.,0.,0.));
#4541=DIRECTION('',(0.,0.,-1.));
#4542=DIRECTION('center_axis',(0.,0.,1.));
#4543=DIRECTION('ref_axis',(1.,0.,0.));
#4544=DIRECTION('center_axis',(0.,0.,-1.));
#4545=DIRECTION('ref_axis',(-1.,0.,0.));
#4546=DIRECTION('',(0.,0.,1.));
#4547=DIRECTION('center_axis',(0.,0.,1.));
#4548=DIRECTION('ref_axis',(1.,0.,0.));
#4549=DIRECTION('',(0.,0.,1.));
#4550=DIRECTION('center_axis',(0.,0.,1.));
#4551=DIRECTION('ref_axis',(1.,0.,0.));
#4552=DIRECTION('',(0.,0.,1.));
#4553=DIRECTION('center_axis',(0.,0.,1.));
#4554=DIRECTION('ref_axis',(1.,0.,0.));
#4555=DIRECTION('center_axis',(0.,0.,1.));
#4556=DIRECTION('ref_axis',(1.,0.,0.));
#4557=DIRECTION('center_axis',(0.,0.,1.));
#4558=DIRECTION('ref_axis',(1.,0.,0.));
#4559=DIRECTION('center_axis',(0.,0.,1.));
#4560=DIRECTION('ref_axis',(1.,0.,0.));
#4561=DIRECTION('center_axis',(0.,0.,-1.));
#4562=DIRECTION('ref_axis',(-1.,0.,0.));
#4563=DIRECTION('center_axis',(0.,0.,1.));
#4564=DIRECTION('ref_axis',(1.,0.,0.));
#4565=DIRECTION('',(0.,0.,1.));
#4566=DIRECTION('center_axis',(0.,0.,1.));
#4567=DIRECTION('ref_axis',(1.,0.,0.));
#4568=DIRECTION('center_axis',(0.,0.,-1.));
#4569=DIRECTION('ref_axis',(-1.,0.,0.));
#4570=DIRECTION('center_axis',(0.,0.,1.));
#4571=DIRECTION('ref_axis',(1.,0.,0.));
#4572=DIRECTION('',(0.,0.,-1.));
#4573=DIRECTION('center_axis',(0.,0.,1.));
#4574=DIRECTION('ref_axis',(1.,0.,0.));
#4575=DIRECTION('center_axis',(0.,0.,1.));
#4576=DIRECTION('ref_axis',(1.,0.,0.));
#4577=DIRECTION('center_axis',(0.,0.,1.));
#4578=DIRECTION('ref_axis',(1.,0.,0.));
#4579=DIRECTION('center_axis',(0.,0.,1.));
#4580=DIRECTION('ref_axis',(1.,0.,0.));
#4581=DIRECTION('center_axis',(0.,0.,1.));
#4582=DIRECTION('ref_axis',(1.,0.,0.));
#4583=DIRECTION('center_axis',(0.,0.,-1.));
#4584=DIRECTION('ref_axis',(-1.,0.,0.));
#4585=DIRECTION('',(0.,0.,-1.));
#4586=DIRECTION('center_axis',(0.,0.,-1.));
#4587=DIRECTION('ref_axis',(-1.,0.,0.));
#4588=DIRECTION('',(-0.707106781186547,8.65956056235493E-17,0.707106781186548));
#4589=DIRECTION('center_axis',(0.,0.,1.));
#4590=DIRECTION('ref_axis',(1.,0.,0.));
#4591=DIRECTION('',(-1.,-1.9184912131319E-16,0.));
#4592=DIRECTION('center_axis',(-1.9184912131319E-16,1.,0.));
#4593=DIRECTION('ref_axis',(-1.,-1.9184912131319E-16,0.));
#4594=DIRECTION('center_axis',(1.,6.12323399573677E-17,3.5402519917894E-16));
#4595=DIRECTION('ref_axis',(3.5402519917894E-16,0.,-1.));
#4596=DIRECTION('',(-6.12323399573677E-17,1.,0.));
#4597=DIRECTION('',(3.5402519917894E-16,2.16777913495996E-32,-1.));
#4598=DIRECTION('',(-6.12323399573677E-17,1.,0.));
#4599=DIRECTION('center_axis',(1.22464679914735E-16,7.49879891330929E-33,
-1.));
#4600=DIRECTION('ref_axis',(-1.,0.,-1.22464679914735E-16));
#4601=DIRECTION('',(-6.12323399573677E-17,1.,0.));
#4602=DIRECTION('',(-1.,-6.12323399573677E-17,-1.22464679914735E-16));
#4603=DIRECTION('center_axis',(1.,6.12323399573677E-17,3.5402519917894E-16));
#4604=DIRECTION('ref_axis',(3.5402519917894E-16,0.,-1.));
#4605=DIRECTION('',(-6.12323399573677E-17,1.,0.));
#4606=DIRECTION('',(3.5402519917894E-16,2.16777913495996E-32,-1.));
#4607=DIRECTION('center_axis',(-6.12323399573677E-17,1.,0.));
#4608=DIRECTION('ref_axis',(-1.,-6.12323399573677E-17,0.));
#4609=DIRECTION('center_axis',(6.12323399573677E-17,-1.,0.));
#4610=DIRECTION('ref_axis',(1.,6.12323399573677E-17,0.));
#4611=DIRECTION('center_axis',(-6.12323399573677E-17,1.,0.));
#4612=DIRECTION('ref_axis',(-1.,-6.12323399573677E-17,0.));
#4613=DIRECTION('center_axis',(6.12323399573677E-17,-1.,0.));
#4614=DIRECTION('ref_axis',(1.,6.12323399573677E-17,0.));
#4615=DIRECTION('',(-6.12323399573677E-17,1.,0.));
#4616=DIRECTION('center_axis',(6.12323399573677E-17,-1.,0.));
#4617=DIRECTION('ref_axis',(1.,6.12323399573677E-17,0.));
#4618=DIRECTION('center_axis',(6.12323399573677E-17,-1.,0.));
#4619=DIRECTION('ref_axis',(1.,6.12323399573677E-17,0.));
#4620=DIRECTION('center_axis',(6.12323399573677E-17,-1.,0.));
#4621=DIRECTION('ref_axis',(0.,0.,-1.));
#4622=DIRECTION('center_axis',(6.12323399573677E-17,-1.,0.));
#4623=DIRECTION('ref_axis',(1.,6.12323399573677E-17,0.));
#4624=DIRECTION('center_axis',(6.12323399573677E-17,-1.,0.));
#4625=DIRECTION('ref_axis',(1.,6.12323399573677E-17,0.));
#4626=DIRECTION('center_axis',(6.12323399573677E-17,-1.,0.));
#4627=DIRECTION('ref_axis',(1.,6.12323399573677E-17,0.));
#4628=DIRECTION('center_axis',(6.12323399573677E-17,-1.,0.));
#4629=DIRECTION('ref_axis',(1.,6.12323399573677E-17,0.));
#4630=DIRECTION('center_axis',(-6.12323399573677E-17,1.,0.));
#4631=DIRECTION('ref_axis',(-1.,-6.12323399573677E-17,0.));
#4632=DIRECTION('',(6.12323399573677E-17,-1.,0.));
#4633=DIRECTION('center_axis',(6.12323399573677E-17,-1.,0.));
#4634=DIRECTION('ref_axis',(1.,6.12323399573677E-17,0.));
#4635=DIRECTION('center_axis',(6.12323399573677E-17,-1.,0.));
#4636=DIRECTION('ref_axis',(1.,6.12323399573677E-17,0.));
#4637=DIRECTION('center_axis',(6.12323399573677E-17,-1.,0.));
#4638=DIRECTION('ref_axis',(1.,6.12323399573677E-17,0.));
#4639=DIRECTION('center_axis',(-6.12323399573677E-17,1.,0.));
#4640=DIRECTION('ref_axis',(-1.,-6.12323399573677E-17,0.));
#4641=DIRECTION('',(6.12323399573677E-17,-1.,0.));
#4642=DIRECTION('center_axis',(6.12323399573677E-17,-1.,0.));
#4643=DIRECTION('ref_axis',(1.,6.12323399573677E-17,0.));
#4644=DIRECTION('center_axis',(6.12323399573677E-17,-1.,0.));
#4645=DIRECTION('ref_axis',(1.,6.12323399573677E-17,0.));
#4646=DIRECTION('center_axis',(6.12323399573677E-17,-1.,0.));
#4647=DIRECTION('ref_axis',(1.,6.12323399573677E-17,0.));
#4648=DIRECTION('center_axis',(-6.12323399573677E-17,1.,0.));
#4649=DIRECTION('ref_axis',(-1.,-6.12323399573677E-17,0.));
#4650=DIRECTION('',(6.12323399573677E-17,-1.,0.));
#4651=DIRECTION('center_axis',(6.12323399573677E-17,-1.,0.));
#4652=DIRECTION('ref_axis',(1.,6.12323399573677E-17,0.));
#4653=DIRECTION('center_axis',(6.12323399573677E-17,-1.,0.));
#4654=DIRECTION('ref_axis',(1.,6.12323399573677E-17,0.));
#4655=DIRECTION('center_axis',(6.12323399573677E-17,-1.,0.));
#4656=DIRECTION('ref_axis',(1.,6.12323399573677E-17,0.));
#4657=DIRECTION('center_axis',(-6.12323399573677E-17,1.,0.));
#4658=DIRECTION('ref_axis',(-1.,-6.12323399573677E-17,0.));
#4659=DIRECTION('',(6.12323399573677E-17,-1.,0.));
#4660=DIRECTION('center_axis',(6.12323399573677E-17,-1.,0.));
#4661=DIRECTION('ref_axis',(1.,6.12323399573677E-17,0.));
#4662=DIRECTION('center_axis',(6.12323399573677E-17,-1.,0.));
#4663=DIRECTION('ref_axis',(1.,6.12323399573677E-17,0.));
#4664=DIRECTION('center_axis',(6.12323399573677E-17,-1.,0.));
#4665=DIRECTION('ref_axis',(1.,6.12323399573677E-17,0.));
#4666=DIRECTION('center_axis',(-6.12323399573677E-17,1.,0.));
#4667=DIRECTION('ref_axis',(-1.,-6.12323399573677E-17,0.));
#4668=DIRECTION('',(6.12323399573677E-17,-1.,0.));
#4669=DIRECTION('center_axis',(6.12323399573677E-17,-1.,0.));
#4670=DIRECTION('ref_axis',(1.,6.12323399573677E-17,0.));
#4671=DIRECTION('center_axis',(6.12323399573677E-17,-1.,0.));
#4672=DIRECTION('ref_axis',(1.,6.12323399573677E-17,0.));
#4673=DIRECTION('center_axis',(-6.12323399573677E-17,1.,0.));
#4674=DIRECTION('ref_axis',(-1.,-6.12323399573677E-17,0.));
#4675=DIRECTION('',(6.12323399573677E-17,-1.,0.));
#4676=DIRECTION('center_axis',(6.12323399573677E-17,-1.,0.));
#4677=DIRECTION('ref_axis',(1.,6.12323399573677E-17,0.));
#4678=DIRECTION('center_axis',(6.12323399573677E-17,-1.,0.));
#4679=DIRECTION('ref_axis',(1.,6.12323399573677E-17,0.));
#4680=DIRECTION('center_axis',(-6.12323399573677E-17,1.,0.));
#4681=DIRECTION('ref_axis',(-1.,-6.12323399573677E-17,0.));
#4682=DIRECTION('',(6.12323399573677E-17,-1.,0.));
#4683=DIRECTION('center_axis',(6.12323399573677E-17,-1.,0.));
#4684=DIRECTION('ref_axis',(1.,6.12323399573677E-17,0.));
#4685=DIRECTION('center_axis',(6.12323399573677E-17,-1.,0.));
#4686=DIRECTION('ref_axis',(1.,6.12323399573677E-17,0.));
#4687=DIRECTION('center_axis',(-6.12323399573677E-17,1.,0.));
#4688=DIRECTION('ref_axis',(-1.,-6.12323399573677E-17,0.));
#4689=DIRECTION('',(6.12323399573677E-17,-1.,0.));
#4690=DIRECTION('center_axis',(6.12323399573677E-17,-1.,0.));
#4691=DIRECTION('ref_axis',(1.,6.12323399573677E-17,0.));
#4692=DIRECTION('center_axis',(6.12323399573677E-17,-1.,0.));
#4693=DIRECTION('ref_axis',(1.,6.12323399573677E-17,0.));
#4694=DIRECTION('center_axis',(0.,0.,1.));
#4695=DIRECTION('ref_axis',(1.,0.,0.));
#4696=DIRECTION('center_axis',(0.,0.,1.));
#4697=DIRECTION('ref_axis',(1.,0.,0.));
#4698=DIRECTION('',(0.,0.,1.));
#4699=DIRECTION('center_axis',(0.,0.,1.));
#4700=DIRECTION('ref_axis',(1.,0.,0.));
#4701=DIRECTION('',(0.,0.,1.));
#4702=DIRECTION('center_axis',(0.,0.,-1.));
#4703=DIRECTION('ref_axis',(1.,0.,0.));
#4704=DIRECTION('center_axis',(0.,0.,1.));
#4705=DIRECTION('ref_axis',(-1.,1.22464679914735E-16,0.));
#4706=DIRECTION('center_axis',(0.,0.,-1.));
#4707=DIRECTION('ref_axis',(1.,0.,0.));
#4708=DIRECTION('center_axis',(0.,0.,1.));
#4709=DIRECTION('ref_axis',(1.,0.,0.));
#4710=DIRECTION('center_axis',(0.,0.,-1.));
#4711=DIRECTION('ref_axis',(-1.,0.,0.));
#4712=DIRECTION('center_axis',(0.,0.,-1.));
#4713=DIRECTION('ref_axis',(-1.,0.,0.));
#4714=DIRECTION('center_axis',(0.,-1.,0.));
#4715=DIRECTION('ref_axis',(1.,0.,0.));
#4716=DIRECTION('center_axis',(0.,1.,0.));
#4717=DIRECTION('ref_axis',(0.,0.,1.));
#4718=DIRECTION('',(0.,0.,1.));
#4719=DIRECTION('',(-1.,0.,0.));
#4720=DIRECTION('',(0.,0.,1.));
#4721=DIRECTION('center_axis',(1.,0.,0.));
#4722=DIRECTION('ref_axis',(0.,0.,-1.));
#4723=DIRECTION('',(0.,0.,1.));
#4724=DIRECTION('',(0.,1.,0.));
#4725=DIRECTION('center_axis',(0.,1.,0.));
#4726=DIRECTION('ref_axis',(0.,0.,1.));
#4727=DIRECTION('',(0.,0.,1.));
#4728=DIRECTION('',(-1.,0.,0.));
#4729=DIRECTION('center_axis',(-1.,0.,0.));
#4730=DIRECTION('ref_axis',(0.,0.,1.));
#4731=DIRECTION('',(0.,0.,1.));
#4732=DIRECTION('',(0.,-1.,0.));
#4733=DIRECTION('center_axis',(0.,1.,0.));
#4734=DIRECTION('ref_axis',(0.,0.,1.));
#4735=DIRECTION('',(0.,0.,1.));
#4736=DIRECTION('',(-1.,0.,0.));
#4737=DIRECTION('center_axis',(1.,0.,0.));
#4738=DIRECTION('ref_axis',(0.,0.,-1.));
#4739=DIRECTION('',(0.,0.,1.));
#4740=DIRECTION('',(0.,1.,0.));
#4741=DIRECTION('center_axis',(0.,1.,0.));
#4742=DIRECTION('ref_axis',(0.,0.,1.));
#4743=DIRECTION('',(0.,0.,1.));
#4744=DIRECTION('',(-1.,0.,0.));
#4745=DIRECTION('center_axis',(1.,0.,0.));
#4746=DIRECTION('ref_axis',(0.,0.,-1.));
#4747=DIRECTION('',(0.,0.,1.));
#4748=DIRECTION('',(0.,1.,0.));
#4749=DIRECTION('center_axis',(0.,1.,0.));
#4750=DIRECTION('ref_axis',(0.,0.,1.));
#4751=DIRECTION('',(0.,0.,1.));
#4752=DIRECTION('',(-1.,0.,0.));
#4753=DIRECTION('center_axis',(-1.,0.,0.));
#4754=DIRECTION('ref_axis',(0.,0.,1.));
#4755=DIRECTION('',(0.,0.,1.));
#4756=DIRECTION('',(0.,-1.,0.));
#4757=DIRECTION('center_axis',(0.,1.,0.));
#4758=DIRECTION('ref_axis',(0.,0.,1.));
#4759=DIRECTION('',(0.,0.,1.));
#4760=DIRECTION('',(-1.,0.,0.));
#4761=DIRECTION('center_axis',(1.,0.,0.));
#4762=DIRECTION('ref_axis',(0.,0.,-1.));
#4763=DIRECTION('',(0.,1.,0.));
#4764=DIRECTION('center_axis',(0.,0.,1.));
#4765=DIRECTION('ref_axis',(1.,0.,0.));
#4766=DIRECTION('center_axis',(0.,0.,1.));
#4767=DIRECTION('ref_axis',(1.,0.,0.));
#4768=DIRECTION('',(0.,0.,1.));
#4769=DIRECTION('center_axis',(0.,0.,-1.));
#4770=DIRECTION('ref_axis',(1.,0.,0.));
#4771=DIRECTION('center_axis',(0.,0.,1.));
#4772=DIRECTION('ref_axis',(-1.,1.22464679914735E-16,0.));
#4773=DIRECTION('',(0.,0.,1.));
#4774=DIRECTION('center_axis',(0.,0.,1.));
#4775=DIRECTION('ref_axis',(1.,0.,0.));
#4776=DIRECTION('center_axis',(0.,0.,1.));
#4777=DIRECTION('ref_axis',(1.,0.,0.));
#4778=DIRECTION('center_axis',(0.,0.,1.));
#4779=DIRECTION('ref_axis',(1.,0.,0.));
#4780=DIRECTION('center_axis',(0.,0.,1.));
#4781=DIRECTION('ref_axis',(1.,0.,0.));
#4782=DIRECTION('center_axis',(0.,0.,-1.));
#4783=DIRECTION('ref_axis',(-1.,0.,0.));
#4784=DIRECTION('center_axis',(0.,0.,-1.));
#4785=DIRECTION('ref_axis',(-1.,0.,0.));
#4786=DIRECTION('center_axis',(0.,-1.,0.));
#4787=DIRECTION('ref_axis',(1.,0.,0.));
#4788=DIRECTION('center_axis',(0.,0.,1.));
#4789=DIRECTION('ref_axis',(-1.,0.,0.));
#4790=DIRECTION('center_axis',(0.,0.,-1.));
#4791=DIRECTION('ref_axis',(-1.,0.,0.));
#4792=DIRECTION('',(0.,-1.,0.));
#4793=DIRECTION('',(-1.,0.,0.));
#4794=DIRECTION('',(0.,-1.,0.));
#4795=DIRECTION('',(-1.,0.,0.));
#4796=DIRECTION('',(0.,1.,0.));
#4797=DIRECTION('',(-1.,0.,0.));
#4798=DIRECTION('',(0.,-1.,0.));
#4799=DIRECTION('',(-1.,0.,0.));
#4800=DIRECTION('',(0.,-1.,0.));
#4801=DIRECTION('',(-1.,0.,0.));
#4802=DIRECTION('',(0.,1.,0.));
#4803=DIRECTION('',(-1.,0.,0.));
#4804=DIRECTION('center_axis',(0.,1.,0.));
#4805=DIRECTION('ref_axis',(0.,0.,1.));
#4806=DIRECTION('',(0.,0.,1.));
#4807=DIRECTION('',(-1.,0.,0.));
#4808=DIRECTION('',(0.,0.,1.));
#4809=DIRECTION('center_axis',(-1.,0.,0.));
#4810=DIRECTION('ref_axis',(0.,0.,1.));
#4811=DIRECTION('',(0.,0.,1.));
#4812=DIRECTION('',(0.,-1.,0.));
#4813=DIRECTION('center_axis',(0.,1.,0.));
#4814=DIRECTION('ref_axis',(0.,0.,1.));
#4815=DIRECTION('',(0.,0.,1.));
#4816=DIRECTION('',(-1.,0.,0.));
#4817=DIRECTION('center_axis',(1.,0.,0.));
#4818=DIRECTION('ref_axis',(0.,0.,-1.));
#4819=DIRECTION('',(0.,0.,1.));
#4820=DIRECTION('',(0.,1.,0.));
#4821=DIRECTION('center_axis',(0.,1.,0.));
#4822=DIRECTION('ref_axis',(0.,0.,1.));
#4823=DIRECTION('',(0.,0.,1.));
#4824=DIRECTION('',(-1.,0.,0.));
#4825=DIRECTION('center_axis',(-1.,0.,0.));
#4826=DIRECTION('ref_axis',(0.,0.,1.));
#4827=DIRECTION('',(0.,0.,1.));
#4828=DIRECTION('',(0.,-1.,0.));
#4829=DIRECTION('center_axis',(0.,1.,0.));
#4830=DIRECTION('ref_axis',(0.,0.,1.));
#4831=DIRECTION('',(0.,0.,1.));
#4832=DIRECTION('',(-1.,0.,0.));
#4833=DIRECTION('center_axis',(-1.,0.,0.));
#4834=DIRECTION('ref_axis',(0.,0.,1.));
#4835=DIRECTION('',(0.,0.,1.));
#4836=DIRECTION('',(0.,-1.,0.));
#4837=DIRECTION('center_axis',(0.,1.,0.));
#4838=DIRECTION('ref_axis',(0.,0.,1.));
#4839=DIRECTION('',(0.,0.,1.));
#4840=DIRECTION('',(-1.,0.,0.));
#4841=DIRECTION('center_axis',(1.,0.,0.));
#4842=DIRECTION('ref_axis',(0.,0.,-1.));
#4843=DIRECTION('',(0.,0.,1.));
#4844=DIRECTION('',(0.,1.,0.));
#4845=DIRECTION('center_axis',(0.,1.,0.));
#4846=DIRECTION('ref_axis',(0.,0.,1.));
#4847=DIRECTION('',(0.,0.,1.));
#4848=DIRECTION('',(-1.,0.,0.));
#4849=DIRECTION('center_axis',(-1.,0.,0.));
#4850=DIRECTION('ref_axis',(0.,0.,1.));
#4851=DIRECTION('',(0.,-1.,0.));
#4852=DIRECTION('center_axis',(0.,0.,1.));
#4853=DIRECTION('ref_axis',(1.,0.,0.));
#4854=DIRECTION('center_axis',(0.,0.,1.));
#4855=DIRECTION('ref_axis',(1.,0.,0.));
#4856=DIRECTION('',(0.,0.,1.));
#4857=DIRECTION('center_axis',(0.,0.,-1.));
#4858=DIRECTION('ref_axis',(-1.,0.,0.));
#4859=DIRECTION('center_axis',(0.,0.,1.));
#4860=DIRECTION('ref_axis',(1.,0.,0.));
#4861=DIRECTION('',(0.,0.,1.));
#4862=DIRECTION('center_axis',(0.,0.,1.));
#4863=DIRECTION('ref_axis',(-1.,0.,0.));
#4864=DIRECTION('center_axis',(0.,0.,1.));
#4865=DIRECTION('ref_axis',(1.,0.,0.));
#4866=DIRECTION('center_axis',(0.,0.,1.));
#4867=DIRECTION('ref_axis',(-1.,0.,0.));
#4868=DIRECTION('center_axis',(0.,0.,1.));
#4869=DIRECTION('ref_axis',(-1.,0.,0.));
#4870=DIRECTION('center_axis',(0.,0.,-1.));
#4871=DIRECTION('ref_axis',(-1.,0.,0.));
#4872=DIRECTION('center_axis',(0.,0.,-1.));
#4873=DIRECTION('ref_axis',(1.,0.,0.));
#4874=DIRECTION('center_axis',(0.,1.,0.));
#4875=DIRECTION('ref_axis',(-1.,0.,0.));
#4876=DIRECTION('center_axis',(0.,0.,1.));
#4877=DIRECTION('ref_axis',(1.,0.,0.));
#4878=DIRECTION('center_axis',(0.,0.,-1.));
#4879=DIRECTION('ref_axis',(1.,0.,0.));
#4880=DIRECTION('',(0.,1.,0.));
#4881=DIRECTION('',(1.,0.,0.));
#4882=DIRECTION('',(0.,1.,0.));
#4883=DIRECTION('',(1.,0.,0.));
#4884=DIRECTION('',(0.,-1.,0.));
#4885=DIRECTION('',(1.,0.,0.));
#4886=DIRECTION('',(0.,1.,0.));
#4887=DIRECTION('',(1.,0.,0.));
#4888=DIRECTION('',(0.,1.,0.));
#4889=DIRECTION('',(1.,0.,0.));
#4890=DIRECTION('',(0.,-1.,0.));
#4891=DIRECTION('',(1.,0.,0.));
#4892=DIRECTION('center_axis',(0.,-1.,0.));
#4893=DIRECTION('ref_axis',(0.,0.,-1.));
#4894=DIRECTION('',(0.,0.,1.));
#4895=DIRECTION('',(1.,0.,0.));
#4896=DIRECTION('',(0.,0.,1.));
#4897=DIRECTION('center_axis',(1.,0.,0.));
#4898=DIRECTION('ref_axis',(0.,0.,-1.));
#4899=DIRECTION('',(0.,0.,1.));
#4900=DIRECTION('',(0.,1.,0.));
#4901=DIRECTION('center_axis',(0.,-1.,0.));
#4902=DIRECTION('ref_axis',(0.,0.,-1.));
#4903=DIRECTION('',(0.,0.,1.));
#4904=DIRECTION('',(1.,0.,0.));
#4905=DIRECTION('center_axis',(-1.,0.,0.));
#4906=DIRECTION('ref_axis',(0.,0.,1.));
#4907=DIRECTION('',(0.,0.,1.));
#4908=DIRECTION('',(0.,-1.,0.));
#4909=DIRECTION('center_axis',(0.,-1.,0.));
#4910=DIRECTION('ref_axis',(0.,0.,-1.));
#4911=DIRECTION('',(0.,0.,1.));
#4912=DIRECTION('',(1.,0.,0.));
#4913=DIRECTION('center_axis',(1.,0.,0.));
#4914=DIRECTION('ref_axis',(0.,0.,-1.));
#4915=DIRECTION('',(0.,0.,1.));
#4916=DIRECTION('',(0.,1.,0.));
#4917=DIRECTION('center_axis',(0.,-1.,0.));
#4918=DIRECTION('ref_axis',(0.,0.,-1.));
#4919=DIRECTION('',(0.,0.,1.));
#4920=DIRECTION('',(1.,0.,0.));
#4921=DIRECTION('center_axis',(1.,0.,0.));
#4922=DIRECTION('ref_axis',(0.,0.,-1.));
#4923=DIRECTION('',(0.,0.,1.));
#4924=DIRECTION('',(0.,1.,0.));
#4925=DIRECTION('center_axis',(0.,-1.,0.));
#4926=DIRECTION('ref_axis',(0.,0.,-1.));
#4927=DIRECTION('',(0.,0.,1.));
#4928=DIRECTION('',(1.,0.,0.));
#4929=DIRECTION('center_axis',(-1.,0.,0.));
#4930=DIRECTION('ref_axis',(0.,0.,1.));
#4931=DIRECTION('',(0.,0.,1.));
#4932=DIRECTION('',(0.,-1.,0.));
#4933=DIRECTION('center_axis',(0.,-1.,0.));
#4934=DIRECTION('ref_axis',(0.,0.,-1.));
#4935=DIRECTION('',(0.,0.,1.));
#4936=DIRECTION('',(1.,0.,0.));
#4937=DIRECTION('center_axis',(1.,0.,0.));
#4938=DIRECTION('ref_axis',(0.,0.,-1.));
#4939=DIRECTION('',(0.,1.,0.));
#4940=DIRECTION('center_axis',(0.,0.,1.));
#4941=DIRECTION('ref_axis',(-1.,0.,0.));
#4942=DIRECTION('center_axis',(0.,0.,1.));
#4943=DIRECTION('ref_axis',(1.,0.,0.));
#4944=DIRECTION('center_axis',(0.,0.,1.));
#4945=DIRECTION('ref_axis',(-1.,0.,0.));
#4946=DIRECTION('',(0.,0.,1.));
#4947=DIRECTION('center_axis',(0.,0.,1.));
#4948=DIRECTION('ref_axis',(1.,0.,0.));
#4949=DIRECTION('',(0.,0.,1.));
#4950=DIRECTION('center_axis',(0.,0.,-1.));
#4951=DIRECTION('ref_axis',(-1.,0.,0.));
#4952=DIRECTION('center_axis',(0.,0.,1.));
#4953=DIRECTION('ref_axis',(1.,0.,0.));
#4954=DIRECTION('center_axis',(0.,0.,-1.));
#4955=DIRECTION('ref_axis',(-1.,0.,0.));
#4956=DIRECTION('center_axis',(0.,0.,1.));
#4957=DIRECTION('ref_axis',(-1.,0.,0.));
#4958=DIRECTION('center_axis',(0.,0.,-1.));
#4959=DIRECTION('ref_axis',(-1.,0.,0.));
#4960=DIRECTION('center_axis',(0.,0.,-1.));
#4961=DIRECTION('ref_axis',(1.,0.,0.));
#4962=DIRECTION('center_axis',(0.,1.,0.));
#4963=DIRECTION('ref_axis',(-1.,0.,0.));
#4964=DIRECTION('center_axis',(0.,-1.,0.));
#4965=DIRECTION('ref_axis',(0.,0.,-1.));
#4966=DIRECTION('',(0.,0.,1.));
#4967=DIRECTION('',(1.,0.,0.));
#4968=DIRECTION('',(0.,0.,1.));
#4969=DIRECTION('center_axis',(-1.,0.,0.));
#4970=DIRECTION('ref_axis',(0.,0.,1.));
#4971=DIRECTION('',(0.,0.,1.));
#4972=DIRECTION('',(0.,-1.,0.));
#4973=DIRECTION('center_axis',(0.,-1.,0.));
#4974=DIRECTION('ref_axis',(0.,0.,-1.));
#4975=DIRECTION('',(0.,0.,1.));
#4976=DIRECTION('',(1.,0.,0.));
#4977=DIRECTION('center_axis',(1.,0.,0.));
#4978=DIRECTION('ref_axis',(0.,0.,-1.));
#4979=DIRECTION('',(0.,0.,1.));
#4980=DIRECTION('',(0.,1.,0.));
#4981=DIRECTION('center_axis',(0.,-1.,0.));
#4982=DIRECTION('ref_axis',(0.,0.,-1.));
#4983=DIRECTION('',(0.,0.,1.));
#4984=DIRECTION('',(1.,0.,0.));
#4985=DIRECTION('center_axis',(-1.,0.,0.));
#4986=DIRECTION('ref_axis',(0.,0.,1.));
#4987=DIRECTION('',(0.,0.,1.));
#4988=DIRECTION('',(0.,-1.,0.));
#4989=DIRECTION('center_axis',(0.,-1.,0.));
#4990=DIRECTION('ref_axis',(0.,0.,-1.));
#4991=DIRECTION('',(0.,0.,1.));
#4992=DIRECTION('',(1.,0.,0.));
#4993=DIRECTION('center_axis',(-1.,0.,0.));
#4994=DIRECTION('ref_axis',(0.,0.,1.));
#4995=DIRECTION('',(0.,0.,1.));
#4996=DIRECTION('',(0.,-1.,0.));
#4997=DIRECTION('center_axis',(0.,-1.,0.));
#4998=DIRECTION('ref_axis',(0.,0.,-1.));
#4999=DIRECTION('',(0.,0.,1.));
#5000=DIRECTION('',(1.,0.,0.));
#5001=DIRECTION('center_axis',(1.,0.,0.));
#5002=DIRECTION('ref_axis',(0.,0.,-1.));
#5003=DIRECTION('',(0.,0.,1.));
#5004=DIRECTION('',(0.,1.,0.));
#5005=DIRECTION('center_axis',(0.,-1.,0.));
#5006=DIRECTION('ref_axis',(0.,0.,-1.));
#5007=DIRECTION('',(0.,0.,1.));
#5008=DIRECTION('',(1.,0.,0.));
#5009=DIRECTION('center_axis',(-1.,0.,0.));
#5010=DIRECTION('ref_axis',(0.,0.,1.));
#5011=DIRECTION('',(0.,-1.,0.));
#5012=DIRECTION('center_axis',(0.,0.,1.));
#5013=DIRECTION('ref_axis',(-1.,0.,0.));
#5014=CARTESIAN_POINT('',(0.,0.,0.));
#5015=CARTESIAN_POINT('Origin',(-0.02645,-0.015975,0.0748));
#5016=CARTESIAN_POINT('',(-0.02735,-0.015975,0.0748));
#5017=CARTESIAN_POINT('Origin',(-0.02555,-0.015975,0.0748));
#5018=CARTESIAN_POINT('',(-0.02605,-0.014475,0.0748));
#5019=CARTESIAN_POINT('',(-0.02505,-0.014475,0.0748));
#5020=CARTESIAN_POINT('',(-0.02555,-0.014475,0.0748));
#5021=CARTESIAN_POINT('',(-0.02505,-0.015475,0.0748));
#5022=CARTESIAN_POINT('',(-0.02505,-0.014975,0.0748));
#5023=CARTESIAN_POINT('',(-0.02405,-0.015475,0.0748));
#5024=CARTESIAN_POINT('',(-0.02455,-0.015475,0.0748));
#5025=CARTESIAN_POINT('',(-0.02405,-0.016475,0.0748));
#5026=CARTESIAN_POINT('',(-0.02405,-0.015975,0.0748));
#5027=CARTESIAN_POINT('',(-0.02505,-0.016475,0.0748));
#5028=CARTESIAN_POINT('',(-0.02455,-0.016475,0.0748));
#5029=CARTESIAN_POINT('',(-0.02505,-0.017475,0.0748));
#5030=CARTESIAN_POINT('',(-0.02505,-0.016975,0.0748));
#5031=CARTESIAN_POINT('',(-0.02605,-0.017475,0.0748));
#5032=CARTESIAN_POINT('',(-0.02555,-0.017475,0.0748));
#5033=CARTESIAN_POINT('',(-0.02605,-0.016475,0.0748));
#5034=CARTESIAN_POINT('',(-0.02605,-0.016975,0.0748));
#5035=CARTESIAN_POINT('',(-0.02705,-0.016475,0.0748));
#5036=CARTESIAN_POINT('',(-0.02655,-0.016475,0.0748));
#5037=CARTESIAN_POINT('',(-0.02705,-0.015475,0.0748));
#5038=CARTESIAN_POINT('',(-0.02705,-0.015975,0.0748));
#5039=CARTESIAN_POINT('',(-0.02605,-0.015475,0.0748));
#5040=CARTESIAN_POINT('',(-0.02655,-0.015475,0.0748));
#5041=CARTESIAN_POINT('',(-0.02605,-0.014975,0.0748));
#5042=CARTESIAN_POINT('Origin',(-0.0282,-0.0095,0.0756));
#5043=CARTESIAN_POINT('',(-0.0282,-0.021875,0.0729));
#5044=CARTESIAN_POINT('',(-0.0282,-0.010075,0.0729));
#5045=CARTESIAN_POINT('',(-0.0282,-0.0095,0.0729));
#5046=CARTESIAN_POINT('',(-0.0282,-0.010075,0.0756));
#5047=CARTESIAN_POINT('',(-0.0282,-0.010075,0.0729));
#5048=CARTESIAN_POINT('',(-0.0282,0.010075,0.0756));
#5049=CARTESIAN_POINT('',(-0.0282,-0.0095,0.0756));
#5050=CARTESIAN_POINT('',(-0.0282,0.010075,0.0729));
#5051=CARTESIAN_POINT('',(-0.0282,0.010075,0.0729));
#5052=CARTESIAN_POINT('',(-0.0282,0.021875,0.0729));
#5053=CARTESIAN_POINT('',(-0.0282,0.0095,0.0729));
#5054=CARTESIAN_POINT('',(-0.0282,0.021875,0.0756));
#5055=CARTESIAN_POINT('',(-0.0282,0.021875,0.0729));
#5056=CARTESIAN_POINT('',(-0.0282,0.0247,0.0756));
#5057=CARTESIAN_POINT('',(-0.0282,-0.0095,0.0756));
#5058=CARTESIAN_POINT('',(-0.0282,0.0247,0.07085));
#5059=CARTESIAN_POINT('',(-0.0282,0.0247,0.0756));
#5060=CARTESIAN_POINT('',(-0.0282,0.017,0.07085));
#5061=CARTESIAN_POINT('',(-0.0282,0.0236,0.07085));
#5062=CARTESIAN_POINT('',(-0.0282,0.017,0.0647));
#5063=CARTESIAN_POINT('',(-0.0282,0.017,0.0756));
#5064=CARTESIAN_POINT('',(-0.0282,-0.017,0.0647));
#5065=CARTESIAN_POINT('',(-0.0282,-0.0095,0.0647));
#5066=CARTESIAN_POINT('',(-0.0282,-0.017,0.07085));
#5067=CARTESIAN_POINT('',(-0.0282,-0.017,0.0756));
#5068=CARTESIAN_POINT('',(-0.0282,-0.0247,0.07085));
#5069=CARTESIAN_POINT('',(-0.0282,-0.0236,0.07085));
#5070=CARTESIAN_POINT('',(-0.0282,-0.0247,0.0756));
#5071=CARTESIAN_POINT('',(-0.0282,-0.0247,0.0756));
#5072=CARTESIAN_POINT('',(-0.0282,-0.021875,0.0756));
#5073=CARTESIAN_POINT('',(-0.0282,-0.0095,0.0756));
#5074=CARTESIAN_POINT('',(-0.0282,-0.021875,0.0729));
#5075=CARTESIAN_POINT('Origin',(0.0282,0.0095,0.0756));
#5076=CARTESIAN_POINT('',(0.0282,-0.021875,0.0729));
#5077=CARTESIAN_POINT('',(0.0282,-0.010075,0.0729));
#5078=CARTESIAN_POINT('',(0.0282,-0.0095,0.0729));
#5079=CARTESIAN_POINT('',(0.0282,-0.021875,0.0756));
#5080=CARTESIAN_POINT('',(0.0282,-0.021875,0.0729));
#5081=CARTESIAN_POINT('',(0.0282,-0.0247,0.0756));
#5082=CARTESIAN_POINT('',(0.0282,0.0095,0.0756));
#5083=CARTESIAN_POINT('',(0.0282,-0.0247,0.07085));
#5084=CARTESIAN_POINT('',(0.0282,-0.0247,0.0756));
#5085=CARTESIAN_POINT('',(0.0282,-0.017,0.07085));
#5086=CARTESIAN_POINT('',(0.0282,-0.0236,0.07085));
#5087=CARTESIAN_POINT('',(0.0282,-0.017,0.0647));
#5088=CARTESIAN_POINT('',(0.0282,-0.017,0.0756));
#5089=CARTESIAN_POINT('',(0.0282,0.017,0.0647));
#5090=CARTESIAN_POINT('',(0.0282,0.0095,0.0647));
#5091=CARTESIAN_POINT('',(0.0282,0.017,0.07085));
#5092=CARTESIAN_POINT('',(0.0282,0.017,0.0756));
#5093=CARTESIAN_POINT('',(0.0282,0.0247,0.07085));
#5094=CARTESIAN_POINT('',(0.0282,0.0236,0.07085));
#5095=CARTESIAN_POINT('',(0.0282,0.0247,0.0756));
#5096=CARTESIAN_POINT('',(0.0282,0.0247,0.0756));
#5097=CARTESIAN_POINT('',(0.0282,0.021875,0.0756));
#5098=CARTESIAN_POINT('',(0.0282,0.0095,0.0756));
#5099=CARTESIAN_POINT('',(0.0282,0.021875,0.0729));
#5100=CARTESIAN_POINT('',(0.0282,0.021875,0.0729));
#5101=CARTESIAN_POINT('',(0.0282,0.010075,0.0729));
#5102=CARTESIAN_POINT('',(0.0282,0.0095,0.0729));
#5103=CARTESIAN_POINT('',(0.0282,0.010075,0.0756));
#5104=CARTESIAN_POINT('',(0.0282,0.010075,0.0729));
#5105=CARTESIAN_POINT('',(0.0282,-0.010075,0.0756));
#5106=CARTESIAN_POINT('',(0.0282,0.0095,0.0756));
#5107=CARTESIAN_POINT('',(0.0282,-0.010075,0.0729));
#5108=CARTESIAN_POINT('Origin',(0.02645,0.015975,0.0748));
#5109=CARTESIAN_POINT('',(0.02735,0.015975,0.0748));
#5110=CARTESIAN_POINT('Origin',(0.02555,0.015975,0.0748));
#5111=CARTESIAN_POINT('',(0.02605,0.014475,0.0748));
#5112=CARTESIAN_POINT('',(0.02505,0.014475,0.0748));
#5113=CARTESIAN_POINT('',(0.02555,0.014475,0.0748));
#5114=CARTESIAN_POINT('',(0.02505,0.015475,0.0748));
#5115=CARTESIAN_POINT('',(0.02505,0.014975,0.0748));
#5116=CARTESIAN_POINT('',(0.02405,0.015475,0.0748));
#5117=CARTESIAN_POINT('',(0.02455,0.015475,0.0748));
#5118=CARTESIAN_POINT('',(0.02405,0.016475,0.0748));
#5119=CARTESIAN_POINT('',(0.02405,0.015975,0.0748));
#5120=CARTESIAN_POINT('',(0.02505,0.016475,0.0748));
#5121=CARTESIAN_POINT('',(0.02455,0.016475,0.0748));
#5122=CARTESIAN_POINT('',(0.02505,0.017475,0.0748));
#5123=CARTESIAN_POINT('',(0.02505,0.016975,0.0748));
#5124=CARTESIAN_POINT('',(0.02605,0.017475,0.0748));
#5125=CARTESIAN_POINT('',(0.02555,0.017475,0.0748));
#5126=CARTESIAN_POINT('',(0.02605,0.016475,0.0748));
#5127=CARTESIAN_POINT('',(0.02605,0.016975,0.0748));
#5128=CARTESIAN_POINT('',(0.02705,0.016475,0.0748));
#5129=CARTESIAN_POINT('',(0.02655,0.016475,0.0748));
#5130=CARTESIAN_POINT('',(0.02705,0.015475,0.0748));
#5131=CARTESIAN_POINT('',(0.02705,0.015975,0.0748));
#5132=CARTESIAN_POINT('',(0.02605,0.015475,0.0748));
#5133=CARTESIAN_POINT('',(0.02655,0.015475,0.0748));
#5134=CARTESIAN_POINT('',(0.02605,0.014975,0.0748));
#5135=CARTESIAN_POINT('Origin',(0.0095,-0.0282,0.0756));
#5136=CARTESIAN_POINT('',(0.017,-0.0282,0.0116));
#5137=CARTESIAN_POINT('',(0.017,-0.0282,0.0647));
#5138=CARTESIAN_POINT('',(0.017,-0.0282,0.0756));
#5139=CARTESIAN_POINT('',(-0.017,-0.0282,0.0647));
#5140=CARTESIAN_POINT('',(0.0095,-0.0282,0.0647));
#5141=CARTESIAN_POINT('',(-0.017,-0.0282,0.0116));
#5142=CARTESIAN_POINT('',(-0.017,-0.0282,0.0756));
#5143=CARTESIAN_POINT('',(-0.0057,-0.0282,0.0116));
#5144=CARTESIAN_POINT('',(0.0095,-0.0282,0.0116));
#5145=CARTESIAN_POINT('',(0.0057,-0.0282,0.0116));
#5146=CARTESIAN_POINT('',(0.0095,-0.0282,0.0116));
#5147=CARTESIAN_POINT('',(0.0095,-0.0282,0.0116));
#5148=CARTESIAN_POINT('Origin',(0.017,-0.0262,0.255414492561632));
#5149=CARTESIAN_POINT('',(0.019,-0.0262,0.0647));
#5150=CARTESIAN_POINT('',(0.019,-0.0262,0.0116));
#5151=CARTESIAN_POINT('',(0.019,-0.0262,0.255414492561632));
#5152=CARTESIAN_POINT('Origin',(0.017,-0.0262,0.0647));
#5153=CARTESIAN_POINT('Origin',(0.017,-0.0262,0.0116));
#5154=CARTESIAN_POINT('Origin',(0.019,-0.0236,0.255414492561632));
#5155=CARTESIAN_POINT('',(0.019,-0.0235,0.0116));
#5156=CARTESIAN_POINT('',(0.019,-0.0235,0.0647));
#5157=CARTESIAN_POINT('',(0.019,-0.0235,0.07085));
#5158=CARTESIAN_POINT('',(0.019,-0.0236,0.0647));
#5159=CARTESIAN_POINT('',(0.019,-0.0236,0.0116));
#5160=CARTESIAN_POINT('Origin',(0.0235,-0.0235,0.255414492561632));
#5161=CARTESIAN_POINT('',(0.0235,-0.019,0.0647));
#5162=CARTESIAN_POINT('Origin',(0.0235,-0.0235,0.0647));
#5163=CARTESIAN_POINT('',(0.0235,-0.019,0.0116));
#5164=CARTESIAN_POINT('Origin',(0.0235,-0.0235,0.0116));
#5165=CARTESIAN_POINT('',(0.0235,-0.019,0.));
#5166=CARTESIAN_POINT('Origin',(0.0236,-0.019,0.255414492561632));
#5167=CARTESIAN_POINT('',(0.0262,-0.019,0.0116));
#5168=CARTESIAN_POINT('',(0.0262,-0.019,0.0647));
#5169=CARTESIAN_POINT('',(0.0262,-0.019,0.255414492561632));
#5170=CARTESIAN_POINT('',(0.0236,-0.019,0.0647));
#5171=CARTESIAN_POINT('',(0.0236,-0.019,0.0116));
#5172=CARTESIAN_POINT('Origin',(0.0262,-0.017,0.0756));
#5173=CARTESIAN_POINT('',(0.0282,-0.017,0.0116));
#5174=CARTESIAN_POINT('',(0.0282,-0.017,0.0756));
#5175=CARTESIAN_POINT('Origin',(0.0262,-0.017,0.0647));
#5176=CARTESIAN_POINT('Origin',(0.0262,-0.017,0.0116));
#5177=CARTESIAN_POINT('Origin',(0.0282,0.0095,0.0756));
#5178=CARTESIAN_POINT('',(0.0282,0.017,0.0116));
#5179=CARTESIAN_POINT('',(0.0282,0.017,0.0756));
#5180=CARTESIAN_POINT('',(0.0282,0.0095,0.0116));
#5181=CARTESIAN_POINT('Origin',(0.0262,0.017,0.255414492561632));
#5182=CARTESIAN_POINT('',(0.0262,0.019,0.0647));
#5183=CARTESIAN_POINT('',(0.0262,0.019,0.0116));
#5184=CARTESIAN_POINT('',(0.0262,0.019,0.255414492561632));
#5185=CARTESIAN_POINT('Origin',(0.0262,0.017,0.0647));
#5186=CARTESIAN_POINT('Origin',(0.0262,0.017,0.0116));
#5187=CARTESIAN_POINT('Origin',(0.0235,0.0235,0.255414492561632));
#5188=CARTESIAN_POINT('',(0.0235,0.019,0.0647));
#5189=CARTESIAN_POINT('',(0.019,0.0235,0.0647));
#5190=CARTESIAN_POINT('Origin',(0.0235,0.0235,0.0647));
#5191=CARTESIAN_POINT('',(0.0235,0.019,0.0116));
#5192=CARTESIAN_POINT('',(0.0235,0.019,0.07085));
#5193=CARTESIAN_POINT('',(0.019,0.0235,0.0116));
#5194=CARTESIAN_POINT('Origin',(0.0235,0.0235,0.0116));
#5195=CARTESIAN_POINT('',(0.019,0.0235,0.));
#5196=CARTESIAN_POINT('Origin',(0.0236,0.019,0.255414492561632));
#5197=CARTESIAN_POINT('',(0.0236,0.019,0.0647));
#5198=CARTESIAN_POINT('',(0.0236,0.019,0.0116));
#5199=CARTESIAN_POINT('Origin',(0.019,0.0236,0.255414492561632));
#5200=CARTESIAN_POINT('',(0.019,0.0262,0.0116));
#5201=CARTESIAN_POINT('',(0.019,0.0262,0.0647));
#5202=CARTESIAN_POINT('',(0.019,0.0262,0.255414492561632));
#5203=CARTESIAN_POINT('',(0.019,0.0236,0.0647));
#5204=CARTESIAN_POINT('',(0.019,0.0236,0.0116));
#5205=CARTESIAN_POINT('Origin',(0.017,0.0262,0.0756));
#5206=CARTESIAN_POINT('',(0.017,0.0282,0.0647));
#5207=CARTESIAN_POINT('',(0.017,0.0282,0.0116));
#5208=CARTESIAN_POINT('',(0.017,0.0282,0.0756));
#5209=CARTESIAN_POINT('Origin',(0.017,0.0262,0.0647));
#5210=CARTESIAN_POINT('Origin',(0.017,0.0262,0.0116));
#5211=CARTESIAN_POINT('Origin',(0.0095,0.0282,0.0756));
#5212=CARTESIAN_POINT('',(-0.017,0.0282,0.0116));
#5213=CARTESIAN_POINT('',(-0.017,0.0282,0.0647));
#5214=CARTESIAN_POINT('',(-0.017,0.0282,0.0756));
#5215=CARTESIAN_POINT('',(0.0095,0.0282,0.0647));
#5216=CARTESIAN_POINT('',(0.0095,0.0282,0.0116));
#5217=CARTESIAN_POINT('Origin',(-0.017,0.0262,0.255414492561632));
#5218=CARTESIAN_POINT('',(-0.019,0.0262,0.0647));
#5219=CARTESIAN_POINT('',(-0.019,0.0262,0.0116));
#5220=CARTESIAN_POINT('',(-0.019,0.0262,0.255414492561632));
#5221=CARTESIAN_POINT('Origin',(-0.017,0.0262,0.0647));
#5222=CARTESIAN_POINT('Origin',(-0.017,0.0262,0.0116));
#5223=CARTESIAN_POINT('Origin',(-0.019,0.0236,0.255414492561632));
#5224=CARTESIAN_POINT('',(-0.019,0.0235,0.0116));
#5225=CARTESIAN_POINT('',(-0.019,0.0235,0.0647));
#5226=CARTESIAN_POINT('',(-0.019,0.0235,0.07085));
#5227=CARTESIAN_POINT('',(-0.019,0.0236,0.0647));
#5228=CARTESIAN_POINT('',(-0.019,0.0236,0.0116));
#5229=CARTESIAN_POINT('Origin',(-0.0235,0.0235,0.255414492561632));
#5230=CARTESIAN_POINT('',(-0.0235,0.019,0.0647));
#5231=CARTESIAN_POINT('Origin',(-0.0235,0.0235,0.0647));
#5232=CARTESIAN_POINT('',(-0.0235,0.019,0.0116));
#5233=CARTESIAN_POINT('Origin',(-0.0235,0.0235,0.0116));
#5234=CARTESIAN_POINT('',(-0.0235,0.019,0.));
#5235=CARTESIAN_POINT('Origin',(-0.0236,0.019,0.255414492561632));
#5236=CARTESIAN_POINT('',(-0.0262,0.019,0.0116));
#5237=CARTESIAN_POINT('',(-0.0262,0.019,0.0647));
#5238=CARTESIAN_POINT('',(-0.0262,0.019,0.255414492561632));
#5239=CARTESIAN_POINT('',(-0.0236,0.019,0.0647));
#5240=CARTESIAN_POINT('',(-0.0236,0.019,0.0116));
#5241=CARTESIAN_POINT('Origin',(-0.0262,0.017,0.0756));
#5242=CARTESIAN_POINT('',(-0.0282,0.017,0.0116));
#5243=CARTESIAN_POINT('',(-0.0282,0.017,0.0756));
#5244=CARTESIAN_POINT('Origin',(-0.0262,0.017,0.0647));
#5245=CARTESIAN_POINT('Origin',(-0.0262,0.017,0.0116));
#5246=CARTESIAN_POINT('Origin',(-0.0282,-0.0095,0.0756));
#5247=CARTESIAN_POINT('',(-0.0282,-0.017,0.0116));
#5248=CARTESIAN_POINT('',(-0.0282,-0.017,0.0756));
#5249=CARTESIAN_POINT('',(-0.0282,-0.0095,0.0116));
#5250=CARTESIAN_POINT('Origin',(-0.0262,-0.017,0.255414492561632));
#5251=CARTESIAN_POINT('',(-0.0262,-0.019,0.0647));
#5252=CARTESIAN_POINT('',(-0.0262,-0.019,0.0116));
#5253=CARTESIAN_POINT('',(-0.0262,-0.019,0.255414492561632));
#5254=CARTESIAN_POINT('Origin',(-0.0262,-0.017,0.0647));
#5255=CARTESIAN_POINT('Origin',(-0.0262,-0.017,0.0116));
#5256=CARTESIAN_POINT('Origin',(-0.0236,-0.019,0.255414492561632));
#5257=CARTESIAN_POINT('',(-0.0235,-0.019,0.0116));
#5258=CARTESIAN_POINT('',(-0.0235,-0.019,0.0647));
#5259=CARTESIAN_POINT('',(-0.0235,-0.019,0.07085));
#5260=CARTESIAN_POINT('',(-0.0236,-0.019,0.0647));
#5261=CARTESIAN_POINT('',(-0.0236,-0.019,0.0116));
#5262=CARTESIAN_POINT('Origin',(-0.0235,-0.0235,0.255414492561632));
#5263=CARTESIAN_POINT('',(-0.019,-0.0235,0.0647));
#5264=CARTESIAN_POINT('Origin',(-0.0235,-0.0235,0.0647));
#5265=CARTESIAN_POINT('',(-0.019,-0.0235,0.0116));
#5266=CARTESIAN_POINT('Origin',(-0.0235,-0.0235,0.0116));
#5267=CARTESIAN_POINT('',(-0.019,-0.0235,0.));
#5268=CARTESIAN_POINT('Origin',(-0.019,-0.0236,0.255414492561632));
#5269=CARTESIAN_POINT('',(-0.019,-0.0262,0.0116));
#5270=CARTESIAN_POINT('',(-0.019,-0.0262,0.0647));
#5271=CARTESIAN_POINT('',(-0.019,-0.0262,0.255414492561632));
#5272=CARTESIAN_POINT('',(-0.019,-0.0236,0.0647));
#5273=CARTESIAN_POINT('',(-0.019,-0.0236,0.0116));
#5274=CARTESIAN_POINT('Origin',(-0.017,-0.0262,0.0756));
#5275=CARTESIAN_POINT('Origin',(-0.017,-0.0262,0.0647));
#5276=CARTESIAN_POINT('Origin',(-0.017,-0.0262,0.0116));
#5277=CARTESIAN_POINT('Origin',(0.0095,-0.0282,0.0756));
#5278=CARTESIAN_POINT('',(0.0057,-0.0282,0.0067));
#5279=CARTESIAN_POINT('',(0.0057,-0.0282,0.00915));
#5280=CARTESIAN_POINT('',(-0.0057,-0.0282,0.0067));
#5281=CARTESIAN_POINT('Origin',(8.67361737988404E-19,-0.0282,0.0067));
#5282=CARTESIAN_POINT('',(-0.0057,-0.0282,0.00915));
#5283=CARTESIAN_POINT('',(-0.017,-0.0282,0.));
#5284=CARTESIAN_POINT('',(-0.017,-0.0282,0.0756));
#5285=CARTESIAN_POINT('',(0.017,-0.0282,0.));
#5286=CARTESIAN_POINT('',(0.0095,-0.0282,0.));
#5287=CARTESIAN_POINT('',(0.017,-0.0282,0.0756));
#5288=CARTESIAN_POINT('Origin',(0.017,-0.0262,0.255414492561632));
#5289=CARTESIAN_POINT('',(0.019,-0.0262,0.));
#5290=CARTESIAN_POINT('',(0.019,-0.0262,0.255414492561632));
#5291=CARTESIAN_POINT('Origin',(0.017,-0.0262,0.));
#5292=CARTESIAN_POINT('Origin',(0.019,-0.0236,0.255414492561632));
#5293=CARTESIAN_POINT('',(0.019,-0.0235,0.));
#5294=CARTESIAN_POINT('',(0.019,-0.0235,0.07085));
#5295=CARTESIAN_POINT('',(0.019,-0.0236,0.));
#5296=CARTESIAN_POINT('Origin',(0.0235,-0.0235,0.255414492561632));
#5297=CARTESIAN_POINT('',(0.0235,-0.019,0.));
#5298=CARTESIAN_POINT('Origin',(0.0235,-0.0235,0.));
#5299=CARTESIAN_POINT('',(0.0235,-0.019,0.));
#5300=CARTESIAN_POINT('Origin',(0.0236,-0.019,0.255414492561632));
#5301=CARTESIAN_POINT('',(0.0262,-0.019,0.));
#5302=CARTESIAN_POINT('',(0.0262,-0.019,0.255414492561632));
#5303=CARTESIAN_POINT('',(0.0236,-0.019,0.));
#5304=CARTESIAN_POINT('Origin',(0.0262,-0.017,0.0756));
#5305=CARTESIAN_POINT('',(0.0282,-0.017,0.));
#5306=CARTESIAN_POINT('',(0.0282,-0.017,0.0756));
#5307=CARTESIAN_POINT('Origin',(0.0262,-0.017,0.));
#5308=CARTESIAN_POINT('Origin',(0.0282,0.0095,0.0756));
#5309=CARTESIAN_POINT('',(0.0282,0.017,0.));
#5310=CARTESIAN_POINT('',(0.0282,0.017,0.0756));
#5311=CARTESIAN_POINT('',(0.0282,0.0095,0.));
#5312=CARTESIAN_POINT('Origin',(0.0262,0.017,0.255414492561632));
#5313=CARTESIAN_POINT('',(0.0262,0.019,0.));
#5314=CARTESIAN_POINT('',(0.0262,0.019,0.255414492561632));
#5315=CARTESIAN_POINT('Origin',(0.0262,0.017,0.));
#5316=CARTESIAN_POINT('Origin',(0.0235,0.0235,0.255414492561632));
#5317=CARTESIAN_POINT('',(0.0235,0.019,0.));
#5318=CARTESIAN_POINT('',(0.0235,0.019,0.07085));
#5319=CARTESIAN_POINT('',(0.019,0.0235,0.));
#5320=CARTESIAN_POINT('Origin',(0.0235,0.0235,0.));
#5321=CARTESIAN_POINT('',(0.019,0.0235,0.));
#5322=CARTESIAN_POINT('Origin',(0.0236,0.019,0.255414492561632));
#5323=CARTESIAN_POINT('',(0.0236,0.019,0.));
#5324=CARTESIAN_POINT('Origin',(0.019,0.0236,0.255414492561632));
#5325=CARTESIAN_POINT('',(0.019,0.0262,0.));
#5326=CARTESIAN_POINT('',(0.019,0.0262,0.255414492561632));
#5327=CARTESIAN_POINT('',(0.019,0.0236,0.));
#5328=CARTESIAN_POINT('Origin',(0.017,0.0262,0.0756));
#5329=CARTESIAN_POINT('',(0.017,0.0282,0.));
#5330=CARTESIAN_POINT('',(0.017,0.0282,0.0756));
#5331=CARTESIAN_POINT('Origin',(0.017,0.0262,0.));
#5332=CARTESIAN_POINT('Origin',(0.0095,0.0282,0.0756));
#5333=CARTESIAN_POINT('',(-0.017,0.0282,0.));
#5334=CARTESIAN_POINT('',(-0.017,0.0282,0.0756));
#5335=CARTESIAN_POINT('',(0.0095,0.0282,0.));
#5336=CARTESIAN_POINT('Origin',(-0.017,0.0262,0.255414492561632));
#5337=CARTESIAN_POINT('',(-0.019,0.0262,0.));
#5338=CARTESIAN_POINT('',(-0.019,0.0262,0.255414492561632));
#5339=CARTESIAN_POINT('Origin',(-0.017,0.0262,0.));
#5340=CARTESIAN_POINT('Origin',(-0.019,0.0236,0.255414492561632));
#5341=CARTESIAN_POINT('',(-0.019,0.0235,0.));
#5342=CARTESIAN_POINT('',(-0.019,0.0235,0.07085));
#5343=CARTESIAN_POINT('',(-0.019,0.0236,0.));
#5344=CARTESIAN_POINT('Origin',(-0.0235,0.0235,0.255414492561632));
#5345=CARTESIAN_POINT('',(-0.0235,0.019,0.));
#5346=CARTESIAN_POINT('Origin',(-0.0235,0.0235,0.));
#5347=CARTESIAN_POINT('',(-0.0235,0.019,0.));
#5348=CARTESIAN_POINT('Origin',(-0.0236,0.019,0.255414492561632));
#5349=CARTESIAN_POINT('',(-0.0262,0.019,0.));
#5350=CARTESIAN_POINT('',(-0.0262,0.019,0.255414492561632));
#5351=CARTESIAN_POINT('',(-0.0236,0.019,0.));
#5352=CARTESIAN_POINT('Origin',(-0.0262,0.017,0.0756));
#5353=CARTESIAN_POINT('',(-0.0282,0.017,0.));
#5354=CARTESIAN_POINT('',(-0.0282,0.017,0.0756));
#5355=CARTESIAN_POINT('Origin',(-0.0262,0.017,0.));
#5356=CARTESIAN_POINT('Origin',(-0.0282,-0.0095,0.0756));
#5357=CARTESIAN_POINT('',(-0.0282,-0.017,0.));
#5358=CARTESIAN_POINT('',(-0.0282,-0.017,0.0756));
#5359=CARTESIAN_POINT('',(-0.0282,-0.0095,0.));
#5360=CARTESIAN_POINT('Origin',(-0.0262,-0.017,0.255414492561632));
#5361=CARTESIAN_POINT('',(-0.0262,-0.019,0.));
#5362=CARTESIAN_POINT('',(-0.0262,-0.019,0.255414492561632));
#5363=CARTESIAN_POINT('Origin',(-0.0262,-0.017,0.));
#5364=CARTESIAN_POINT('Origin',(-0.0236,-0.019,0.255414492561632));
#5365=CARTESIAN_POINT('',(-0.0235,-0.019,0.));
#5366=CARTESIAN_POINT('',(-0.0235,-0.019,0.07085));
#5367=CARTESIAN_POINT('',(-0.0236,-0.019,0.));
#5368=CARTESIAN_POINT('Origin',(-0.0235,-0.0235,0.255414492561632));
#5369=CARTESIAN_POINT('',(-0.019,-0.0235,0.));
#5370=CARTESIAN_POINT('Origin',(-0.0235,-0.0235,0.));
#5371=CARTESIAN_POINT('',(-0.019,-0.0235,0.));
#5372=CARTESIAN_POINT('Origin',(-0.019,-0.0236,0.255414492561632));
#5373=CARTESIAN_POINT('',(-0.019,-0.0262,0.));
#5374=CARTESIAN_POINT('',(-0.019,-0.0262,0.255414492561632));
#5375=CARTESIAN_POINT('',(-0.019,-0.0236,0.));
#5376=CARTESIAN_POINT('Origin',(-0.017,-0.0262,0.0756));
#5377=CARTESIAN_POINT('Origin',(-0.017,-0.0262,0.));
#5378=CARTESIAN_POINT('Origin',(0.0095,0.0282,0.0756));
#5379=CARTESIAN_POINT('',(-0.017,0.0282,0.07085));
#5380=CARTESIAN_POINT('',(-0.017,0.0282,0.0756));
#5381=CARTESIAN_POINT('',(-0.0247,0.0282,0.07085));
#5382=CARTESIAN_POINT('',(-0.0236,0.0282,0.07085));
#5383=CARTESIAN_POINT('',(-0.0247,0.0282,0.0756));
#5384=CARTESIAN_POINT('',(-0.0247,0.0282,0.0756));
#5385=CARTESIAN_POINT('',(0.0247,0.0282,0.0756));
#5386=CARTESIAN_POINT('',(0.0095,0.0282,0.0756));
#5387=CARTESIAN_POINT('',(0.0247,0.0282,0.07085));
#5388=CARTESIAN_POINT('',(0.0247,0.0282,0.0756));
#5389=CARTESIAN_POINT('',(0.017,0.0282,0.07085));
#5390=CARTESIAN_POINT('',(0.0236,0.0282,0.07085));
#5391=CARTESIAN_POINT('',(0.017,0.0282,0.0756));
#5392=CARTESIAN_POINT('Origin',(0.02355,0.02355,0.0756));
#5393=CARTESIAN_POINT('',(0.02615,0.02355,0.0751));
#5394=CARTESIAN_POINT('',(0.02095,0.02355,0.0751));
#5395=CARTESIAN_POINT('Origin',(0.02355,0.02355,0.0751));
#5396=CARTESIAN_POINT('Origin',(0.02355,0.02355,0.0751));
#5397=CARTESIAN_POINT('',(0.02615,0.02355,0.07085));
#5398=CARTESIAN_POINT('',(0.02615,0.02355,0.0756));
#5399=CARTESIAN_POINT('Origin',(0.02355,0.02355,0.07085));
#5400=CARTESIAN_POINT('Origin',(0.0041,0.0041,0.0756));
#5401=CARTESIAN_POINT('',(-0.02555,-0.012725,0.0756));
#5402=CARTESIAN_POINT('Origin',(-0.02555,-0.010075,0.0756));
#5403=CARTESIAN_POINT('',(-0.02555,-0.019225,0.0756));
#5404=CARTESIAN_POINT('Origin',(-0.02555,-0.015975,0.0756));
#5405=CARTESIAN_POINT('Origin',(-0.02555,-0.021875,0.0756));
#5406=CARTESIAN_POINT('',(-0.0247,-0.0282,0.0756));
#5407=CARTESIAN_POINT('Origin',(-0.0247,-0.0247,0.0756));
#5408=CARTESIAN_POINT('',(0.0247,-0.0282,0.0756));
#5409=CARTESIAN_POINT('',(0.0095,-0.0282,0.0756));
#5410=CARTESIAN_POINT('Origin',(0.0247,-0.0247,0.0756));
#5411=CARTESIAN_POINT('',(0.02555,-0.019225,0.0756));
#5412=CARTESIAN_POINT('Origin',(0.02555,-0.021875,0.0756));
#5413=CARTESIAN_POINT('',(0.02555,-0.012725,0.0756));
#5414=CARTESIAN_POINT('Origin',(0.02555,-0.015975,0.0756));
#5415=CARTESIAN_POINT('Origin',(0.02555,-0.010075,0.0756));
#5416=CARTESIAN_POINT('',(0.02555,0.012725,0.0756));
#5417=CARTESIAN_POINT('Origin',(0.02555,0.010075,0.0756));
#5418=CARTESIAN_POINT('',(0.02555,0.019225,0.0756));
#5419=CARTESIAN_POINT('Origin',(0.02555,0.015975,0.0756));
#5420=CARTESIAN_POINT('Origin',(0.02555,0.021875,0.0756));
#5421=CARTESIAN_POINT('Origin',(0.0247,0.0247,0.0756));
#5422=CARTESIAN_POINT('Origin',(-0.0247,0.0247,0.0756));
#5423=CARTESIAN_POINT('',(-0.02555,0.019225,0.0756));
#5424=CARTESIAN_POINT('Origin',(-0.02555,0.021875,0.0756));
#5425=CARTESIAN_POINT('',(-0.02555,0.012725,0.0756));
#5426=CARTESIAN_POINT('Origin',(-0.02555,0.015975,0.0756));
#5427=CARTESIAN_POINT('Origin',(-0.02555,0.010075,0.0756));
#5428=CARTESIAN_POINT('',(0.02045,0.02355,0.0756));
#5429=CARTESIAN_POINT('Origin',(0.02355,0.02355,0.0756));
#5430=CARTESIAN_POINT('',(-0.0205,-2.51052593825207E-18,0.0756));
#5431=CARTESIAN_POINT('Origin',(6.12323399573677E-19,0.,0.0756));
#5432=CARTESIAN_POINT('',(0.02355,-0.02045,0.0756));
#5433=CARTESIAN_POINT('Origin',(0.02355,-0.02355,0.0756));
#5434=CARTESIAN_POINT('',(-0.02045,-0.02355,0.0756));
#5435=CARTESIAN_POINT('Origin',(-0.02355,-0.02355,0.0756));
#5436=CARTESIAN_POINT('',(-0.02355,0.02045,0.0756));
#5437=CARTESIAN_POINT('Origin',(-0.02355,0.02355,0.0756));
#5438=CARTESIAN_POINT('Origin',(0.0041,0.0041,0.));
#5439=CARTESIAN_POINT('',(0.005,0.,0.));
#5440=CARTESIAN_POINT('Origin',(1.53080849893419E-19,0.,0.));
#5441=CARTESIAN_POINT('Origin',(0.0236,0.019,0.255414492561632));
#5442=CARTESIAN_POINT('',(0.0235,0.019,0.07085));
#5443=CARTESIAN_POINT('',(0.0235,0.019,0.07085));
#5444=CARTESIAN_POINT('',(0.0262,0.019,0.07085));
#5445=CARTESIAN_POINT('',(0.0236,0.019,0.07085));
#5446=CARTESIAN_POINT('',(0.0262,0.019,0.255414492561632));
#5447=CARTESIAN_POINT('Origin',(0.019,0.0236,0.255414492561632));
#5448=CARTESIAN_POINT('',(0.019,0.0262,0.07085));
#5449=CARTESIAN_POINT('',(0.019,0.0262,0.255414492561632));
#5450=CARTESIAN_POINT('',(0.019,0.0235,0.07085));
#5451=CARTESIAN_POINT('',(0.019,0.0236,0.07085));
#5452=CARTESIAN_POINT('',(0.019,0.0235,0.));
#5453=CARTESIAN_POINT('Origin',(0.0041,0.0041,0.07085));
#5454=CARTESIAN_POINT('Origin',(0.0235,0.0235,0.07085));
#5455=CARTESIAN_POINT('Origin',(0.017,0.0262,0.07085));
#5456=CARTESIAN_POINT('Origin',(0.0247,0.0247,0.07085));
#5457=CARTESIAN_POINT('Origin',(0.0262,0.017,0.07085));
#5458=CARTESIAN_POINT('Origin',(0.0041,0.0041,0.0751));
#5459=CARTESIAN_POINT('',(-0.02,-2.44929359829471E-18,0.0751));
#5460=CARTESIAN_POINT('Origin',(6.12323399573677E-19,0.,0.0751));
#5461=CARTESIAN_POINT('',(0.019,0.,0.0751));
#5462=CARTESIAN_POINT('Origin',(5.81707229594993E-19,0.,0.0751));
#5463=CARTESIAN_POINT('Origin',(5.81707229594993E-19,0.,0.077));
#5464=CARTESIAN_POINT('',(0.019,0.,0.077));
#5465=CARTESIAN_POINT('',(0.019,-2.32682891837997E-18,0.077));
#5466=CARTESIAN_POINT('Origin',(5.81707229594993E-19,0.,0.077));
#5467=CARTESIAN_POINT('Origin',(1.53080849893419E-19,0.,0.077));
#5468=CARTESIAN_POINT('',(0.005,0.,0.077));
#5469=CARTESIAN_POINT('Origin',(1.53080849893419E-19,0.,0.077));
#5470=CARTESIAN_POINT('',(0.005,0.,0.075));
#5471=CARTESIAN_POINT('',(0.005,-6.12323399573677E-19,0.077));
#5472=CARTESIAN_POINT('Origin',(1.53080849893419E-19,0.,0.075));
#5473=CARTESIAN_POINT('Origin',(0.0041,0.0041,0.077));
#5474=CARTESIAN_POINT('Origin',(0.0247,0.0247,0.0756));
#5475=CARTESIAN_POINT('Origin',(0.0235,0.0235,0.255414492561632));
#5476=CARTESIAN_POINT('Origin',(0.0262,0.017,0.255414492561632));
#5477=CARTESIAN_POINT('Origin',(0.017,0.0262,0.0756));
#5478=CARTESIAN_POINT('Origin',(6.12323399573677E-19,0.,0.0751));
#5479=CARTESIAN_POINT('',(-0.02,-2.44929359829471E-18,0.0751));
#5480=CARTESIAN_POINT('Origin',(0.02355,0.02355,0.0751));
#5481=CARTESIAN_POINT('',(0.02095,0.02355,0.0751));
#5482=CARTESIAN_POINT('Origin',(0.0095,-0.0282,0.0756));
#5483=CARTESIAN_POINT('',(0.017,-0.0282,0.07085));
#5484=CARTESIAN_POINT('',(0.017,-0.0282,0.0756));
#5485=CARTESIAN_POINT('',(0.0247,-0.0282,0.07085));
#5486=CARTESIAN_POINT('',(0.0236,-0.0282,0.07085));
#5487=CARTESIAN_POINT('',(0.0247,-0.0282,0.0756));
#5488=CARTESIAN_POINT('',(-0.0247,-0.0282,0.07085));
#5489=CARTESIAN_POINT('',(-0.0247,-0.0282,0.0756));
#5490=CARTESIAN_POINT('',(-0.017,-0.0282,0.07085));
#5491=CARTESIAN_POINT('',(-0.0236,-0.0282,0.07085));
#5492=CARTESIAN_POINT('',(-0.017,-0.0282,0.0756));
#5493=CARTESIAN_POINT('Origin',(0.02355,-0.02355,0.0756));
#5494=CARTESIAN_POINT('',(0.02355,-0.02615,0.0751));
#5495=CARTESIAN_POINT('',(0.02355,-0.02095,0.0751));
#5496=CARTESIAN_POINT('Origin',(0.02355,-0.02355,0.0751));
#5497=CARTESIAN_POINT('Origin',(0.02355,-0.02355,0.0751));
#5498=CARTESIAN_POINT('',(0.02355,-0.02615,0.07085));
#5499=CARTESIAN_POINT('',(0.02355,-0.02615,0.0756));
#5500=CARTESIAN_POINT('Origin',(0.02355,-0.02355,0.07085));
#5501=CARTESIAN_POINT('Origin',(0.019,-0.0236,0.255414492561632));
#5502=CARTESIAN_POINT('',(0.019,-0.0235,0.07085));
#5503=CARTESIAN_POINT('',(0.019,-0.0235,0.07085));
#5504=CARTESIAN_POINT('',(0.019,-0.0262,0.07085));
#5505=CARTESIAN_POINT('',(0.019,-0.0236,0.07085));
#5506=CARTESIAN_POINT('',(0.019,-0.0262,0.255414492561632));
#5507=CARTESIAN_POINT('Origin',(0.0236,-0.019,0.255414492561632));
#5508=CARTESIAN_POINT('',(0.0262,-0.019,0.07085));
#5509=CARTESIAN_POINT('',(0.0262,-0.019,0.255414492561632));
#5510=CARTESIAN_POINT('',(0.0235,-0.019,0.07085));
#5511=CARTESIAN_POINT('',(0.0236,-0.019,0.07085));
#5512=CARTESIAN_POINT('',(0.0235,-0.019,0.));
#5513=CARTESIAN_POINT('Origin',(0.0041,-0.0041,0.07085));
#5514=CARTESIAN_POINT('Origin',(0.0235,-0.0235,0.07085));
#5515=CARTESIAN_POINT('Origin',(0.0262,-0.017,0.07085));
#5516=CARTESIAN_POINT('Origin',(0.0247,-0.0247,0.07085));
#5517=CARTESIAN_POINT('Origin',(0.017,-0.0262,0.07085));
#5518=CARTESIAN_POINT('Origin',(0.0247,-0.0247,0.0756));
#5519=CARTESIAN_POINT('Origin',(0.0235,-0.0235,0.255414492561632));
#5520=CARTESIAN_POINT('Origin',(0.017,-0.0262,0.255414492561632));
#5521=CARTESIAN_POINT('Origin',(0.0262,-0.017,0.0756));
#5522=CARTESIAN_POINT('Origin',(0.02355,-0.02355,0.0751));
#5523=CARTESIAN_POINT('',(0.02355,-0.02095,0.0751));
#5524=CARTESIAN_POINT('Origin',(-0.02355,-0.02355,0.0756));
#5525=CARTESIAN_POINT('',(-0.02615,-0.02355,0.0751));
#5526=CARTESIAN_POINT('',(-0.02095,-0.02355,0.0751));
#5527=CARTESIAN_POINT('Origin',(-0.02355,-0.02355,0.0751));
#5528=CARTESIAN_POINT('Origin',(-0.02355,-0.02355,0.0751));
#5529=CARTESIAN_POINT('',(-0.02615,-0.02355,0.07085));
#5530=CARTESIAN_POINT('',(-0.02615,-0.02355,0.0756));
#5531=CARTESIAN_POINT('Origin',(-0.02355,-0.02355,0.07085));
#5532=CARTESIAN_POINT('Origin',(-0.0236,-0.019,0.255414492561632));
#5533=CARTESIAN_POINT('',(-0.0235,-0.019,0.07085));
#5534=CARTESIAN_POINT('',(-0.0235,-0.019,0.07085));
#5535=CARTESIAN_POINT('',(-0.0262,-0.019,0.07085));
#5536=CARTESIAN_POINT('',(-0.0236,-0.019,0.07085));
#5537=CARTESIAN_POINT('',(-0.0262,-0.019,0.255414492561632));
#5538=CARTESIAN_POINT('Origin',(-0.019,-0.0236,0.255414492561632));
#5539=CARTESIAN_POINT('',(-0.019,-0.0262,0.07085));
#5540=CARTESIAN_POINT('',(-0.019,-0.0262,0.255414492561632));
#5541=CARTESIAN_POINT('',(-0.019,-0.0235,0.07085));
#5542=CARTESIAN_POINT('',(-0.019,-0.0236,0.07085));
#5543=CARTESIAN_POINT('',(-0.019,-0.0235,0.));
#5544=CARTESIAN_POINT('Origin',(-0.0041,-0.0041,0.07085));
#5545=CARTESIAN_POINT('Origin',(-0.0235,-0.0235,0.07085));
#5546=CARTESIAN_POINT('Origin',(-0.017,-0.0262,0.07085));
#5547=CARTESIAN_POINT('Origin',(-0.0247,-0.0247,0.07085));
#5548=CARTESIAN_POINT('Origin',(-0.0262,-0.017,0.07085));
#5549=CARTESIAN_POINT('Origin',(-0.0247,-0.0247,0.0756));
#5550=CARTESIAN_POINT('Origin',(-0.0235,-0.0235,0.255414492561632));
#5551=CARTESIAN_POINT('Origin',(-0.0262,-0.017,0.255414492561632));
#5552=CARTESIAN_POINT('Origin',(-0.017,-0.0262,0.0756));
#5553=CARTESIAN_POINT('Origin',(-0.02355,-0.02355,0.0751));
#5554=CARTESIAN_POINT('',(-0.02095,-0.02355,0.0751));
#5555=CARTESIAN_POINT('Origin',(-0.02355,0.02355,0.0756));
#5556=CARTESIAN_POINT('',(-0.02355,0.02615,0.0751));
#5557=CARTESIAN_POINT('',(-0.02355,0.02095,0.0751));
#5558=CARTESIAN_POINT('Origin',(-0.02355,0.02355,0.0751));
#5559=CARTESIAN_POINT('Origin',(-0.02355,0.02355,0.0751));
#5560=CARTESIAN_POINT('',(-0.02355,0.02615,0.07085));
#5561=CARTESIAN_POINT('',(-0.02355,0.02615,0.0756));
#5562=CARTESIAN_POINT('Origin',(-0.02355,0.02355,0.07085));
#5563=CARTESIAN_POINT('Origin',(-0.019,0.0236,0.255414492561632));
#5564=CARTESIAN_POINT('',(-0.019,0.0235,0.07085));
#5565=CARTESIAN_POINT('',(-0.019,0.0235,0.07085));
#5566=CARTESIAN_POINT('',(-0.019,0.0262,0.07085));
#5567=CARTESIAN_POINT('',(-0.019,0.0236,0.07085));
#5568=CARTESIAN_POINT('',(-0.019,0.0262,0.255414492561632));
#5569=CARTESIAN_POINT('Origin',(-0.0236,0.019,0.255414492561632));
#5570=CARTESIAN_POINT('',(-0.0262,0.019,0.07085));
#5571=CARTESIAN_POINT('',(-0.0262,0.019,0.255414492561632));
#5572=CARTESIAN_POINT('',(-0.0235,0.019,0.07085));
#5573=CARTESIAN_POINT('',(-0.0236,0.019,0.07085));
#5574=CARTESIAN_POINT('',(-0.0235,0.019,0.));
#5575=CARTESIAN_POINT('Origin',(-0.0041,0.0041,0.07085));
#5576=CARTESIAN_POINT('Origin',(-0.0235,0.0235,0.07085));
#5577=CARTESIAN_POINT('Origin',(-0.0262,0.017,0.07085));
#5578=CARTESIAN_POINT('Origin',(-0.0247,0.0247,0.07085));
#5579=CARTESIAN_POINT('Origin',(-0.017,0.0262,0.07085));
#5580=CARTESIAN_POINT('Origin',(-0.0247,0.0247,0.0756));
#5581=CARTESIAN_POINT('Origin',(-0.0235,0.0235,0.255414492561632));
#5582=CARTESIAN_POINT('Origin',(-0.017,0.0262,0.255414492561632));
#5583=CARTESIAN_POINT('Origin',(-0.0262,0.017,0.0756));
#5584=CARTESIAN_POINT('Origin',(-0.02355,0.02355,0.0751));
#5585=CARTESIAN_POINT('',(-0.02355,0.02095,0.0751));
#5586=CARTESIAN_POINT('Origin',(0.0041,0.0041,0.075));
#5587=CARTESIAN_POINT('',(0.004,2.4492935982947E-19,0.075));
#5588=CARTESIAN_POINT('Origin',(0.,2.4492935982947E-19,0.075));
#5589=CARTESIAN_POINT('Origin',(0.,5.66399144605651E-20,0.0973));
#5590=CARTESIAN_POINT('',(0.000925,5.66399144605651E-20,0.0973));
#5591=CARTESIAN_POINT('Origin',(0.,5.66399144605651E-20,0.0973));
#5592=CARTESIAN_POINT('',(0.000925,5.66399144605651E-20,0.0943));
#5593=CARTESIAN_POINT('',(0.000925,-5.66399144605651E-20,0.0973));
#5594=CARTESIAN_POINT('Origin',(0.,5.66399144605651E-20,0.0943));
#5595=CARTESIAN_POINT('Origin',(0.,2.4492935982947E-19,0.0973));
#5596=CARTESIAN_POINT('',(0.004,-2.44929359829471E-19,0.09655));
#5597=CARTESIAN_POINT('',(0.004,-2.44929359829471E-19,0.0973));
#5598=CARTESIAN_POINT('',(0.00226053091109147,-0.0033,0.09655));
#5599=CARTESIAN_POINT('Origin',(0.,2.4492935982947E-19,0.09655));
#5600=CARTESIAN_POINT('',(0.00226053091109147,-0.0033,0.0795));
#5601=CARTESIAN_POINT('',(0.00226053091109147,-0.0033,0.0795));
#5602=CARTESIAN_POINT('',(-0.00226053091109147,-0.0033,0.0795));
#5603=CARTESIAN_POINT('Origin',(0.,2.4492935982947E-19,0.0795));
#5604=CARTESIAN_POINT('',(-0.00226053091109147,-0.0033,0.09655));
#5605=CARTESIAN_POINT('',(-0.00226053091109147,-0.0033,0.0795));
#5606=CARTESIAN_POINT('Origin',(0.,2.4492935982947E-19,0.09655));
#5607=CARTESIAN_POINT('Origin',(0.0041,0.0041,0.0973));
#5608=CARTESIAN_POINT('',(0.00325,2.4492935982947E-19,0.0973));
#5609=CARTESIAN_POINT('Origin',(0.,2.4492935982947E-19,0.0973));
#5610=CARTESIAN_POINT('Origin',(0.0041,0.0041,0.0943));
#5611=CARTESIAN_POINT('Origin',(0.,2.4492935982947E-19,0.0035));
#5612=CARTESIAN_POINT('',(0.004,2.4492935982947E-19,0.0025));
#5613=CARTESIAN_POINT('Origin',(0.,2.4492935982947E-19,0.0025));
#5614=CARTESIAN_POINT('',(0.004,2.4492935982947E-19,0.0035));
#5615=CARTESIAN_POINT('',(0.004,-2.44929359829471E-19,0.0035));
#5616=CARTESIAN_POINT('Origin',(0.,2.4492935982947E-19,0.0035));
#5617=CARTESIAN_POINT('Origin',(1.53080849893419E-19,0.,0.0035));
#5618=CARTESIAN_POINT('',(0.005,0.,0.0035));
#5619=CARTESIAN_POINT('Origin',(1.53080849893419E-19,0.,0.0035));
#5620=CARTESIAN_POINT('',(0.005,-6.12323399573677E-19,0.0035));
#5621=CARTESIAN_POINT('Origin',(0.0041,0.0041,0.0035));
#5622=CARTESIAN_POINT('Origin',(0.0041,0.0041,0.0025));
#5623=CARTESIAN_POINT('',(0.000925,5.66399144605651E-20,0.0025));
#5624=CARTESIAN_POINT('Origin',(0.,5.66399144605651E-20,0.0025));
#5625=CARTESIAN_POINT('Origin',(0.0041,0.0041,0.0035));
#5626=CARTESIAN_POINT('',(0.000925,5.66399144605651E-20,0.0035));
#5627=CARTESIAN_POINT('Origin',(0.,5.66399144605651E-20,0.0035));
#5628=CARTESIAN_POINT('Origin',(0.,5.66399144605651E-20,0.0035));
#5629=CARTESIAN_POINT('',(0.000925,-5.66399144605651E-20,0.0035));
#5630=CARTESIAN_POINT('Origin',(0.,2.4492935982947E-19,0.0973));
#5631=CARTESIAN_POINT('Ctrl Pts',(0.00226053091107759,-0.0033,0.0965500000000078));
#5632=CARTESIAN_POINT('Ctrl Pts',(8.71698546678346E-17,-0.0033,0.0978274999999946));
#5633=CARTESIAN_POINT('Ctrl Pts',(-0.00226053091107734,-0.0033,0.096550000000008));
#5634=CARTESIAN_POINT('',(0.00325,-1.5308084989342E-19,0.0973));
#5635=CARTESIAN_POINT('Origin',(0.,-0.003375,0.0795));
#5636=CARTESIAN_POINT('',(-4.33680868994202E-19,-0.0033,0.0795));
#5637=CARTESIAN_POINT('Origin',(-4.33680868994202E-19,-0.0033,0.0795));
#5638=CARTESIAN_POINT('Origin',(0.0057,-0.0292,0.00915));
#5639=CARTESIAN_POINT('',(0.0057,-0.0292,0.0116));
#5640=CARTESIAN_POINT('',(0.0057,-0.0292,0.0116));
#5641=CARTESIAN_POINT('',(0.0057,-0.0292,0.0067));
#5642=CARTESIAN_POINT('',(0.0057,-0.0292,0.00915));
#5643=CARTESIAN_POINT('',(0.0057,-0.0292,0.0067));
#5644=CARTESIAN_POINT('Origin',(0.0095,-0.0292,0.0116));
#5645=CARTESIAN_POINT('',(-0.0057,-0.0292,0.0116));
#5646=CARTESIAN_POINT('',(-0.0057,-0.0292,0.0116));
#5647=CARTESIAN_POINT('',(0.0095,-0.0292,0.0116));
#5648=CARTESIAN_POINT('Origin',(-0.0057,-0.0292,0.00915));
#5649=CARTESIAN_POINT('',(-0.0057,-0.0292,0.0067));
#5650=CARTESIAN_POINT('',(-0.0057,-0.0292,0.0067));
#5651=CARTESIAN_POINT('',(-0.0057,-0.0292,0.00915));
#5652=CARTESIAN_POINT('Origin',(9.28594077945771E-19,-0.0292,0.0067));
#5653=CARTESIAN_POINT('Origin',(9.28594077945771E-19,-0.0292,0.0067));
#5654=CARTESIAN_POINT('Origin',(4.94913208951569E-19,-0.0292,0.0067));
#5655=CARTESIAN_POINT('',(0.00185,-0.0292,0.0067));
#5656=CARTESIAN_POINT('Origin',(4.94913208951569E-19,-0.0292,0.0067));
#5657=CARTESIAN_POINT('',(0.00185,-0.0282,0.0067));
#5658=CARTESIAN_POINT('',(0.00185,-0.0292,0.0067));
#5659=CARTESIAN_POINT('Origin',(4.33680868994201E-19,-0.0282,0.0067));
#5660=CARTESIAN_POINT('Origin',(5.25743127870875E-18,-0.0292,0.0058));
#5661=CARTESIAN_POINT('Origin',(0.0095,-0.0282,0.0756));
#5662=CARTESIAN_POINT('',(0.001775,-0.0282,0.0067));
#5663=CARTESIAN_POINT('Origin',(0.00105,-0.0282,0.0067));
#5664=CARTESIAN_POINT('',(0.000724999999999999,-0.0282,0.00565));
#5665=CARTESIAN_POINT('Origin',(-7.04731412115578E-19,-0.0282,0.00565));
#5666=CARTESIAN_POINT('',(-0.000325,-0.0282,0.0067));
#5667=CARTESIAN_POINT('Origin',(-0.00105,-0.0282,0.0067));
#5668=CARTESIAN_POINT('',(0.000725000000000002,-0.0282,0.00775));
#5669=CARTESIAN_POINT('Origin',(1.68051336735253E-18,-0.0282,0.00775));
#5670=CARTESIAN_POINT('Origin',(2.59899846671304E-18,-0.0432,0.00775));
#5671=CARTESIAN_POINT('',(0.000725000000000003,-0.0432,0.00775));
#5672=CARTESIAN_POINT('',(0.000725000000000003,-0.0432,0.00775));
#5673=CARTESIAN_POINT('Origin',(2.59899846671304E-18,-0.0432,0.00775));
#5674=CARTESIAN_POINT('Origin',(6.1146840381119E-18,-0.0432,0.0058));
#5675=CARTESIAN_POINT('',(0.000375000000000003,-0.0432,0.00775));
#5676=CARTESIAN_POINT('Origin',(2.65320857533732E-18,-0.0432,0.00775));
#5677=CARTESIAN_POINT('Origin',(-0.00105,-0.0432,0.0067));
#5678=CARTESIAN_POINT('',(-0.000325,-0.0432,0.0067));
#5679=CARTESIAN_POINT('',(-0.000325,-0.0432,0.0067));
#5680=CARTESIAN_POINT('Origin',(-0.00105,-0.0432,0.0067));
#5681=CARTESIAN_POINT('Origin',(6.1146840381119E-18,-0.0432,0.0058));
#5682=CARTESIAN_POINT('',(-0.000675,-0.0432,0.0067));
#5683=CARTESIAN_POINT('Origin',(-0.00105,-0.0432,0.0067));
#5684=CARTESIAN_POINT('Origin',(2.13753687244937E-19,-0.0432,0.00565));
#5685=CARTESIAN_POINT('',(0.000725,-0.0432,0.00565));
#5686=CARTESIAN_POINT('',(0.000725,-0.0432,0.00565));
#5687=CARTESIAN_POINT('Origin',(2.13753687244937E-19,-0.0432,0.00565));
#5688=CARTESIAN_POINT('Origin',(6.1146840381119E-18,-0.0432,0.0058));
#5689=CARTESIAN_POINT('',(0.000375,-0.0432,0.00565));
#5690=CARTESIAN_POINT('Origin',(1.59543578620662E-19,-0.0432,0.00565));
#5691=CARTESIAN_POINT('Origin',(0.00105,-0.0432,0.0067));
#5692=CARTESIAN_POINT('',(0.001775,-0.0432,0.0067));
#5693=CARTESIAN_POINT('',(0.001775,-0.0432,0.0067));
#5694=CARTESIAN_POINT('Origin',(0.00105,-0.0432,0.0067));
#5695=CARTESIAN_POINT('Origin',(6.1146840381119E-18,-0.0432,0.0058));
#5696=CARTESIAN_POINT('',(0.001425,-0.0432,0.0067));
#5697=CARTESIAN_POINT('Origin',(0.00105,-0.0432,0.0067));
#5698=CARTESIAN_POINT('Origin',(1.87756686631321E-17,-0.306499754656116,
0.00775));
#5699=CARTESIAN_POINT('',(0.000375000000000003,-0.0482,0.00775));
#5700=CARTESIAN_POINT('',(0.000375000000000019,-0.306499754656116,0.00775));
#5701=CARTESIAN_POINT('Origin',(2.95937027512416E-18,-0.0482,0.00775));
#5702=CARTESIAN_POINT('Origin',(6.42084573789874E-18,-0.0482,0.0058));
#5703=CARTESIAN_POINT('Origin',(-0.00104999999999998,-0.306499754656116,
0.0067));
#5704=CARTESIAN_POINT('',(-0.000675,-0.0482,0.0067));
#5705=CARTESIAN_POINT('',(-0.00067499999999998,-0.306499754656116,0.0067));
#5706=CARTESIAN_POINT('Origin',(-0.00105,-0.0482,0.0067));
#5707=CARTESIAN_POINT('Origin',(6.42084573789874E-18,-0.0482,0.0058));
#5708=CARTESIAN_POINT('Origin',(1.62820036664155E-17,-0.306499754656116,
0.00565));
#5709=CARTESIAN_POINT('',(0.000375,-0.0482,0.00565));
#5710=CARTESIAN_POINT('',(0.000375000000000016,-0.306499754656116,0.00565));
#5711=CARTESIAN_POINT('Origin',(4.65705278407504E-19,-0.0482,0.00565));
#5712=CARTESIAN_POINT('Origin',(6.42084573789874E-18,-0.0482,0.0058));
#5713=CARTESIAN_POINT('Origin',(0.00105000000000002,-0.306499754656116,
0.0067));
#5714=CARTESIAN_POINT('',(0.001425,-0.0482,0.0067));
#5715=CARTESIAN_POINT('',(0.00142500000000002,-0.306499754656116,0.0067));
#5716=CARTESIAN_POINT('Origin',(0.00105,-0.0482,0.0067));
#5717=CARTESIAN_POINT('Origin',(6.42084573789874E-18,-0.0482,0.0058));
#5718=CARTESIAN_POINT('Origin',(0.02555,0.010075,0.0729));
#5719=CARTESIAN_POINT('',(0.02555,0.012725,0.0729));
#5720=CARTESIAN_POINT('Origin',(0.02555,0.010075,0.0729));
#5721=CARTESIAN_POINT('',(0.02555,0.012725,0.0729));
#5722=CARTESIAN_POINT('Origin',(0.02555,0.021875,0.0729));
#5723=CARTESIAN_POINT('',(0.02555,0.019225,0.0729));
#5724=CARTESIAN_POINT('',(0.02555,0.019225,0.0729));
#5725=CARTESIAN_POINT('Origin',(0.02555,0.021875,0.0729));
#5726=CARTESIAN_POINT('Origin',(0.02555,0.015975,0.0729));
#5727=CARTESIAN_POINT('Origin',(0.02555,0.015975,0.0729));
#5728=CARTESIAN_POINT('Origin',(6.93889390390723E-18,0.,0.0729));
#5729=CARTESIAN_POINT('',(0.02735,0.015975,0.0729));
#5730=CARTESIAN_POINT('Origin',(0.02555,0.015975,0.0729));
#5731=CARTESIAN_POINT('Origin',(0.02555,0.015975,0.07385));
#5732=CARTESIAN_POINT('Origin',(0.02735,0.015975,0.07385));
#5733=CARTESIAN_POINT('Origin',(0.02555,0.014475,0.0738));
#5734=CARTESIAN_POINT('',(0.02605,0.014475,0.0738));
#5735=CARTESIAN_POINT('',(0.02605,0.014475,0.0738));
#5736=CARTESIAN_POINT('',(0.02505,0.014475,0.0738));
#5737=CARTESIAN_POINT('',(0.02555,0.014475,0.0738));
#5738=CARTESIAN_POINT('',(0.02505,0.014475,0.0738));
#5739=CARTESIAN_POINT('Origin',(0.02605,0.014975,0.0738));
#5740=CARTESIAN_POINT('',(0.02605,0.015475,0.0738));
#5741=CARTESIAN_POINT('',(0.02605,0.015475,0.0738));
#5742=CARTESIAN_POINT('',(0.02605,0.014975,0.0738));
#5743=CARTESIAN_POINT('Origin',(0.02655,0.015475,0.0738));
#5744=CARTESIAN_POINT('',(0.02705,0.015475,0.0738));
#5745=CARTESIAN_POINT('',(0.02705,0.015475,0.0738));
#5746=CARTESIAN_POINT('',(0.02655,0.015475,0.0738));
#5747=CARTESIAN_POINT('Origin',(0.02705,0.015975,0.0738));
#5748=CARTESIAN_POINT('',(0.02705,0.016475,0.0738));
#5749=CARTESIAN_POINT('',(0.02705,0.016475,0.0738));
#5750=CARTESIAN_POINT('',(0.02705,0.015975,0.0738));
#5751=CARTESIAN_POINT('Origin',(0.02655,0.016475,0.0738));
#5752=CARTESIAN_POINT('',(0.02605,0.016475,0.0738));
#5753=CARTESIAN_POINT('',(0.02605,0.016475,0.0738));
#5754=CARTESIAN_POINT('',(0.02655,0.016475,0.0738));
#5755=CARTESIAN_POINT('Origin',(0.02605,0.016975,0.0738));
#5756=CARTESIAN_POINT('',(0.02605,0.017475,0.0738));
#5757=CARTESIAN_POINT('',(0.02605,0.017475,0.0738));
#5758=CARTESIAN_POINT('',(0.02605,0.016975,0.0738));
#5759=CARTESIAN_POINT('Origin',(0.02555,0.017475,0.0738));
#5760=CARTESIAN_POINT('',(0.02505,0.017475,0.0738));
#5761=CARTESIAN_POINT('',(0.02505,0.017475,0.0738));
#5762=CARTESIAN_POINT('',(0.02555,0.017475,0.0738));
#5763=CARTESIAN_POINT('Origin',(0.02505,0.016975,0.0738));
#5764=CARTESIAN_POINT('',(0.02505,0.016475,0.0738));
#5765=CARTESIAN_POINT('',(0.02505,0.016475,0.0738));
#5766=CARTESIAN_POINT('',(0.02505,0.016975,0.0738));
#5767=CARTESIAN_POINT('Origin',(0.02455,0.016475,0.0738));
#5768=CARTESIAN_POINT('',(0.02405,0.016475,0.0738));
#5769=CARTESIAN_POINT('',(0.02405,0.016475,0.0738));
#5770=CARTESIAN_POINT('',(0.02455,0.016475,0.0738));
#5771=CARTESIAN_POINT('Origin',(0.02405,0.015975,0.0738));
#5772=CARTESIAN_POINT('',(0.02405,0.015475,0.0738));
#5773=CARTESIAN_POINT('',(0.02405,0.015475,0.0738));
#5774=CARTESIAN_POINT('',(0.02405,0.015975,0.0738));
#5775=CARTESIAN_POINT('Origin',(0.02455,0.015475,0.0738));
#5776=CARTESIAN_POINT('',(0.02505,0.015475,0.0738));
#5777=CARTESIAN_POINT('',(0.02505,0.015475,0.0738));
#5778=CARTESIAN_POINT('',(0.02455,0.015475,0.0738));
#5779=CARTESIAN_POINT('Origin',(0.02505,0.014975,0.0738));
#5780=CARTESIAN_POINT('',(0.02505,0.014975,0.0738));
#5781=CARTESIAN_POINT('Origin',(0.02555,0.015975,0.0738));
#5782=CARTESIAN_POINT('Origin',(0.02555,-0.010075,0.0729));
#5783=CARTESIAN_POINT('',(0.02555,-0.012725,0.0729));
#5784=CARTESIAN_POINT('',(0.02555,-0.012725,0.0729));
#5785=CARTESIAN_POINT('Origin',(0.02555,-0.010075,0.0729));
#5786=CARTESIAN_POINT('Origin',(0.02555,-0.015975,0.0729));
#5787=CARTESIAN_POINT('',(0.02555,-0.019225,0.0729));
#5788=CARTESIAN_POINT('',(0.02555,-0.019225,0.0729));
#5789=CARTESIAN_POINT('Origin',(0.02555,-0.015975,0.0729));
#5790=CARTESIAN_POINT('Origin',(0.02555,-0.021875,0.0729));
#5791=CARTESIAN_POINT('Origin',(0.02555,-0.021875,0.0729));
#5792=CARTESIAN_POINT('Origin',(6.93889390390723E-18,0.,0.0729));
#5793=CARTESIAN_POINT('',(0.02735,-0.015975,0.0729));
#5794=CARTESIAN_POINT('Origin',(0.02555,-0.015975,0.0729));
#5795=CARTESIAN_POINT('Origin',(0.02555,-0.015975,0.07385));
#5796=CARTESIAN_POINT('',(0.02735,-0.015975,0.0748));
#5797=CARTESIAN_POINT('Origin',(0.02735,-0.015975,0.07385));
#5798=CARTESIAN_POINT('Origin',(0.02555,-0.015975,0.0748));
#5799=CARTESIAN_POINT('Origin',(0.02645,-0.015975,0.0748));
#5800=CARTESIAN_POINT('',(0.02505,-0.014475,0.0748));
#5801=CARTESIAN_POINT('',(0.02505,-0.015475,0.0748));
#5802=CARTESIAN_POINT('',(0.02505,-0.014975,0.0748));
#5803=CARTESIAN_POINT('',(0.02605,-0.014475,0.0748));
#5804=CARTESIAN_POINT('',(0.02555,-0.014475,0.0748));
#5805=CARTESIAN_POINT('',(0.02605,-0.015475,0.0748));
#5806=CARTESIAN_POINT('',(0.02605,-0.014975,0.0748));
#5807=CARTESIAN_POINT('',(0.02705,-0.015475,0.0748));
#5808=CARTESIAN_POINT('',(0.02655,-0.015475,0.0748));
#5809=CARTESIAN_POINT('',(0.02705,-0.016475,0.0748));
#5810=CARTESIAN_POINT('',(0.02705,-0.015975,0.0748));
#5811=CARTESIAN_POINT('',(0.02605,-0.016475,0.0748));
#5812=CARTESIAN_POINT('',(0.02655,-0.016475,0.0748));
#5813=CARTESIAN_POINT('',(0.02605,-0.017475,0.0748));
#5814=CARTESIAN_POINT('',(0.02605,-0.016975,0.0748));
#5815=CARTESIAN_POINT('',(0.02505,-0.017475,0.0748));
#5816=CARTESIAN_POINT('',(0.02555,-0.017475,0.0748));
#5817=CARTESIAN_POINT('',(0.02505,-0.016475,0.0748));
#5818=CARTESIAN_POINT('',(0.02505,-0.016975,0.0748));
#5819=CARTESIAN_POINT('',(0.02405,-0.016475,0.0748));
#5820=CARTESIAN_POINT('',(0.02455,-0.016475,0.0748));
#5821=CARTESIAN_POINT('',(0.02405,-0.015475,0.0748));
#5822=CARTESIAN_POINT('',(0.02405,-0.015975,0.0748));
#5823=CARTESIAN_POINT('',(0.02455,-0.015475,0.0748));
#5824=CARTESIAN_POINT('Origin',(0.02555,-0.014475,0.0738));
#5825=CARTESIAN_POINT('',(0.02505,-0.014475,0.0738));
#5826=CARTESIAN_POINT('',(0.02505,-0.014475,0.0738));
#5827=CARTESIAN_POINT('',(0.02605,-0.014475,0.0738));
#5828=CARTESIAN_POINT('',(0.02555,-0.014475,0.0738));
#5829=CARTESIAN_POINT('',(0.02605,-0.014475,0.0738));
#5830=CARTESIAN_POINT('Origin',(0.02505,-0.014975,0.0738));
#5831=CARTESIAN_POINT('',(0.02505,-0.015475,0.0738));
#5832=CARTESIAN_POINT('',(0.02505,-0.015475,0.0738));
#5833=CARTESIAN_POINT('',(0.02505,-0.014975,0.0738));
#5834=CARTESIAN_POINT('Origin',(0.02455,-0.015475,0.0738));
#5835=CARTESIAN_POINT('',(0.02405,-0.015475,0.0738));
#5836=CARTESIAN_POINT('',(0.02405,-0.015475,0.0738));
#5837=CARTESIAN_POINT('',(0.02455,-0.015475,0.0738));
#5838=CARTESIAN_POINT('Origin',(0.02405,-0.015975,0.0738));
#5839=CARTESIAN_POINT('',(0.02405,-0.016475,0.0738));
#5840=CARTESIAN_POINT('',(0.02405,-0.016475,0.0738));
#5841=CARTESIAN_POINT('',(0.02405,-0.015975,0.0738));
#5842=CARTESIAN_POINT('Origin',(0.02455,-0.016475,0.0738));
#5843=CARTESIAN_POINT('',(0.02505,-0.016475,0.0738));
#5844=CARTESIAN_POINT('',(0.02505,-0.016475,0.0738));
#5845=CARTESIAN_POINT('',(0.02455,-0.016475,0.0738));
#5846=CARTESIAN_POINT('Origin',(0.02505,-0.016975,0.0738));
#5847=CARTESIAN_POINT('',(0.02505,-0.017475,0.0738));
#5848=CARTESIAN_POINT('',(0.02505,-0.017475,0.0738));
#5849=CARTESIAN_POINT('',(0.02505,-0.016975,0.0738));
#5850=CARTESIAN_POINT('Origin',(0.02555,-0.017475,0.0738));
#5851=CARTESIAN_POINT('',(0.02605,-0.017475,0.0738));
#5852=CARTESIAN_POINT('',(0.02605,-0.017475,0.0738));
#5853=CARTESIAN_POINT('',(0.02555,-0.017475,0.0738));
#5854=CARTESIAN_POINT('Origin',(0.02605,-0.016975,0.0738));
#5855=CARTESIAN_POINT('',(0.02605,-0.016475,0.0738));
#5856=CARTESIAN_POINT('',(0.02605,-0.016475,0.0738));
#5857=CARTESIAN_POINT('',(0.02605,-0.016975,0.0738));
#5858=CARTESIAN_POINT('Origin',(0.02655,-0.016475,0.0738));
#5859=CARTESIAN_POINT('',(0.02705,-0.016475,0.0738));
#5860=CARTESIAN_POINT('',(0.02705,-0.016475,0.0738));
#5861=CARTESIAN_POINT('',(0.02655,-0.016475,0.0738));
#5862=CARTESIAN_POINT('Origin',(0.02705,-0.015975,0.0738));
#5863=CARTESIAN_POINT('',(0.02705,-0.015475,0.0738));
#5864=CARTESIAN_POINT('',(0.02705,-0.015475,0.0738));
#5865=CARTESIAN_POINT('',(0.02705,-0.015975,0.0738));
#5866=CARTESIAN_POINT('Origin',(0.02655,-0.015475,0.0738));
#5867=CARTESIAN_POINT('',(0.02605,-0.015475,0.0738));
#5868=CARTESIAN_POINT('',(0.02605,-0.015475,0.0738));
#5869=CARTESIAN_POINT('',(0.02655,-0.015475,0.0738));
#5870=CARTESIAN_POINT('Origin',(0.02605,-0.014975,0.0738));
#5871=CARTESIAN_POINT('',(0.02605,-0.014975,0.0738));
#5872=CARTESIAN_POINT('Origin',(0.02555,-0.015975,0.0738));
#5873=CARTESIAN_POINT('Origin',(-0.02555,0.010075,0.0729));
#5874=CARTESIAN_POINT('',(-0.02555,0.012725,0.0729));
#5875=CARTESIAN_POINT('',(-0.02555,0.012725,0.0729));
#5876=CARTESIAN_POINT('Origin',(-0.02555,0.010075,0.0729));
#5877=CARTESIAN_POINT('Origin',(-0.02555,0.015975,0.0729));
#5878=CARTESIAN_POINT('',(-0.02555,0.019225,0.0729));
#5879=CARTESIAN_POINT('',(-0.02555,0.019225,0.0729));
#5880=CARTESIAN_POINT('Origin',(-0.02555,0.015975,0.0729));
#5881=CARTESIAN_POINT('Origin',(-0.02555,0.021875,0.0729));
#5882=CARTESIAN_POINT('Origin',(-0.02555,0.021875,0.0729));
#5883=CARTESIAN_POINT('Origin',(-6.93889390390723E-18,0.,0.0729));
#5884=CARTESIAN_POINT('',(-0.02735,0.015975,0.0729));
#5885=CARTESIAN_POINT('Origin',(-0.02555,0.015975,0.0729));
#5886=CARTESIAN_POINT('Origin',(-0.02555,0.015975,0.07385));
#5887=CARTESIAN_POINT('',(-0.02735,0.015975,0.0748));
#5888=CARTESIAN_POINT('Origin',(-0.02735,0.015975,0.07385));
#5889=CARTESIAN_POINT('Origin',(-0.02555,0.015975,0.0748));
#5890=CARTESIAN_POINT('Origin',(-0.02645,0.015975,0.0748));
#5891=CARTESIAN_POINT('',(-0.02505,0.014475,0.0748));
#5892=CARTESIAN_POINT('',(-0.02505,0.015475,0.0748));
#5893=CARTESIAN_POINT('',(-0.02505,0.014975,0.0748));
#5894=CARTESIAN_POINT('',(-0.02605,0.014475,0.0748));
#5895=CARTESIAN_POINT('',(-0.02555,0.014475,0.0748));
#5896=CARTESIAN_POINT('',(-0.02605,0.015475,0.0748));
#5897=CARTESIAN_POINT('',(-0.02605,0.014975,0.0748));
#5898=CARTESIAN_POINT('',(-0.02705,0.015475,0.0748));
#5899=CARTESIAN_POINT('',(-0.02655,0.015475,0.0748));
#5900=CARTESIAN_POINT('',(-0.02705,0.016475,0.0748));
#5901=CARTESIAN_POINT('',(-0.02705,0.015975,0.0748));
#5902=CARTESIAN_POINT('',(-0.02605,0.016475,0.0748));
#5903=CARTESIAN_POINT('',(-0.02655,0.016475,0.0748));
#5904=CARTESIAN_POINT('',(-0.02605,0.017475,0.0748));
#5905=CARTESIAN_POINT('',(-0.02605,0.016975,0.0748));
#5906=CARTESIAN_POINT('',(-0.02505,0.017475,0.0748));
#5907=CARTESIAN_POINT('',(-0.02555,0.017475,0.0748));
#5908=CARTESIAN_POINT('',(-0.02505,0.016475,0.0748));
#5909=CARTESIAN_POINT('',(-0.02505,0.016975,0.0748));
#5910=CARTESIAN_POINT('',(-0.02405,0.016475,0.0748));
#5911=CARTESIAN_POINT('',(-0.02455,0.016475,0.0748));
#5912=CARTESIAN_POINT('',(-0.02405,0.015475,0.0748));
#5913=CARTESIAN_POINT('',(-0.02405,0.015975,0.0748));
#5914=CARTESIAN_POINT('',(-0.02455,0.015475,0.0748));
#5915=CARTESIAN_POINT('Origin',(-0.02555,0.014475,0.0738));
#5916=CARTESIAN_POINT('',(-0.02505,0.014475,0.0738));
#5917=CARTESIAN_POINT('',(-0.02505,0.014475,0.0738));
#5918=CARTESIAN_POINT('',(-0.02605,0.014475,0.0738));
#5919=CARTESIAN_POINT('',(-0.02555,0.014475,0.0738));
#5920=CARTESIAN_POINT('',(-0.02605,0.014475,0.0738));
#5921=CARTESIAN_POINT('Origin',(-0.02505,0.014975,0.0738));
#5922=CARTESIAN_POINT('',(-0.02505,0.015475,0.0738));
#5923=CARTESIAN_POINT('',(-0.02505,0.015475,0.0738));
#5924=CARTESIAN_POINT('',(-0.02505,0.014975,0.0738));
#5925=CARTESIAN_POINT('Origin',(-0.02455,0.015475,0.0738));
#5926=CARTESIAN_POINT('',(-0.02405,0.015475,0.0738));
#5927=CARTESIAN_POINT('',(-0.02405,0.015475,0.0738));
#5928=CARTESIAN_POINT('',(-0.02455,0.015475,0.0738));
#5929=CARTESIAN_POINT('Origin',(-0.02405,0.015975,0.0738));
#5930=CARTESIAN_POINT('',(-0.02405,0.016475,0.0738));
#5931=CARTESIAN_POINT('',(-0.02405,0.016475,0.0738));
#5932=CARTESIAN_POINT('',(-0.02405,0.015975,0.0738));
#5933=CARTESIAN_POINT('Origin',(-0.02455,0.016475,0.0738));
#5934=CARTESIAN_POINT('',(-0.02505,0.016475,0.0738));
#5935=CARTESIAN_POINT('',(-0.02505,0.016475,0.0738));
#5936=CARTESIAN_POINT('',(-0.02455,0.016475,0.0738));
#5937=CARTESIAN_POINT('Origin',(-0.02505,0.016975,0.0738));
#5938=CARTESIAN_POINT('',(-0.02505,0.017475,0.0738));
#5939=CARTESIAN_POINT('',(-0.02505,0.017475,0.0738));
#5940=CARTESIAN_POINT('',(-0.02505,0.016975,0.0738));
#5941=CARTESIAN_POINT('Origin',(-0.02555,0.017475,0.0738));
#5942=CARTESIAN_POINT('',(-0.02605,0.017475,0.0738));
#5943=CARTESIAN_POINT('',(-0.02605,0.017475,0.0738));
#5944=CARTESIAN_POINT('',(-0.02555,0.017475,0.0738));
#5945=CARTESIAN_POINT('Origin',(-0.02605,0.016975,0.0738));
#5946=CARTESIAN_POINT('',(-0.02605,0.016475,0.0738));
#5947=CARTESIAN_POINT('',(-0.02605,0.016475,0.0738));
#5948=CARTESIAN_POINT('',(-0.02605,0.016975,0.0738));
#5949=CARTESIAN_POINT('Origin',(-0.02655,0.016475,0.0738));
#5950=CARTESIAN_POINT('',(-0.02705,0.016475,0.0738));
#5951=CARTESIAN_POINT('',(-0.02705,0.016475,0.0738));
#5952=CARTESIAN_POINT('',(-0.02655,0.016475,0.0738));
#5953=CARTESIAN_POINT('Origin',(-0.02705,0.015975,0.0738));
#5954=CARTESIAN_POINT('',(-0.02705,0.015475,0.0738));
#5955=CARTESIAN_POINT('',(-0.02705,0.015475,0.0738));
#5956=CARTESIAN_POINT('',(-0.02705,0.015975,0.0738));
#5957=CARTESIAN_POINT('Origin',(-0.02655,0.015475,0.0738));
#5958=CARTESIAN_POINT('',(-0.02605,0.015475,0.0738));
#5959=CARTESIAN_POINT('',(-0.02605,0.015475,0.0738));
#5960=CARTESIAN_POINT('',(-0.02655,0.015475,0.0738));
#5961=CARTESIAN_POINT('Origin',(-0.02605,0.014975,0.0738));
#5962=CARTESIAN_POINT('',(-0.02605,0.014975,0.0738));
#5963=CARTESIAN_POINT('Origin',(-0.02555,0.015975,0.0738));
#5964=CARTESIAN_POINT('Origin',(-0.02555,-0.010075,0.0729));
#5965=CARTESIAN_POINT('',(-0.02555,-0.012725,0.0729));
#5966=CARTESIAN_POINT('Origin',(-0.02555,-0.010075,0.0729));
#5967=CARTESIAN_POINT('',(-0.02555,-0.012725,0.0729));
#5968=CARTESIAN_POINT('Origin',(-0.02555,-0.021875,0.0729));
#5969=CARTESIAN_POINT('',(-0.02555,-0.019225,0.0729));
#5970=CARTESIAN_POINT('',(-0.02555,-0.019225,0.0729));
#5971=CARTESIAN_POINT('Origin',(-0.02555,-0.021875,0.0729));
#5972=CARTESIAN_POINT('Origin',(-0.02555,-0.015975,0.0729));
#5973=CARTESIAN_POINT('Origin',(-0.02555,-0.015975,0.0729));
#5974=CARTESIAN_POINT('Origin',(-6.93889390390723E-18,0.,0.0729));
#5975=CARTESIAN_POINT('',(-0.02735,-0.015975,0.0729));
#5976=CARTESIAN_POINT('Origin',(-0.02555,-0.015975,0.0729));
#5977=CARTESIAN_POINT('Origin',(-0.02555,-0.015975,0.07385));
#5978=CARTESIAN_POINT('Origin',(-0.02735,-0.015975,0.07385));
#5979=CARTESIAN_POINT('Origin',(-0.02555,-0.014475,0.0738));
#5980=CARTESIAN_POINT('',(-0.02605,-0.014475,0.0738));
#5981=CARTESIAN_POINT('',(-0.02605,-0.014475,0.0738));
#5982=CARTESIAN_POINT('',(-0.02505,-0.014475,0.0738));
#5983=CARTESIAN_POINT('',(-0.02555,-0.014475,0.0738));
#5984=CARTESIAN_POINT('',(-0.02505,-0.014475,0.0738));
#5985=CARTESIAN_POINT('Origin',(-0.02605,-0.014975,0.0738));
#5986=CARTESIAN_POINT('',(-0.02605,-0.015475,0.0738));
#5987=CARTESIAN_POINT('',(-0.02605,-0.015475,0.0738));
#5988=CARTESIAN_POINT('',(-0.02605,-0.014975,0.0738));
#5989=CARTESIAN_POINT('Origin',(-0.02655,-0.015475,0.0738));
#5990=CARTESIAN_POINT('',(-0.02705,-0.015475,0.0738));
#5991=CARTESIAN_POINT('',(-0.02705,-0.015475,0.0738));
#5992=CARTESIAN_POINT('',(-0.02655,-0.015475,0.0738));
#5993=CARTESIAN_POINT('Origin',(-0.02705,-0.015975,0.0738));
#5994=CARTESIAN_POINT('',(-0.02705,-0.016475,0.0738));
#5995=CARTESIAN_POINT('',(-0.02705,-0.016475,0.0738));
#5996=CARTESIAN_POINT('',(-0.02705,-0.015975,0.0738));
#5997=CARTESIAN_POINT('Origin',(-0.02655,-0.016475,0.0738));
#5998=CARTESIAN_POINT('',(-0.02605,-0.016475,0.0738));
#5999=CARTESIAN_POINT('',(-0.02605,-0.016475,0.0738));
#6000=CARTESIAN_POINT('',(-0.02655,-0.016475,0.0738));
#6001=CARTESIAN_POINT('Origin',(-0.02605,-0.016975,0.0738));
#6002=CARTESIAN_POINT('',(-0.02605,-0.017475,0.0738));
#6003=CARTESIAN_POINT('',(-0.02605,-0.017475,0.0738));
#6004=CARTESIAN_POINT('',(-0.02605,-0.016975,0.0738));
#6005=CARTESIAN_POINT('Origin',(-0.02555,-0.017475,0.0738));
#6006=CARTESIAN_POINT('',(-0.02505,-0.017475,0.0738));
#6007=CARTESIAN_POINT('',(-0.02505,-0.017475,0.0738));
#6008=CARTESIAN_POINT('',(-0.02555,-0.017475,0.0738));
#6009=CARTESIAN_POINT('Origin',(-0.02505,-0.016975,0.0738));
#6010=CARTESIAN_POINT('',(-0.02505,-0.016475,0.0738));
#6011=CARTESIAN_POINT('',(-0.02505,-0.016475,0.0738));
#6012=CARTESIAN_POINT('',(-0.02505,-0.016975,0.0738));
#6013=CARTESIAN_POINT('Origin',(-0.02455,-0.016475,0.0738));
#6014=CARTESIAN_POINT('',(-0.02405,-0.016475,0.0738));
#6015=CARTESIAN_POINT('',(-0.02405,-0.016475,0.0738));
#6016=CARTESIAN_POINT('',(-0.02455,-0.016475,0.0738));
#6017=CARTESIAN_POINT('Origin',(-0.02405,-0.015975,0.0738));
#6018=CARTESIAN_POINT('',(-0.02405,-0.015475,0.0738));
#6019=CARTESIAN_POINT('',(-0.02405,-0.015475,0.0738));
#6020=CARTESIAN_POINT('',(-0.02405,-0.015975,0.0738));
#6021=CARTESIAN_POINT('Origin',(-0.02455,-0.015475,0.0738));
#6022=CARTESIAN_POINT('',(-0.02505,-0.015475,0.0738));
#6023=CARTESIAN_POINT('',(-0.02505,-0.015475,0.0738));
#6024=CARTESIAN_POINT('',(-0.02455,-0.015475,0.0738));
#6025=CARTESIAN_POINT('Origin',(-0.02505,-0.014975,0.0738));
#6026=CARTESIAN_POINT('',(-0.02505,-0.014975,0.0738));
#6027=CARTESIAN_POINT('Origin',(-0.02555,-0.015975,0.0738));
#6028=UNCERTAINTY_MEASURE_WITH_UNIT(LENGTH_MEASURE(1.E-5),#6032,
'DISTANCE_ACCURACY_VALUE',
'Maximum model space distance between geometric entities at asserted c
onnectivities');
#6029=UNCERTAINTY_MEASURE_WITH_UNIT(LENGTH_MEASURE(1.E-5),#6032,
'DISTANCE_ACCURACY_VALUE',
'Maximum model space distance between geometric entities at asserted c
onnectivities');
#6030=(
GEOMETRIC_REPRESENTATION_CONTEXT(3)
GLOBAL_UNCERTAINTY_ASSIGNED_CONTEXT((#6028))
GLOBAL_UNIT_ASSIGNED_CONTEXT((#6032,#6033,#6034))
REPRESENTATION_CONTEXT('','3D')
);
#6031=(
GEOMETRIC_REPRESENTATION_CONTEXT(3)
GLOBAL_UNCERTAINTY_ASSIGNED_CONTEXT((#6029))
GLOBAL_UNIT_ASSIGNED_CONTEXT((#6032,#6033,#6034))
REPRESENTATION_CONTEXT('','3D')
);
#6032=(
LENGTH_UNIT()
NAMED_UNIT(*)
SI_UNIT($,.METRE.)
);
#6033=(
NAMED_UNIT(*)
PLANE_ANGLE_UNIT()
SI_UNIT($,.RADIAN.)
);
#6034=(
NAMED_UNIT(*)
SI_UNIT($,.STERADIAN.)
SOLID_ANGLE_UNIT()
);
#6035=SHAPE_DEFINITION_REPRESENTATION(#6036,#6037);
#6036=PRODUCT_DEFINITION_SHAPE('',$,#6039);
#6037=SHAPE_REPRESENTATION('',(#3602),#6030);
#6038=PRODUCT_DEFINITION_CONTEXT('part definition',#6043,'design');
#6039=PRODUCT_DEFINITION('SL57STH76-2804A - NEMA 23 stepper motor',
'SL57STH76-2804A - NEMA 23 stepper motor v1',#6040,#6038);
#6040=PRODUCT_DEFINITION_FORMATION('',$,#6045);
#6041=PRODUCT_RELATED_PRODUCT_CATEGORY(
'SL57STH76-2804A - NEMA 23 stepper motor v1',
'SL57STH76-2804A - NEMA 23 stepper motor v1',(#6045));
#6042=APPLICATION_PROTOCOL_DEFINITION('international standard',
'automotive_design',2009,#6043);
#6043=APPLICATION_CONTEXT(
'Core Data for Automotive Mechanical Design Process');
#6044=PRODUCT_CONTEXT('part definition',#6043,'mechanical');
#6045=PRODUCT('SL57STH76-2804A - NEMA 23 stepper motor',
'SL57STH76-2804A - NEMA 23 stepper motor v1',$,(#6044));
#6046=PRESENTATION_STYLE_ASSIGNMENT((#6056));
#6047=PRESENTATION_STYLE_ASSIGNMENT((#6057));
#6048=PRESENTATION_STYLE_ASSIGNMENT((#6058));
#6049=PRESENTATION_STYLE_ASSIGNMENT((#6059));
#6050=PRESENTATION_STYLE_ASSIGNMENT((#6060));
#6051=PRESENTATION_STYLE_ASSIGNMENT((#6061));
#6052=PRESENTATION_STYLE_ASSIGNMENT((#6062));
#6053=PRESENTATION_STYLE_ASSIGNMENT((#6063));
#6054=PRESENTATION_STYLE_ASSIGNMENT((#6064));
#6055=PRESENTATION_STYLE_ASSIGNMENT((#6065));
#6056=SURFACE_STYLE_USAGE(.BOTH.,#6066);
#6057=SURFACE_STYLE_USAGE(.BOTH.,#6067);
#6058=SURFACE_STYLE_USAGE(.BOTH.,#6068);
#6059=SURFACE_STYLE_USAGE(.BOTH.,#6069);
#6060=SURFACE_STYLE_USAGE(.BOTH.,#6070);
#6061=SURFACE_STYLE_USAGE(.BOTH.,#6071);
#6062=SURFACE_STYLE_USAGE(.BOTH.,#6072);
#6063=SURFACE_STYLE_USAGE(.BOTH.,#6073);
#6064=SURFACE_STYLE_USAGE(.BOTH.,#6074);
#6065=SURFACE_STYLE_USAGE(.BOTH.,#6075);
#6066=SURFACE_SIDE_STYLE('',(#6076));
#6067=SURFACE_SIDE_STYLE('',(#6077));
#6068=SURFACE_SIDE_STYLE('',(#6078));
#6069=SURFACE_SIDE_STYLE('',(#6079));
#6070=SURFACE_SIDE_STYLE('',(#6080));
#6071=SURFACE_SIDE_STYLE('',(#6081));
#6072=SURFACE_SIDE_STYLE('',(#6082));
#6073=SURFACE_SIDE_STYLE('',(#6083));
#6074=SURFACE_SIDE_STYLE('',(#6084));
#6075=SURFACE_SIDE_STYLE('',(#6085));
#6076=SURFACE_STYLE_FILL_AREA(#6086);
#6077=SURFACE_STYLE_FILL_AREA(#6087);
#6078=SURFACE_STYLE_FILL_AREA(#6088);
#6079=SURFACE_STYLE_FILL_AREA(#6089);
#6080=SURFACE_STYLE_FILL_AREA(#6090);
#6081=SURFACE_STYLE_FILL_AREA(#6091);
#6082=SURFACE_STYLE_FILL_AREA(#6092);
#6083=SURFACE_STYLE_FILL_AREA(#6093);
#6084=SURFACE_STYLE_FILL_AREA(#6094);
#6085=SURFACE_STYLE_FILL_AREA(#6095);
#6086=FILL_AREA_STYLE('Steel - Satin',(#6096));
#6087=FILL_AREA_STYLE('Opaque(230,230,230)',(#6097));
#6088=FILL_AREA_STYLE('Opaque(40,40,40)',(#6098));
#6089=FILL_AREA_STYLE('Opaque(234,234,234)',(#6099));
#6090=FILL_AREA_STYLE('Opaque(60,60,60)',(#6100));
#6091=FILL_AREA_STYLE('Opaque(10,10,10)',(#6101));
#6092=FILL_AREA_STYLE('Opaque(50,112,20)',(#6102));
#6093=FILL_AREA_STYLE('Opaque(186,64,27)',(#6103));
#6094=FILL_AREA_STYLE('Opaque(0,75,255)',(#6104));
#6095=FILL_AREA_STYLE('Opaque(184,115,51)',(#6105));
#6096=FILL_AREA_STYLE_COLOUR('Steel - Satin',#6106);
#6097=FILL_AREA_STYLE_COLOUR('Opaque(230,230,230)',#6107);
#6098=FILL_AREA_STYLE_COLOUR('Opaque(40,40,40)',#6108);
#6099=FILL_AREA_STYLE_COLOUR('Opaque(234,234,234)',#6109);
#6100=FILL_AREA_STYLE_COLOUR('Opaque(60,60,60)',#6110);
#6101=FILL_AREA_STYLE_COLOUR('Opaque(10,10,10)',#6111);
#6102=FILL_AREA_STYLE_COLOUR('Opaque(50,112,20)',#6112);
#6103=FILL_AREA_STYLE_COLOUR('Opaque(186,64,27)',#6113);
#6104=FILL_AREA_STYLE_COLOUR('Opaque(0,75,255)',#6114);
#6105=FILL_AREA_STYLE_COLOUR('Opaque(184,115,51)',#6115);
#6106=COLOUR_RGB('Steel - Satin',0.627450980392157,0.627450980392157,0.627450980392157);
#6107=COLOUR_RGB('Opaque(230,230,230)',0.901960784313726,0.901960784313726,
0.901960784313726);
#6108=COLOUR_RGB('Opaque(40,40,40)',0.156862745098039,0.156862745098039,
0.156862745098039);
#6109=COLOUR_RGB('Opaque(234,234,234)',0.917647058823529,0.917647058823529,
0.917647058823529);
#6110=COLOUR_RGB('Opaque(60,60,60)',0.235294117647059,0.235294117647059,
0.235294117647059);
#6111=COLOUR_RGB('Opaque(10,10,10)',0.0392156862745098,0.0392156862745098,
0.0392156862745098);
#6112=COLOUR_RGB('Opaque(50,112,20)',0.196078431372549,0.43921568627451,
0.0784313725490196);
#6113=COLOUR_RGB('Opaque(186,64,27)',0.729411764705882,0.250980392156863,
0.105882352941176);
#6114=COLOUR_RGB('Opaque(0,75,255)',0.,0.294117647058824,1.);
#6115=COLOUR_RGB('Opaque(184,115,51)',0.72156862745098,0.450980392156863,
0.2);
ENDSEC;
END-ISO-10303-21;
