ISO-10303-21;
HEADER;
/* Generated by software containing ST-Developer
 * from STEP Tools, Inc. (www.steptools.com) 
 */

FILE_DESCRIPTION(
/* description */ (''),
/* implementation_level */ '2;1');

FILE_NAME(
/* name */ 'frame only.step',
/* time_stamp */ '2025-08-12T09:41:22-04:00',
/* author */ (''),
/* organization */ (''),
/* preprocessor_version */ 'ST-DEVELOPER v20.1',
/* originating_system */ 'Autodesk Translation Framework v14.10.0.0',
/* authorisation */ '');

FILE_SCHEMA (('AUTOMOTIVE_DESIGN { 1 0 10303 214 3 1 1 }'));
ENDSEC;

DATA;
#10=MECHANICAL_DESIGN_GEOMETRIC_PRESENTATION_REPRESENTATION('',(#17),#3359);
#11=ITEM_DEFINED_TRANSFORMATION($,$,#1587,#1753);
#12=(
REPRESENTATION_RELATIONSHIP($,$,#3370,#3369)
REPRESENTATION_RELATIONSHIP_WITH_TRANSFORMATION(#11)
SHAPE_REPRESENTATION_RELATIONSHIP()
);
#13=CONTEXT_DEPENDENT_SHAPE_REPRESENTATION(#12,#3368);
#14=NEXT_ASSEMBLY_USAGE_OCCURRENCE('v6 frame v1:1','v6 frame v1:1',
'v6 frame v1:1',#3372,#3373,'v6 frame v1:1');
#15=SHAPE_REPRESENTATION_RELATIONSHIP('SRR','None',#3370,#16);
#16=ADVANCED_BREP_SHAPE_REPRESENTATION('',(#18),#3358);
#17=STYLED_ITEM('',(#3387),#18);
#18=MANIFOLD_SOLID_BREP('Body1',#1573);
#19=ELLIPSE('',#1657,618.909751870355,337.542556300703);
#20=ELLIPSE('',#1658,1.90918830920367,1.35);
#21=ELLIPSE('',#1660,618.909751870708,337.542556300894);
#22=ELLIPSE('',#1661,1.90918830920367,1.35);
#23=ELLIPSE('',#1666,618.909751870707,337.542556300896);
#24=ELLIPSE('',#1668,618.909751870354,337.542556300703);
#25=ELLIPSE('',#1669,618.909751870707,337.542556300896);
#26=ELLIPSE('',#1670,618.909751870354,337.542556300704);
#27=ELLIPSE('',#1671,618.909751870707,337.542556300896);
#28=ELLIPSE('',#1672,618.909751870353,337.542556300708);
#29=ELLIPSE('',#1673,618.909751870707,337.542556300897);
#30=ELLIPSE('',#1674,618.909751870355,337.542556300703);
#31=ELLIPSE('',#1675,618.909751870707,337.542556300896);
#32=ELLIPSE('',#1676,618.909751870355,337.542556300703);
#33=ELLIPSE('',#1677,618.909751870707,337.542556300896);
#34=ELLIPSE('',#1678,618.909751870355,337.542556300703);
#35=ELLIPSE('',#1679,618.909751870354,337.542556300703);
#36=ELLIPSE('',#1680,618.909751870708,337.542556300896);
#37=ELLIPSE('',#1682,1.90918830920367,1.35);
#38=ELLIPSE('',#1684,1.90918830920367,1.35);
#39=ELLIPSE('',#1688,1.90918830920367,1.35);
#40=ELLIPSE('',#1690,1.90918830920367,1.35);
#41=ELLIPSE('',#1694,1.90918830920367,1.35);
#42=ELLIPSE('',#1696,1.90918830920367,1.35);
#43=ELLIPSE('',#1700,1.90918830920367,1.35);
#44=ELLIPSE('',#1702,1.90918830920367,1.35);
#45=ELLIPSE('',#1706,1.90918830920367,1.35);
#46=ELLIPSE('',#1708,1.90918830920367,1.35);
#47=ELLIPSE('',#1712,1.90918830920367,1.35);
#48=ELLIPSE('',#1714,1.90918830920367,1.35);
#49=ELLIPSE('',#1716,1.90918830920367,1.35);
#50=ELLIPSE('',#1718,1.90918830920367,1.35);
#51=FACE_BOUND('',#337,.T.);
#52=FACE_BOUND('',#338,.T.);
#53=FACE_BOUND('',#339,.T.);
#54=FACE_BOUND('',#348,.T.);
#55=FACE_BOUND('',#349,.T.);
#56=FACE_BOUND('',#357,.T.);
#57=FACE_BOUND('',#358,.T.);
#58=FACE_BOUND('',#359,.T.);
#59=FACE_BOUND('',#360,.T.);
#60=FACE_BOUND('',#361,.T.);
#61=FACE_BOUND('',#370,.T.);
#62=FACE_BOUND('',#371,.T.);
#63=FACE_BOUND('',#376,.T.);
#64=FACE_BOUND('',#377,.T.);
#65=FACE_BOUND('',#378,.T.);
#66=FACE_BOUND('',#379,.T.);
#67=FACE_BOUND('',#380,.T.);
#68=FACE_BOUND('',#381,.T.);
#69=FACE_BOUND('',#382,.T.);
#70=FACE_BOUND('',#421,.T.);
#71=FACE_BOUND('',#422,.T.);
#72=FACE_BOUND('',#423,.T.);
#73=FACE_BOUND('',#424,.T.);
#74=FACE_BOUND('',#425,.T.);
#75=FACE_BOUND('',#426,.T.);
#76=FACE_BOUND('',#427,.T.);
#77=FACE_BOUND('',#428,.T.);
#78=FACE_BOUND('',#429,.T.);
#79=FACE_BOUND('',#430,.T.);
#80=FACE_BOUND('',#431,.T.);
#81=FACE_BOUND('',#432,.T.);
#82=FACE_BOUND('',#433,.T.);
#83=FACE_BOUND('',#434,.T.);
#84=FACE_BOUND('',#435,.T.);
#85=FACE_BOUND('',#437,.T.);
#86=FACE_BOUND('',#438,.T.);
#87=FACE_BOUND('',#439,.T.);
#88=FACE_BOUND('',#440,.T.);
#89=FACE_BOUND('',#441,.T.);
#90=FACE_BOUND('',#442,.T.);
#91=FACE_BOUND('',#443,.T.);
#92=FACE_BOUND('',#444,.T.);
#93=FACE_BOUND('',#445,.T.);
#94=CONICAL_SURFACE('',#1598,265.5,1.00367141475975);
#95=CONICAL_SURFACE('',#1610,257.476050124882,0.506347114065131);
#96=CONICAL_SURFACE('',#1613,257.476050124882,0.506347114065131);
#97=CONICAL_SURFACE('',#1615,265.5,1.00367141475975);
#98=CONICAL_SURFACE('',#1624,257.476050124882,0.506347114065131);
#99=CONICAL_SURFACE('',#1629,265.5,1.00367141475975);
#100=CONICAL_SURFACE('',#1642,265.5,1.00367141475975);
#101=CONICAL_SURFACE('',#1664,259.5,0.566817088985858);
#102=CONICAL_SURFACE('',#1725,257.476050124882,0.506347114065131);
#103=B_SPLINE_CURVE_WITH_KNOTS('',3,(#2239,#2240,#2241,#2242,#2243,#2244,
#2245,#2246,#2247,#2248,#2249,#2250),.UNSPECIFIED.,.F.,.F.,(4,2,2,2,2,4),
(0.,0.576358723294531,0.958052912735163,1.19305318051866,1.30046086437024,
1.40434874776792),.UNSPECIFIED.);
#104=B_SPLINE_CURVE_WITH_KNOTS('',3,(#2252,#2253,#2254,#2255),
 .UNSPECIFIED.,.F.,.F.,(4,4),(-2.62054898906085,-1.47702068507533),
 .UNSPECIFIED.);
#105=B_SPLINE_CURVE_WITH_KNOTS('',3,(#2257,#2258,#2259,#2260,#2261,#2262,
#2263,#2264,#2265,#2266,#2267,#2268),.UNSPECIFIED.,.F.,.F.,(4,2,2,2,2,4),
(0.,0.168067697304477,0.349703321790674,0.561219650941591,0.712228099341054,
0.865520446715677),.UNSPECIFIED.);
#106=B_SPLINE_CURVE_WITH_KNOTS('',3,(#2269,#2270,#2271,#2272),
 .UNSPECIFIED.,.F.,.F.,(4,4),(1.15272780986305,3.40567380568322),
 .UNSPECIFIED.);
#107=B_SPLINE_CURVE_WITH_KNOTS('',3,(#2277,#2278,#2279,#2280),
 .UNSPECIFIED.,.F.,.F.,(4,4),(0.145725061344801,2.39867105716666),
 .UNSPECIFIED.);
#108=B_SPLINE_CURVE_WITH_KNOTS('',3,(#2309,#2310,#2311,#2312,#2313,#2314,
#2315,#2316,#2317,#2318,#2319,#2320),.UNSPECIFIED.,.F.,.F.,(4,2,2,2,2,4),
(0.,0.271563664806072,0.50565960158705,0.691341727982633,0.781404248710873,
0.870526488603496),.UNSPECIFIED.);
#109=B_SPLINE_CURVE_WITH_KNOTS('',3,(#2322,#2323,#2324,#2325),
 .UNSPECIFIED.,.F.,.F.,(4,4),(-2.07437818195224,-0.930849877967129),
 .UNSPECIFIED.);
#110=B_SPLINE_CURVE_WITH_KNOTS('',3,(#2326,#2327,#2328,#2329,#2330,#2331,
#2332,#2333,#2334,#2335,#2336,#2337),.UNSPECIFIED.,.F.,.F.,(4,2,2,2,2,4),
(0.,0.106947822325722,0.233668124948268,0.423756335270834,0.726595804343427,
1.04434166642055),.UNSPECIFIED.);
#111=B_SPLINE_CURVE_WITH_KNOTS('',3,(#2356,#2357,#2358,#2359,#2360,#2361,
#2362,#2363,#2364,#2365,#2366,#2367),.UNSPECIFIED.,.F.,.F.,(4,2,2,2,2,4),
(0.,0.576358723294635,0.95805291273532,1.1930531805188,1.30046086437031,
1.40434874776792),.UNSPECIFIED.);
#112=B_SPLINE_CURVE_WITH_KNOTS('',3,(#2415,#2416,#2417,#2418,#2419,#2420,
#2421,#2422,#2423,#2424,#2425,#2426),.UNSPECIFIED.,.F.,.F.,(4,2,2,2,2,4),
(0.,0.576358723294537,0.95805291273576,1.19305318051996,1.30046086437182,
1.40434874776978),.UNSPECIFIED.);
#113=B_SPLINE_CURVE_WITH_KNOTS('',3,(#2428,#2429,#2430,#2431),
 .UNSPECIFIED.,.F.,.F.,(4,4),(-2.62054898906085,-1.47702068507533),
 .UNSPECIFIED.);
#114=B_SPLINE_CURVE_WITH_KNOTS('',3,(#2433,#2434,#2435,#2436,#2437,#2438,
#2439,#2440,#2441,#2442,#2443,#2444),.UNSPECIFIED.,.F.,.F.,(4,2,2,2,2,4),
(0.,0.168067697304476,0.349703321790665,0.561219650941571,0.712228099341031,
0.865520446715685),.UNSPECIFIED.);
#115=B_SPLINE_CURVE_WITH_KNOTS('',3,(#2445,#2446,#2447,#2448),
 .UNSPECIFIED.,.F.,.F.,(4,4),(1.15272780986305,3.40567380568322),
 .UNSPECIFIED.);
#116=B_SPLINE_CURVE_WITH_KNOTS('',3,(#2453,#2454,#2455,#2456),
 .UNSPECIFIED.,.F.,.F.,(4,4),(0.145725061344801,2.39867105716666),
 .UNSPECIFIED.);
#117=B_SPLINE_CURVE_WITH_KNOTS('',3,(#2485,#2486,#2487,#2488,#2489,#2490,
#2491,#2492,#2493,#2494,#2495,#2496),.UNSPECIFIED.,.F.,.F.,(4,2,2,2,2,4),
(0.,0.271563664806093,0.505659601587075,0.691341727982672,0.781404248710914,
0.870526488603508),.UNSPECIFIED.);
#118=B_SPLINE_CURVE_WITH_KNOTS('',3,(#2498,#2499,#2500,#2501),
 .UNSPECIFIED.,.F.,.F.,(4,4),(-2.07437818195224,-0.930849877967129),
 .UNSPECIFIED.);
#119=B_SPLINE_CURVE_WITH_KNOTS('',3,(#2502,#2503,#2504,#2505,#2506,#2507,
#2508,#2509,#2510,#2511,#2512,#2513),.UNSPECIFIED.,.F.,.F.,(4,2,2,2,2,4),
(0.,0.106947822325726,0.233668124948264,0.423756335270725,0.7265958043434,
1.04434166642094),.UNSPECIFIED.);
#120=B_SPLINE_CURVE_WITH_KNOTS('',3,(#2535,#2536,#2537,#2538,#2539,#2540,
#2541,#2542,#2543,#2544,#2545,#2546,#2547,#2548,#2549,#2550,#2551,#2552,
#2553,#2554,#2555,#2556,#2557,#2558,#2559,#2560,#2561),.UNSPECIFIED.,.F.,
 .F.,(4,3,2,2,2,2,2,2,2,2,2,2,4),(-0.013377138224206,0.,0.109556110669358,
0.219112221338717,0.269783272417476,0.295118797956856,0.320454323496235,
0.345789849035614,0.371125374574993,0.421796425653751,0.531352536323109,
0.640908646992468,0.654285785216677),.UNSPECIFIED.);
#121=B_SPLINE_CURVE_WITH_KNOTS('',3,(#2565,#2566,#2567,#2568,#2569,#2570,
#2571,#2572,#2573,#2574,#2575,#2576,#2577,#2578,#2579,#2580,#2581,#2582,
#2583,#2584,#2585,#2586),.UNSPECIFIED.,.F.,.F.,(4,2,2,2,2,2,2,2,2,2,4),
(0.0643232979883471,0.10955656827474,0.21911313654948,0.269784461837654,
0.295120124481742,0.320455787125829,0.345791449769918,0.371127112414007,
0.421798437702184,0.531355005976926,0.576588276263317),.UNSPECIFIED.);
#122=B_SPLINE_CURVE_WITH_KNOTS('',3,(#2618,#2619,#2620,#2621,#2622,#2623,
#2624,#2625,#2626,#2627,#2628,#2629),.UNSPECIFIED.,.F.,.F.,(4,2,2,2,2,4),
(0.,0.576358723294532,0.958052912735171,1.19305318051867,1.30046086437022,
1.40434874776789),.UNSPECIFIED.);
#123=B_SPLINE_CURVE_WITH_KNOTS('',3,(#2631,#2632,#2633,#2634),
 .UNSPECIFIED.,.F.,.F.,(4,4),(-2.62054898906085,-1.47702068507533),
 .UNSPECIFIED.);
#124=B_SPLINE_CURVE_WITH_KNOTS('',3,(#2636,#2637,#2638,#2639,#2640,#2641,
#2642,#2643,#2644,#2645,#2646,#2647),.UNSPECIFIED.,.F.,.F.,(4,2,2,2,2,4),
(0.,0.168067697304476,0.349703321790667,0.561219650941573,0.712228099341027,
0.865520446715656),.UNSPECIFIED.);
#125=B_SPLINE_CURVE_WITH_KNOTS('',3,(#2648,#2649,#2650,#2651),
 .UNSPECIFIED.,.F.,.F.,(4,4),(1.15272780986305,3.40567380568322),
 .UNSPECIFIED.);
#126=B_SPLINE_CURVE_WITH_KNOTS('',3,(#2656,#2657,#2658,#2659),
 .UNSPECIFIED.,.F.,.F.,(4,4),(0.145725061344801,2.39867105716666),
 .UNSPECIFIED.);
#127=B_SPLINE_CURVE_WITH_KNOTS('',3,(#2688,#2689,#2690,#2691,#2692,#2693,
#2694,#2695,#2696,#2697,#2698,#2699),.UNSPECIFIED.,.F.,.F.,(4,2,2,2,2,4),
(0.,0.271563664806065,0.505659601587056,0.691341727982685,0.78140424871095,
0.870526488603558),.UNSPECIFIED.);
#128=B_SPLINE_CURVE_WITH_KNOTS('',3,(#2701,#2702,#2703,#2704),
 .UNSPECIFIED.,.F.,.F.,(4,4),(-2.07437818195224,-0.930849877967129),
 .UNSPECIFIED.);
#129=B_SPLINE_CURVE_WITH_KNOTS('',3,(#2705,#2706,#2707,#2708,#2709,#2710,
#2711,#2712,#2713,#2714,#2715,#2716),.UNSPECIFIED.,.F.,.F.,(4,2,2,2,2,4),
(0.,0.106947822325724,0.233668124948262,0.423756335270729,0.726595804342691,
1.04434166641867),.UNSPECIFIED.);
#130=B_SPLINE_CURVE_WITH_KNOTS('',3,(#2765,#2766,#2767,#2768),
 .UNSPECIFIED.,.F.,.F.,(4,4),(-2.62054898906085,-1.47702068507533),
 .UNSPECIFIED.);
#131=B_SPLINE_CURVE_WITH_KNOTS('',3,(#2770,#2771,#2772,#2773,#2774,#2775,
#2776,#2777,#2778,#2779,#2780,#2781),.UNSPECIFIED.,.F.,.F.,(4,2,2,2,2,4),
(0.,0.168067697304471,0.349703321790647,0.56121965094154,0.712228099340963,
0.865520446715537),.UNSPECIFIED.);
#132=B_SPLINE_CURVE_WITH_KNOTS('',3,(#2782,#2783,#2784,#2785),
 .UNSPECIFIED.,.F.,.F.,(4,4),(1.15272780986305,3.40567380568322),
 .UNSPECIFIED.);
#133=B_SPLINE_CURVE_WITH_KNOTS('',3,(#2792,#2793,#2794,#2795),
 .UNSPECIFIED.,.F.,.F.,(4,4),(0.145725061344801,2.39867105716666),
 .UNSPECIFIED.);
#134=B_SPLINE_CURVE_WITH_KNOTS('',3,(#2822,#2823,#2824,#2825,#2826,#2827,
#2828,#2829,#2830,#2831,#2832,#2833),.UNSPECIFIED.,.F.,.F.,(4,2,2,2,2,4),
(0.,0.271563664806047,0.505659601587053,0.691341727982674,0.781404248710914,
0.870526488603503),.UNSPECIFIED.);
#135=B_SPLINE_CURVE_WITH_KNOTS('',3,(#2835,#2836,#2837,#2838),
 .UNSPECIFIED.,.F.,.F.,(4,4),(-2.07437818195224,-0.930849877967129),
 .UNSPECIFIED.);
#136=B_SPLINE_CURVE_WITH_KNOTS('',3,(#2839,#2840,#2841,#2842,#2843,#2844,
#2845,#2846,#2847,#2848,#2849,#2850),.UNSPECIFIED.,.F.,.F.,(4,2,2,2,2,4),
(0.,0.106947822325727,0.233668124948295,0.423756335270883,0.726595804343015,
1.04434166641919),.UNSPECIFIED.);
#137=B_SPLINE_CURVE_WITH_KNOTS('',3,(#2892,#2893,#2894,#2895),
 .UNSPECIFIED.,.F.,.F.,(4,4),(-0.230603001278154,-0.175204757158173),
 .UNSPECIFIED.);
#138=B_SPLINE_CURVE_WITH_KNOTS('',3,(#2896,#2897,#2898,#2899,#2900,#2901,
#2902,#2903,#2904,#2905,#2906,#2907,#2908,#2909,#2910,#2911,#2912,#2913,
#2914,#2915,#2916,#2917,#2918,#2919,#2920,#2921,#2922,#2923,#2924,#2925,
#2926),.UNSPECIFIED.,.F.,.F.,(4,2,3,2,2,2,2,2,2,2,2,2,2,2,4),(-0.175204757158173,
-0.174679764235782,0.,0.0982909240709493,0.196581848141898,0.246914355520882,
0.272080609210374,0.297246862899866,0.32241311658936,0.347579370278854,
0.397911877657843,0.49620280172879,0.594493725799737,0.769173490035516,
0.825096726940785),.UNSPECIFIED.);
#139=B_SPLINE_CURVE_WITH_KNOTS('',3,(#2933,#2934,#2935,#2936,#2937,#2938,
#2939,#2940,#2941,#2942,#2943,#2944,#2945,#2946,#2947,#2948),
 .UNSPECIFIED.,.F.,.F.,(4,2,2,2,2,2,2,4),(0.297246862899875,0.322413116589368,
0.347579370278862,0.397911877657849,0.496202801728799,0.59449372579975,
0.76917349003553,0.825096726940788),.UNSPECIFIED.);
#140=B_SPLINE_CURVE_WITH_KNOTS('',3,(#2956,#2957,#2958,#2959,#2960,#2961,
#2962,#2963,#2964,#2965,#2966,#2967,#2968,#2969,#2970,#2971,#2972),
 .UNSPECIFIED.,.F.,.F.,(4,2,3,2,2,2,2,4),(-0.230603001278143,-0.17467976423578,
0.,0.0982909240709506,0.196581848141901,0.246914355520888,0.272080609210382,
0.297246862899875),.UNSPECIFIED.);
#141=B_SPLINE_CURVE_WITH_KNOTS('',3,(#2979,#2980,#2981,#2982,#2983,#2984,
#2985,#2986,#2987,#2988,#2989),.UNSPECIFIED.,.F.,.F.,(4,2,3,2,4),(-0.230603001278154,
-0.174679764235784,0.,0.098290924070948,0.173252286498617),
 .UNSPECIFIED.);
#142=B_SPLINE_CURVE_WITH_KNOTS('',3,(#2990,#2991,#2992,#2993,#2994,#2995,
#2996,#2997,#2998,#2999,#3000,#3001,#3002,#3003,#3004,#3005,#3006,#3007,
#3008,#3009,#3010,#3011,#3012,#3013),.UNSPECIFIED.,.F.,.F.,(4,2,2,2,2,2,
2,2,2,2,2,4),(0.173252286498617,0.196581848141896,0.246914355520878,0.272080609210369,
0.297246862899861,0.322413116589355,0.347579370278849,0.397911877657836,
0.496202801728787,0.594493725799737,0.769173490035516,0.825096726940784),
 .UNSPECIFIED.);
#143=B_SPLINE_CURVE_WITH_KNOTS('',3,(#3020,#3021,#3022,#3023,#3024,#3025,
#3026,#3027,#3028,#3029,#3030,#3031,#3032,#3033,#3034,#3035,#3036,#3037,
#3038,#3039,#3040,#3041,#3042,#3043,#3044),.UNSPECIFIED.,.F.,.F.,(4,2,3,
2,2,2,2,2,2,2,2,4),(-0.230603001278155,-0.174679764235782,0.,0.0982909240709493,
0.196581848141898,0.246914355520884,0.272080609210376,0.297246862899869,
0.322413116589362,0.347579370278854,0.397911877657839,0.421241439301116),
 .UNSPECIFIED.);
#144=B_SPLINE_CURVE_WITH_KNOTS('',3,(#3045,#3046,#3047,#3048,#3049,#3050,
#3051,#3052,#3053,#3054),.UNSPECIFIED.,.F.,.F.,(4,2,2,2,4),(0.421241439301116,
0.496202801728787,0.594493725799735,0.76917349003552,0.825096726940791),
 .UNSPECIFIED.);
#145=B_SPLINE_CURVE_WITH_KNOTS('',3,(#3061,#3062,#3063,#3064,#3065,#3066,
#3067,#3068,#3069,#3070,#3071,#3072,#3073,#3074,#3075,#3076,#3077,#3078,
#3079,#3080,#3081,#3082,#3083,#3084,#3085,#3086,#3087,#3088,#3089,#3090,
#3091),.UNSPECIFIED.,.F.,.F.,(4,2,3,2,2,2,2,2,2,2,2,2,2,2,4),(-0.230603001278144,
-0.174679764235782,0.,0.098290924070952,0.196581848141904,0.24691435552089,
0.272080609210383,0.297246862899876,0.32241311658937,0.347579370278864,
0.397911877657853,0.4962028017288,0.594493725799747,0.769173490035524,0.769698482957918),
 .UNSPECIFIED.);
#146=B_SPLINE_CURVE_WITH_KNOTS('',3,(#3092,#3093,#3094,#3095),
 .UNSPECIFIED.,.F.,.F.,(4,4),(0.769698482957918,0.825096726940799),
 .UNSPECIFIED.);
#147=B_SPLINE_CURVE_WITH_KNOTS('',3,(#3102,#3103,#3104,#3105,#3106,#3107,
#3108,#3109,#3110,#3111,#3112,#3113,#3114,#3115,#3116,#3117,#3118,#3119,
#3120,#3121,#3122,#3123,#3124,#3125,#3126,#3127,#3128,#3129,#3130),
 .UNSPECIFIED.,.F.,.F.,(4,2,3,2,2,2,2,2,2,2,2,2,2,4),(-0.230603001278144,
-0.174679764235775,0.,0.0982909240709531,0.196581848141906,0.246914355520893,
0.272080609210386,0.29724686289988,0.322413116589373,0.347579370278867,
0.397911877657854,0.496202801728807,0.59449372579976,0.595803705647428),
 .UNSPECIFIED.);
#148=B_SPLINE_CURVE_WITH_KNOTS('',3,(#3131,#3132,#3133,#3134,#3135,#3136),
 .UNSPECIFIED.,.F.,.F.,(4,2,4),(0.595803705647428,0.769173490035534,0.825096726940807),
 .UNSPECIFIED.);
#149=B_SPLINE_CURVE_WITH_KNOTS('',3,(#3143,#3144,#3145,#3146,#3147,#3148,
#3149,#3150,#3151,#3152,#3153,#3154,#3155,#3156,#3157,#3158,#3159),
 .UNSPECIFIED.,.F.,.F.,(4,2,3,2,2,2,2,4),(-0.230603001278149,-0.174679764235779,
0.,0.0982909240709509,0.196581848141902,0.246914355520889,0.272080609210382,
0.297246862899876),.UNSPECIFIED.);
#150=B_SPLINE_CURVE_WITH_KNOTS('',3,(#3160,#3161,#3162,#3163,#3164,#3165,
#3166,#3167,#3168,#3169,#3170,#3171,#3172,#3173,#3174,#3175),
 .UNSPECIFIED.,.F.,.F.,(4,2,2,2,2,2,2,4),(0.297246862899876,0.322413116589369,
0.347579370278863,0.39791187765785,0.496202801728801,0.594493725799751,
0.76917349003553,0.8250967269408),.UNSPECIFIED.);
#151=B_SPLINE_CURVE_WITH_KNOTS('',3,(#3180,#3181,#3182,#3183,#3184,#3185,
#3186,#3187),.UNSPECIFIED.,.F.,.F.,(4,2,2,4),(-0.23882374474551,-0.223966949249338,
-0.154672900555998,-0.00131088073323767),.UNSPECIFIED.);
#152=B_SPLINE_CURVE_WITH_KNOTS('',3,(#3189,#3190,#3191,#3192,#3193,#3194,
#3195,#3196,#3197,#3198,#3199,#3200,#3201,#3202,#3203,#3204,#3205,#3206,
#3207,#3208,#3209,#3210,#3211,#3212,#3213,#3214,#3215,#3216,#3217),
 .UNSPECIFIED.,.F.,.F.,(4,3,2,2,2,2,2,2,2,2,2,2,2,4),(-0.00131088073323767,
0.,0.0982909240709531,0.196581848141906,0.246914355520892,0.272080609210384,
0.297246862899877,0.32241311658937,0.347579370278863,0.397911877657848,
0.496202801728801,0.594493725799754,0.769173490035533,0.825096726941191),
 .UNSPECIFIED.);
#153=B_SPLINE_SURFACE_WITH_KNOTS('',3,3,((#2213,#2214,#2215,#2216),(#2217,
#2218,#2219,#2220),(#2221,#2222,#2223,#2224),(#2225,#2226,#2227,#2228),
(#2229,#2230,#2231,#2232),(#2233,#2234,#2235,#2236)),.UNSPECIFIED.,.F.,
 .F.,.F.,(4,1,1,4),(4,4),(0.,0.285714285714286,0.571428571428571,1.),(1.15272780986305,
3.40604443224158),.UNSPECIFIED.);
#154=B_SPLINE_SURFACE_WITH_KNOTS('',3,3,((#2284,#2285,#2286,#2287),(#2288,
#2289,#2290,#2291),(#2292,#2293,#2294,#2295),(#2296,#2297,#2298,#2299),
(#2300,#2301,#2302,#2303),(#2304,#2305,#2306,#2307)),.UNSPECIFIED.,.F.,
 .F.,.F.,(4,1,1,4),(4,4),(0.,0.285714285714286,0.571428571428571,1.),(0.145387250893436,
2.39867105716666),.UNSPECIFIED.);
#155=B_SPLINE_SURFACE_WITH_KNOTS('',3,3,((#2389,#2390,#2391,#2392),(#2393,
#2394,#2395,#2396),(#2397,#2398,#2399,#2400),(#2401,#2402,#2403,#2404),
(#2405,#2406,#2407,#2408),(#2409,#2410,#2411,#2412)),.UNSPECIFIED.,.F.,
 .F.,.F.,(4,1,1,4),(4,4),(0.,0.285714285714286,0.571428571428571,1.),(1.15272780986305,
3.40604443224158),.UNSPECIFIED.);
#156=B_SPLINE_SURFACE_WITH_KNOTS('',3,3,((#2460,#2461,#2462,#2463),(#2464,
#2465,#2466,#2467),(#2468,#2469,#2470,#2471),(#2472,#2473,#2474,#2475),
(#2476,#2477,#2478,#2479),(#2480,#2481,#2482,#2483)),.UNSPECIFIED.,.F.,
 .F.,.F.,(4,1,1,4),(4,4),(0.,0.285714285714286,0.571428571428571,1.),(0.145387250893436,
2.39867105716666),.UNSPECIFIED.);
#157=B_SPLINE_SURFACE_WITH_KNOTS('',3,3,((#2592,#2593,#2594,#2595),(#2596,
#2597,#2598,#2599),(#2600,#2601,#2602,#2603),(#2604,#2605,#2606,#2607),
(#2608,#2609,#2610,#2611),(#2612,#2613,#2614,#2615)),.UNSPECIFIED.,.F.,
 .F.,.F.,(4,1,1,4),(4,4),(0.,0.285714285714286,0.571428571428571,1.),(1.15272780986305,
3.40604443224158),.UNSPECIFIED.);
#158=B_SPLINE_SURFACE_WITH_KNOTS('',3,3,((#2663,#2664,#2665,#2666),(#2667,
#2668,#2669,#2670),(#2671,#2672,#2673,#2674),(#2675,#2676,#2677,#2678),
(#2679,#2680,#2681,#2682),(#2683,#2684,#2685,#2686)),.UNSPECIFIED.,.F.,
 .F.,.F.,(4,1,1,4),(4,4),(0.,0.285714285714286,0.571428571428571,1.),(0.145387250893436,
2.39867105716666),.UNSPECIFIED.);
#159=B_SPLINE_SURFACE_WITH_KNOTS('',3,3,((#2740,#2741,#2742,#2743),(#2744,
#2745,#2746,#2747),(#2748,#2749,#2750,#2751),(#2752,#2753,#2754,#2755),
(#2756,#2757,#2758,#2759),(#2760,#2761,#2762,#2763)),.UNSPECIFIED.,.F.,
 .F.,.F.,(4,1,1,4),(4,4),(0.,0.285714285714286,0.571428571428571,1.),(1.15272780986305,
3.40604443224158),.UNSPECIFIED.);
#160=B_SPLINE_SURFACE_WITH_KNOTS('',3,3,((#2797,#2798,#2799,#2800),(#2801,
#2802,#2803,#2804),(#2805,#2806,#2807,#2808),(#2809,#2810,#2811,#2812),
(#2813,#2814,#2815,#2816),(#2817,#2818,#2819,#2820)),.UNSPECIFIED.,.F.,
 .F.,.F.,(4,1,1,4),(4,4),(0.,0.285714285714286,0.571428571428571,1.),(0.145387250893436,
2.39867105716666),.UNSPECIFIED.);
#161=CIRCLE('',#1593,1.35);
#162=CIRCLE('',#1594,1.35);
#163=CIRCLE('',#1596,1.35);
#164=CIRCLE('',#1597,1.35);
#165=CIRCLE('',#1599,256.);
#166=CIRCLE('',#1600,275.);
#167=CIRCLE('',#1601,275.);
#168=CIRCLE('',#1605,258.952100249765);
#169=CIRCLE('',#1606,275.);
#170=CIRCLE('',#1607,1.75);
#171=CIRCLE('',#1608,1.75);
#172=CIRCLE('',#1609,1.75);
#173=CIRCLE('',#1611,258.952100249765);
#174=CIRCLE('',#1612,256.);
#175=CIRCLE('',#1614,256.);
#176=CIRCLE('',#1616,256.);
#177=CIRCLE('',#1617,275.);
#178=CIRCLE('',#1618,275.);
#179=CIRCLE('',#1622,1.75);
#180=CIRCLE('',#1623,1.75);
#181=CIRCLE('',#1625,258.952100249765);
#182=CIRCLE('',#1626,258.952100249765);
#183=CIRCLE('',#1627,258.952100249765);
#184=CIRCLE('',#1628,256.);
#185=CIRCLE('',#1630,256.);
#186=CIRCLE('',#1631,275.);
#187=CIRCLE('',#1632,275.);
#188=CIRCLE('',#1636,1.35);
#189=CIRCLE('',#1637,1.35);
#190=CIRCLE('',#1638,1.35);
#191=CIRCLE('',#1639,1.35);
#192=CIRCLE('',#1640,1.75);
#193=CIRCLE('',#1641,1.75);
#194=CIRCLE('',#1643,256.);
#195=CIRCLE('',#1644,256.);
#196=CIRCLE('',#1645,275.);
#197=CIRCLE('',#1649,1.35);
#198=CIRCLE('',#1651,1.35);
#199=CIRCLE('',#1653,258.952100249765);
#200=CIRCLE('',#1654,1.75);
#201=CIRCLE('',#1655,1.75);
#202=CIRCLE('',#1663,1.35);
#203=CIRCLE('',#1665,256.);
#204=CIRCLE('',#1667,263.);
#205=CIRCLE('',#1686,1.35);
#206=CIRCLE('',#1692,1.35);
#207=CIRCLE('',#1698,1.35);
#208=CIRCLE('',#1704,1.35);
#209=CIRCLE('',#1710,1.35);
#210=CIRCLE('',#1720,1.35);
#211=CIRCLE('',#1722,1.35);
#212=CIRCLE('',#1724,256.);
#213=CIRCLE('',#1727,1.75);
#214=CIRCLE('',#1729,1.75);
#215=CIRCLE('',#1731,1.75);
#216=CIRCLE('',#1733,1.75);
#217=CIRCLE('',#1735,1.75);
#218=CIRCLE('',#1737,1.75);
#219=CIRCLE('',#1739,1.75);
#220=CIRCLE('',#1741,1.75);
#221=CIRCLE('',#1743,1.75);
#222=CIRCLE('',#1749,253.);
#223=CIRCLE('',#1750,253.);
#224=CYLINDRICAL_SURFACE('',#1592,1.35);
#225=CYLINDRICAL_SURFACE('',#1595,1.35);
#226=CYLINDRICAL_SURFACE('',#1648,1.35);
#227=CYLINDRICAL_SURFACE('',#1650,1.35);
#228=CYLINDRICAL_SURFACE('',#1662,1.35);
#229=CYLINDRICAL_SURFACE('',#1685,1.35);
#230=CYLINDRICAL_SURFACE('',#1691,1.35);
#231=CYLINDRICAL_SURFACE('',#1697,1.35);
#232=CYLINDRICAL_SURFACE('',#1703,1.35);
#233=CYLINDRICAL_SURFACE('',#1709,1.35);
#234=CYLINDRICAL_SURFACE('',#1719,1.35);
#235=CYLINDRICAL_SURFACE('',#1721,1.35);
#236=CYLINDRICAL_SURFACE('',#1723,256.);
#237=CYLINDRICAL_SURFACE('',#1726,1.75);
#238=CYLINDRICAL_SURFACE('',#1728,1.75);
#239=CYLINDRICAL_SURFACE('',#1730,1.75);
#240=CYLINDRICAL_SURFACE('',#1732,1.75);
#241=CYLINDRICAL_SURFACE('',#1734,1.75);
#242=CYLINDRICAL_SURFACE('',#1736,1.75);
#243=CYLINDRICAL_SURFACE('',#1738,1.75);
#244=CYLINDRICAL_SURFACE('',#1740,1.75);
#245=CYLINDRICAL_SURFACE('',#1742,1.75);
#246=CYLINDRICAL_SURFACE('',#1748,253.);
#247=FACE_OUTER_BOUND('',#325,.T.);
#248=FACE_OUTER_BOUND('',#326,.T.);
#249=FACE_OUTER_BOUND('',#327,.T.);
#250=FACE_OUTER_BOUND('',#328,.T.);
#251=FACE_OUTER_BOUND('',#329,.T.);
#252=FACE_OUTER_BOUND('',#330,.T.);
#253=FACE_OUTER_BOUND('',#331,.T.);
#254=FACE_OUTER_BOUND('',#332,.T.);
#255=FACE_OUTER_BOUND('',#333,.T.);
#256=FACE_OUTER_BOUND('',#334,.T.);
#257=FACE_OUTER_BOUND('',#335,.T.);
#258=FACE_OUTER_BOUND('',#336,.T.);
#259=FACE_OUTER_BOUND('',#340,.T.);
#260=FACE_OUTER_BOUND('',#341,.T.);
#261=FACE_OUTER_BOUND('',#342,.T.);
#262=FACE_OUTER_BOUND('',#343,.T.);
#263=FACE_OUTER_BOUND('',#344,.T.);
#264=FACE_OUTER_BOUND('',#345,.T.);
#265=FACE_OUTER_BOUND('',#346,.T.);
#266=FACE_OUTER_BOUND('',#347,.T.);
#267=FACE_OUTER_BOUND('',#350,.T.);
#268=FACE_OUTER_BOUND('',#351,.T.);
#269=FACE_OUTER_BOUND('',#352,.T.);
#270=FACE_OUTER_BOUND('',#353,.T.);
#271=FACE_OUTER_BOUND('',#354,.T.);
#272=FACE_OUTER_BOUND('',#355,.T.);
#273=FACE_OUTER_BOUND('',#356,.T.);
#274=FACE_OUTER_BOUND('',#362,.T.);
#275=FACE_OUTER_BOUND('',#363,.T.);
#276=FACE_OUTER_BOUND('',#364,.T.);
#277=FACE_OUTER_BOUND('',#365,.T.);
#278=FACE_OUTER_BOUND('',#366,.T.);
#279=FACE_OUTER_BOUND('',#367,.T.);
#280=FACE_OUTER_BOUND('',#368,.T.);
#281=FACE_OUTER_BOUND('',#369,.T.);
#282=FACE_OUTER_BOUND('',#372,.T.);
#283=FACE_OUTER_BOUND('',#373,.T.);
#284=FACE_OUTER_BOUND('',#374,.T.);
#285=FACE_OUTER_BOUND('',#375,.T.);
#286=FACE_OUTER_BOUND('',#383,.T.);
#287=FACE_OUTER_BOUND('',#384,.T.);
#288=FACE_OUTER_BOUND('',#385,.T.);
#289=FACE_OUTER_BOUND('',#386,.T.);
#290=FACE_OUTER_BOUND('',#387,.T.);
#291=FACE_OUTER_BOUND('',#388,.T.);
#292=FACE_OUTER_BOUND('',#389,.T.);
#293=FACE_OUTER_BOUND('',#390,.T.);
#294=FACE_OUTER_BOUND('',#391,.T.);
#295=FACE_OUTER_BOUND('',#392,.T.);
#296=FACE_OUTER_BOUND('',#393,.T.);
#297=FACE_OUTER_BOUND('',#394,.T.);
#298=FACE_OUTER_BOUND('',#395,.T.);
#299=FACE_OUTER_BOUND('',#396,.T.);
#300=FACE_OUTER_BOUND('',#397,.T.);
#301=FACE_OUTER_BOUND('',#398,.T.);
#302=FACE_OUTER_BOUND('',#399,.T.);
#303=FACE_OUTER_BOUND('',#400,.T.);
#304=FACE_OUTER_BOUND('',#401,.T.);
#305=FACE_OUTER_BOUND('',#402,.T.);
#306=FACE_OUTER_BOUND('',#403,.T.);
#307=FACE_OUTER_BOUND('',#404,.T.);
#308=FACE_OUTER_BOUND('',#405,.T.);
#309=FACE_OUTER_BOUND('',#406,.T.);
#310=FACE_OUTER_BOUND('',#407,.T.);
#311=FACE_OUTER_BOUND('',#408,.T.);
#312=FACE_OUTER_BOUND('',#409,.T.);
#313=FACE_OUTER_BOUND('',#410,.T.);
#314=FACE_OUTER_BOUND('',#411,.T.);
#315=FACE_OUTER_BOUND('',#412,.T.);
#316=FACE_OUTER_BOUND('',#413,.T.);
#317=FACE_OUTER_BOUND('',#414,.T.);
#318=FACE_OUTER_BOUND('',#415,.T.);
#319=FACE_OUTER_BOUND('',#416,.T.);
#320=FACE_OUTER_BOUND('',#417,.T.);
#321=FACE_OUTER_BOUND('',#418,.T.);
#322=FACE_OUTER_BOUND('',#419,.T.);
#323=FACE_OUTER_BOUND('',#420,.T.);
#324=FACE_OUTER_BOUND('',#436,.T.);
#325=EDGE_LOOP('',(#997,#998,#999,#1000));
#326=EDGE_LOOP('',(#1001,#1002,#1003,#1004));
#327=EDGE_LOOP('',(#1005,#1006,#1007,#1008));
#328=EDGE_LOOP('',(#1009,#1010,#1011,#1012));
#329=EDGE_LOOP('',(#1013,#1014,#1015,#1016));
#330=EDGE_LOOP('',(#1017,#1018,#1019,#1020));
#331=EDGE_LOOP('',(#1021,#1022,#1023,#1024));
#332=EDGE_LOOP('',(#1025,#1026,#1027,#1028,#1029));
#333=EDGE_LOOP('',(#1030,#1031,#1032,#1033));
#334=EDGE_LOOP('',(#1034,#1035,#1036,#1037));
#335=EDGE_LOOP('',(#1038,#1039,#1040,#1041));
#336=EDGE_LOOP('',(#1042,#1043,#1044,#1045,#1046,#1047,#1048,#1049,#1050));
#337=EDGE_LOOP('',(#1051));
#338=EDGE_LOOP('',(#1052));
#339=EDGE_LOOP('',(#1053));
#340=EDGE_LOOP('',(#1054,#1055,#1056,#1057));
#341=EDGE_LOOP('',(#1058,#1059,#1060,#1061));
#342=EDGE_LOOP('',(#1062,#1063,#1064,#1065));
#343=EDGE_LOOP('',(#1066,#1067,#1068,#1069,#1070));
#344=EDGE_LOOP('',(#1071,#1072,#1073,#1074));
#345=EDGE_LOOP('',(#1075,#1076,#1077,#1078));
#346=EDGE_LOOP('',(#1079,#1080,#1081,#1082));
#347=EDGE_LOOP('',(#1083,#1084,#1085,#1086,#1087,#1088,#1089,#1090,#1091));
#348=EDGE_LOOP('',(#1092));
#349=EDGE_LOOP('',(#1093));
#350=EDGE_LOOP('',(#1094,#1095,#1096,#1097,#1098,#1099,#1100,#1101));
#351=EDGE_LOOP('',(#1102,#1103,#1104,#1105));
#352=EDGE_LOOP('',(#1106,#1107,#1108,#1109,#1110));
#353=EDGE_LOOP('',(#1111,#1112,#1113,#1114));
#354=EDGE_LOOP('',(#1115,#1116,#1117,#1118));
#355=EDGE_LOOP('',(#1119,#1120,#1121,#1122));
#356=EDGE_LOOP('',(#1123,#1124,#1125,#1126,#1127,#1128,#1129,#1130,#1131,
#1132,#1133,#1134,#1135,#1136,#1137));
#357=EDGE_LOOP('',(#1138,#1139,#1140,#1141));
#358=EDGE_LOOP('',(#1142));
#359=EDGE_LOOP('',(#1143));
#360=EDGE_LOOP('',(#1144));
#361=EDGE_LOOP('',(#1145));
#362=EDGE_LOOP('',(#1146,#1147,#1148,#1149));
#363=EDGE_LOOP('',(#1150,#1151,#1152,#1153,#1154,#1155));
#364=EDGE_LOOP('',(#1156,#1157,#1158,#1159));
#365=EDGE_LOOP('',(#1160,#1161,#1162,#1163));
#366=EDGE_LOOP('',(#1164,#1165,#1166,#1167));
#367=EDGE_LOOP('',(#1168,#1169,#1170,#1171,#1172,#1173));
#368=EDGE_LOOP('',(#1174,#1175,#1176,#1177,#1178,#1179));
#369=EDGE_LOOP('',(#1180,#1181,#1182,#1183,#1184,#1185,#1186,#1187,#1188));
#370=EDGE_LOOP('',(#1189));
#371=EDGE_LOOP('',(#1190));
#372=EDGE_LOOP('',(#1191,#1192,#1193));
#373=EDGE_LOOP('',(#1194,#1195,#1196));
#374=EDGE_LOOP('',(#1197,#1198,#1199,#1200,#1201,#1202,#1203));
#375=EDGE_LOOP('',(#1204,#1205,#1206,#1207,#1208,#1209,#1210,#1211,#1212,
#1213));
#376=EDGE_LOOP('',(#1214,#1215,#1216,#1217));
#377=EDGE_LOOP('',(#1218,#1219,#1220,#1221));
#378=EDGE_LOOP('',(#1222,#1223,#1224,#1225));
#379=EDGE_LOOP('',(#1226,#1227,#1228,#1229));
#380=EDGE_LOOP('',(#1230,#1231,#1232,#1233));
#381=EDGE_LOOP('',(#1234,#1235,#1236,#1237));
#382=EDGE_LOOP('',(#1238,#1239,#1240,#1241));
#383=EDGE_LOOP('',(#1242,#1243,#1244));
#384=EDGE_LOOP('',(#1245,#1246,#1247));
#385=EDGE_LOOP('',(#1248,#1249,#1250,#1251,#1252,#1253,#1254));
#386=EDGE_LOOP('',(#1255,#1256,#1257));
#387=EDGE_LOOP('',(#1258,#1259,#1260));
#388=EDGE_LOOP('',(#1261,#1262,#1263,#1264,#1265,#1266,#1267));
#389=EDGE_LOOP('',(#1268,#1269,#1270));
#390=EDGE_LOOP('',(#1271,#1272,#1273));
#391=EDGE_LOOP('',(#1274,#1275,#1276,#1277,#1278,#1279,#1280));
#392=EDGE_LOOP('',(#1281,#1282,#1283));
#393=EDGE_LOOP('',(#1284,#1285,#1286));
#394=EDGE_LOOP('',(#1287,#1288,#1289,#1290,#1291,#1292,#1293));
#395=EDGE_LOOP('',(#1294,#1295,#1296));
#396=EDGE_LOOP('',(#1297,#1298,#1299));
#397=EDGE_LOOP('',(#1300,#1301,#1302,#1303,#1304,#1305,#1306));
#398=EDGE_LOOP('',(#1307,#1308,#1309));
#399=EDGE_LOOP('',(#1310,#1311,#1312));
#400=EDGE_LOOP('',(#1313,#1314,#1315));
#401=EDGE_LOOP('',(#1316,#1317,#1318));
#402=EDGE_LOOP('',(#1319,#1320,#1321,#1322,#1323,#1324,#1325));
#403=EDGE_LOOP('',(#1326,#1327,#1328,#1329,#1330,#1331,#1332));
#404=EDGE_LOOP('',(#1333,#1334,#1335,#1336,#1337,#1338,#1339,#1340,#1341,
#1342,#1343,#1344,#1345,#1346,#1347,#1348,#1349,#1350,#1351,#1352,#1353,
#1354,#1355,#1356,#1357,#1358,#1359,#1360));
#405=EDGE_LOOP('',(#1361,#1362,#1363,#1364));
#406=EDGE_LOOP('',(#1365,#1366,#1367,#1368));
#407=EDGE_LOOP('',(#1369,#1370,#1371,#1372));
#408=EDGE_LOOP('',(#1373,#1374,#1375,#1376));
#409=EDGE_LOOP('',(#1377,#1378,#1379,#1380));
#410=EDGE_LOOP('',(#1381,#1382,#1383,#1384));
#411=EDGE_LOOP('',(#1385,#1386,#1387,#1388));
#412=EDGE_LOOP('',(#1389,#1390,#1391,#1392));
#413=EDGE_LOOP('',(#1393,#1394,#1395,#1396));
#414=EDGE_LOOP('',(#1397,#1398,#1399,#1400));
#415=EDGE_LOOP('',(#1401,#1402,#1403,#1404,#1405));
#416=EDGE_LOOP('',(#1406,#1407,#1408,#1409,#1410));
#417=EDGE_LOOP('',(#1411,#1412,#1413,#1414,#1415));
#418=EDGE_LOOP('',(#1416,#1417,#1418,#1419,#1420));
#419=EDGE_LOOP('',(#1421,#1422,#1423,#1424));
#420=EDGE_LOOP('',(#1425,#1426,#1427,#1428));
#421=EDGE_LOOP('',(#1429,#1430,#1431,#1432));
#422=EDGE_LOOP('',(#1433));
#423=EDGE_LOOP('',(#1434));
#424=EDGE_LOOP('',(#1435));
#425=EDGE_LOOP('',(#1436));
#426=EDGE_LOOP('',(#1437));
#427=EDGE_LOOP('',(#1438));
#428=EDGE_LOOP('',(#1439));
#429=EDGE_LOOP('',(#1440));
#430=EDGE_LOOP('',(#1441));
#431=EDGE_LOOP('',(#1442));
#432=EDGE_LOOP('',(#1443));
#433=EDGE_LOOP('',(#1444));
#434=EDGE_LOOP('',(#1445));
#435=EDGE_LOOP('',(#1446));
#436=EDGE_LOOP('',(#1447));
#437=EDGE_LOOP('',(#1448));
#438=EDGE_LOOP('',(#1449));
#439=EDGE_LOOP('',(#1450));
#440=EDGE_LOOP('',(#1451));
#441=EDGE_LOOP('',(#1452));
#442=EDGE_LOOP('',(#1453));
#443=EDGE_LOOP('',(#1454));
#444=EDGE_LOOP('',(#1455));
#445=EDGE_LOOP('',(#1456));
#446=LINE('',#2180,#531);
#447=LINE('',#2182,#532);
#448=LINE('',#2184,#533);
#449=LINE('',#2185,#534);
#450=LINE('',#2188,#535);
#451=LINE('',#2190,#536);
#452=LINE('',#2191,#537);
#453=LINE('',#2194,#538);
#454=LINE('',#2196,#539);
#455=LINE('',#2197,#540);
#456=LINE('',#2199,#541);
#457=LINE('',#2200,#542);
#458=LINE('',#2205,#543);
#459=LINE('',#2211,#544);
#460=LINE('',#2340,#545);
#461=LINE('',#2342,#546);
#462=LINE('',#2343,#547);
#463=LINE('',#2346,#548);
#464=LINE('',#2348,#549);
#465=LINE('',#2349,#550);
#466=LINE('',#2354,#551);
#467=LINE('',#2371,#552);
#468=LINE('',#2372,#553);
#469=LINE('',#2383,#554);
#470=LINE('',#2388,#555);
#471=LINE('',#2515,#556);
#472=LINE('',#2516,#557);
#473=LINE('',#2519,#558);
#474=LINE('',#2521,#559);
#475=LINE('',#2522,#560);
#476=LINE('',#2525,#561);
#477=LINE('',#2526,#562);
#478=LINE('',#2590,#563);
#479=LINE('',#2718,#564);
#480=LINE('',#2719,#565);
#481=LINE('',#2722,#566);
#482=LINE('',#2724,#567);
#483=LINE('',#2725,#568);
#484=LINE('',#2728,#569);
#485=LINE('',#2729,#570);
#486=LINE('',#2853,#571);
#487=LINE('',#2855,#572);
#488=LINE('',#2856,#573);
#489=LINE('',#2858,#574);
#490=LINE('',#2862,#575);
#491=LINE('',#2866,#576);
#492=LINE('',#2869,#577);
#493=LINE('',#2870,#578);
#494=LINE('',#2881,#579);
#495=LINE('',#2891,#580);
#496=LINE('',#2931,#581);
#497=LINE('',#2952,#582);
#498=LINE('',#3221,#583);
#499=LINE('',#3228,#584);
#500=LINE('',#3231,#585);
#501=LINE('',#3238,#586);
#502=LINE('',#3241,#587);
#503=LINE('',#3248,#588);
#504=LINE('',#3251,#589);
#505=LINE('',#3258,#590);
#506=LINE('',#3261,#591);
#507=LINE('',#3268,#592);
#508=LINE('',#3271,#593);
#509=LINE('',#3277,#594);
#510=LINE('',#3284,#595);
#511=LINE('',#3288,#596);
#512=LINE('',#3291,#597);
#513=LINE('',#3296,#598);
#514=LINE('',#3300,#599);
#515=LINE('',#3304,#600);
#516=LINE('',#3308,#601);
#517=LINE('',#3312,#602);
#518=LINE('',#3316,#603);
#519=LINE('',#3320,#604);
#520=LINE('',#3324,#605);
#521=LINE('',#3328,#606);
#522=LINE('',#3332,#607);
#523=LINE('',#3333,#608);
#524=LINE('',#3334,#609);
#525=LINE('',#3337,#610);
#526=LINE('',#3338,#611);
#527=LINE('',#3341,#612);
#528=LINE('',#3342,#613);
#529=LINE('',#3344,#614);
#530=LINE('',#3349,#615);
#531=VECTOR('',#1760,10.);
#532=VECTOR('',#1761,10.);
#533=VECTOR('',#1762,10.);
#534=VECTOR('',#1763,10.);
#535=VECTOR('',#1766,10.);
#536=VECTOR('',#1767,10.);
#537=VECTOR('',#1768,10.);
#538=VECTOR('',#1771,10.);
#539=VECTOR('',#1772,10.);
#540=VECTOR('',#1773,10.);
#541=VECTOR('',#1776,10.);
#542=VECTOR('',#1777,10.);
#543=VECTOR('',#1782,1.35);
#544=VECTOR('',#1789,1.35);
#545=VECTOR('',#1802,10.);
#546=VECTOR('',#1803,10.);
#547=VECTOR('',#1804,10.);
#548=VECTOR('',#1807,10.);
#549=VECTOR('',#1808,10.);
#550=VECTOR('',#1809,10.);
#551=VECTOR('',#1814,10.);
#552=VECTOR('',#1817,10.);
#553=VECTOR('',#1818,10.);
#554=VECTOR('',#1829,10.);
#555=VECTOR('',#1836,10.);
#556=VECTOR('',#1847,10.);
#557=VECTOR('',#1848,10.);
#558=VECTOR('',#1851,10.);
#559=VECTOR('',#1852,10.);
#560=VECTOR('',#1853,10.);
#561=VECTOR('',#1856,10.);
#562=VECTOR('',#1857,10.);
#563=VECTOR('',#1870,10.);
#564=VECTOR('',#1883,10.);
#565=VECTOR('',#1884,10.);
#566=VECTOR('',#1887,10.);
#567=VECTOR('',#1888,10.);
#568=VECTOR('',#1889,10.);
#569=VECTOR('',#1892,10.);
#570=VECTOR('',#1893,10.);
#571=VECTOR('',#1916,10.);
#572=VECTOR('',#1917,10.);
#573=VECTOR('',#1918,10.);
#574=VECTOR('',#1921,10.);
#575=VECTOR('',#1926,1.35);
#576=VECTOR('',#1931,1.35);
#577=VECTOR('',#1934,10.);
#578=VECTOR('',#1935,10.);
#579=VECTOR('',#1946,10.);
#580=VECTOR('',#1959,1.35);
#581=VECTOR('',#1964,259.5);
#582=VECTOR('',#1967,259.5);
#583=VECTOR('',#1998,10.);
#584=VECTOR('',#2009,1.35);
#585=VECTOR('',#2012,10.);
#586=VECTOR('',#2023,1.35);
#587=VECTOR('',#2026,10.);
#588=VECTOR('',#2037,1.35);
#589=VECTOR('',#2040,10.);
#590=VECTOR('',#2051,1.35);
#591=VECTOR('',#2054,10.);
#592=VECTOR('',#2065,1.35);
#593=VECTOR('',#2068,10.);
#594=VECTOR('',#2077,10.);
#595=VECTOR('',#2088,1.35);
#596=VECTOR('',#2093,1.35);
#597=VECTOR('',#2098,256.);
#598=VECTOR('',#2105,1.75);
#599=VECTOR('',#2110,1.75);
#600=VECTOR('',#2115,1.75);
#601=VECTOR('',#2120,1.75);
#602=VECTOR('',#2125,1.75);
#603=VECTOR('',#2130,1.75);
#604=VECTOR('',#2135,1.75);
#605=VECTOR('',#2140,1.75);
#606=VECTOR('',#2145,1.75);
#607=VECTOR('',#2148,10.);
#608=VECTOR('',#2149,10.);
#609=VECTOR('',#2150,10.);
#610=VECTOR('',#2153,10.);
#611=VECTOR('',#2154,10.);
#612=VECTOR('',#2157,10.);
#613=VECTOR('',#2158,10.);
#614=VECTOR('',#2161,10.);
#615=VECTOR('',#2166,253.);
#616=VERTEX_POINT('',#2178);
#617=VERTEX_POINT('',#2179);
#618=VERTEX_POINT('',#2181);
#619=VERTEX_POINT('',#2183);
#620=VERTEX_POINT('',#2187);
#621=VERTEX_POINT('',#2189);
#622=VERTEX_POINT('',#2193);
#623=VERTEX_POINT('',#2195);
#624=VERTEX_POINT('',#2202);
#625=VERTEX_POINT('',#2204);
#626=VERTEX_POINT('',#2208);
#627=VERTEX_POINT('',#2210);
#628=VERTEX_POINT('',#2237);
#629=VERTEX_POINT('',#2238);
#630=VERTEX_POINT('',#2251);
#631=VERTEX_POINT('',#2256);
#632=VERTEX_POINT('',#2274);
#633=VERTEX_POINT('',#2276);
#634=VERTEX_POINT('',#2281);
#635=VERTEX_POINT('',#2308);
#636=VERTEX_POINT('',#2321);
#637=VERTEX_POINT('',#2339);
#638=VERTEX_POINT('',#2341);
#639=VERTEX_POINT('',#2345);
#640=VERTEX_POINT('',#2347);
#641=VERTEX_POINT('',#2351);
#642=VERTEX_POINT('',#2353);
#643=VERTEX_POINT('',#2355);
#644=VERTEX_POINT('',#2368);
#645=VERTEX_POINT('',#2370);
#646=VERTEX_POINT('',#2373);
#647=VERTEX_POINT('',#2375);
#648=VERTEX_POINT('',#2377);
#649=VERTEX_POINT('',#2380);
#650=VERTEX_POINT('',#2382);
#651=VERTEX_POINT('',#2386);
#652=VERTEX_POINT('',#2413);
#653=VERTEX_POINT('',#2414);
#654=VERTEX_POINT('',#2427);
#655=VERTEX_POINT('',#2432);
#656=VERTEX_POINT('',#2450);
#657=VERTEX_POINT('',#2452);
#658=VERTEX_POINT('',#2457);
#659=VERTEX_POINT('',#2484);
#660=VERTEX_POINT('',#2497);
#661=VERTEX_POINT('',#2518);
#662=VERTEX_POINT('',#2520);
#663=VERTEX_POINT('',#2524);
#664=VERTEX_POINT('',#2527);
#665=VERTEX_POINT('',#2529);
#666=VERTEX_POINT('',#2532);
#667=VERTEX_POINT('',#2534);
#668=VERTEX_POINT('',#2562);
#669=VERTEX_POINT('',#2564);
#670=VERTEX_POINT('',#2587);
#671=VERTEX_POINT('',#2589);
#672=VERTEX_POINT('',#2616);
#673=VERTEX_POINT('',#2617);
#674=VERTEX_POINT('',#2630);
#675=VERTEX_POINT('',#2635);
#676=VERTEX_POINT('',#2653);
#677=VERTEX_POINT('',#2655);
#678=VERTEX_POINT('',#2660);
#679=VERTEX_POINT('',#2687);
#680=VERTEX_POINT('',#2700);
#681=VERTEX_POINT('',#2721);
#682=VERTEX_POINT('',#2723);
#683=VERTEX_POINT('',#2727);
#684=VERTEX_POINT('',#2730);
#685=VERTEX_POINT('',#2733);
#686=VERTEX_POINT('',#2736);
#687=VERTEX_POINT('',#2738);
#688=VERTEX_POINT('',#2764);
#689=VERTEX_POINT('',#2769);
#690=VERTEX_POINT('',#2787);
#691=VERTEX_POINT('',#2789);
#692=VERTEX_POINT('',#2791);
#693=VERTEX_POINT('',#2821);
#694=VERTEX_POINT('',#2834);
#695=VERTEX_POINT('',#2852);
#696=VERTEX_POINT('',#2854);
#697=VERTEX_POINT('',#2860);
#698=VERTEX_POINT('',#2864);
#699=VERTEX_POINT('',#2868);
#700=VERTEX_POINT('',#2872);
#701=VERTEX_POINT('',#2874);
#702=VERTEX_POINT('',#2877);
#703=VERTEX_POINT('',#2878);
#704=VERTEX_POINT('',#2880);
#705=VERTEX_POINT('',#2884);
#706=VERTEX_POINT('',#2888);
#707=VERTEX_POINT('',#2890);
#708=VERTEX_POINT('',#2928);
#709=VERTEX_POINT('',#2930);
#710=VERTEX_POINT('',#2932);
#711=VERTEX_POINT('',#2949);
#712=VERTEX_POINT('',#2951);
#713=VERTEX_POINT('',#2954);
#714=VERTEX_POINT('',#2973);
#715=VERTEX_POINT('',#2974);
#716=VERTEX_POINT('',#2976);
#717=VERTEX_POINT('',#2978);
#718=VERTEX_POINT('',#3014);
#719=VERTEX_POINT('',#3015);
#720=VERTEX_POINT('',#3017);
#721=VERTEX_POINT('',#3019);
#722=VERTEX_POINT('',#3055);
#723=VERTEX_POINT('',#3056);
#724=VERTEX_POINT('',#3058);
#725=VERTEX_POINT('',#3060);
#726=VERTEX_POINT('',#3096);
#727=VERTEX_POINT('',#3097);
#728=VERTEX_POINT('',#3099);
#729=VERTEX_POINT('',#3101);
#730=VERTEX_POINT('',#3137);
#731=VERTEX_POINT('',#3138);
#732=VERTEX_POINT('',#3140);
#733=VERTEX_POINT('',#3142);
#734=VERTEX_POINT('',#3176);
#735=VERTEX_POINT('',#3177);
#736=VERTEX_POINT('',#3179);
#737=VERTEX_POINT('',#3188);
#738=VERTEX_POINT('',#3220);
#739=VERTEX_POINT('',#3226);
#740=VERTEX_POINT('',#3230);
#741=VERTEX_POINT('',#3236);
#742=VERTEX_POINT('',#3240);
#743=VERTEX_POINT('',#3246);
#744=VERTEX_POINT('',#3250);
#745=VERTEX_POINT('',#3256);
#746=VERTEX_POINT('',#3260);
#747=VERTEX_POINT('',#3266);
#748=VERTEX_POINT('',#3270);
#749=VERTEX_POINT('',#3276);
#750=VERTEX_POINT('',#3282);
#751=VERTEX_POINT('',#3286);
#752=VERTEX_POINT('',#3294);
#753=VERTEX_POINT('',#3298);
#754=VERTEX_POINT('',#3302);
#755=VERTEX_POINT('',#3306);
#756=VERTEX_POINT('',#3310);
#757=VERTEX_POINT('',#3314);
#758=VERTEX_POINT('',#3318);
#759=VERTEX_POINT('',#3322);
#760=VERTEX_POINT('',#3326);
#761=VERTEX_POINT('',#3330);
#762=VERTEX_POINT('',#3331);
#763=VERTEX_POINT('',#3336);
#764=VERTEX_POINT('',#3340);
#765=VERTEX_POINT('',#3346);
#766=VERTEX_POINT('',#3348);
#767=EDGE_CURVE('',#616,#617,#446,.T.);
#768=EDGE_CURVE('',#616,#618,#447,.T.);
#769=EDGE_CURVE('',#619,#618,#448,.T.);
#770=EDGE_CURVE('',#617,#619,#449,.T.);
#771=EDGE_CURVE('',#620,#616,#450,.T.);
#772=EDGE_CURVE('',#620,#621,#451,.T.);
#773=EDGE_CURVE('',#618,#621,#452,.T.);
#774=EDGE_CURVE('',#622,#620,#453,.T.);
#775=EDGE_CURVE('',#622,#623,#454,.T.);
#776=EDGE_CURVE('',#621,#623,#455,.T.);
#777=EDGE_CURVE('',#617,#622,#456,.T.);
#778=EDGE_CURVE('',#623,#619,#457,.T.);
#779=EDGE_CURVE('',#624,#624,#161,.T.);
#780=EDGE_CURVE('',#624,#625,#458,.T.);
#781=EDGE_CURVE('',#625,#625,#162,.T.);
#782=EDGE_CURVE('',#626,#626,#163,.T.);
#783=EDGE_CURVE('',#626,#627,#459,.T.);
#784=EDGE_CURVE('',#627,#627,#164,.T.);
#785=EDGE_CURVE('',#628,#629,#103,.T.);
#786=EDGE_CURVE('',#628,#630,#104,.T.);
#787=EDGE_CURVE('',#631,#630,#105,.T.);
#788=EDGE_CURVE('',#631,#629,#106,.T.);
#789=EDGE_CURVE('',#632,#631,#165,.T.);
#790=EDGE_CURVE('',#633,#632,#107,.T.);
#791=EDGE_CURVE('',#634,#633,#166,.T.);
#792=EDGE_CURVE('',#629,#634,#167,.T.);
#793=EDGE_CURVE('',#635,#632,#108,.T.);
#794=EDGE_CURVE('',#635,#636,#109,.T.);
#795=EDGE_CURVE('',#633,#636,#110,.T.);
#796=EDGE_CURVE('',#637,#635,#460,.T.);
#797=EDGE_CURVE('',#638,#637,#461,.T.);
#798=EDGE_CURVE('',#636,#638,#462,.T.);
#799=EDGE_CURVE('',#639,#628,#463,.T.);
#800=EDGE_CURVE('',#640,#639,#464,.T.);
#801=EDGE_CURVE('',#630,#640,#465,.T.);
#802=EDGE_CURVE('',#641,#638,#168,.T.);
#803=EDGE_CURVE('',#641,#642,#466,.T.);
#804=EDGE_CURVE('',#642,#643,#111,.T.);
#805=EDGE_CURVE('',#643,#644,#169,.T.);
#806=EDGE_CURVE('',#644,#645,#467,.T.);
#807=EDGE_CURVE('',#645,#634,#468,.T.);
#808=EDGE_CURVE('',#646,#646,#170,.T.);
#809=EDGE_CURVE('',#647,#647,#171,.T.);
#810=EDGE_CURVE('',#648,#648,#172,.T.);
#811=EDGE_CURVE('',#639,#649,#173,.T.);
#812=EDGE_CURVE('',#649,#650,#469,.T.);
#813=EDGE_CURVE('',#640,#650,#174,.T.);
#814=EDGE_CURVE('',#651,#637,#175,.T.);
#815=EDGE_CURVE('',#651,#641,#470,.T.);
#816=EDGE_CURVE('',#652,#653,#112,.T.);
#817=EDGE_CURVE('',#652,#654,#113,.T.);
#818=EDGE_CURVE('',#655,#654,#114,.T.);
#819=EDGE_CURVE('',#655,#653,#115,.T.);
#820=EDGE_CURVE('',#656,#655,#176,.T.);
#821=EDGE_CURVE('',#657,#656,#116,.T.);
#822=EDGE_CURVE('',#658,#657,#177,.T.);
#823=EDGE_CURVE('',#653,#658,#178,.T.);
#824=EDGE_CURVE('',#659,#656,#117,.T.);
#825=EDGE_CURVE('',#659,#660,#118,.T.);
#826=EDGE_CURVE('',#657,#660,#119,.T.);
#827=EDGE_CURVE('',#650,#659,#471,.T.);
#828=EDGE_CURVE('',#660,#649,#472,.T.);
#829=EDGE_CURVE('',#661,#652,#473,.T.);
#830=EDGE_CURVE('',#662,#661,#474,.T.);
#831=EDGE_CURVE('',#654,#662,#475,.T.);
#832=EDGE_CURVE('',#634,#663,#476,.T.);
#833=EDGE_CURVE('',#663,#658,#477,.T.);
#834=EDGE_CURVE('',#664,#664,#179,.T.);
#835=EDGE_CURVE('',#665,#665,#180,.T.);
#836=EDGE_CURVE('',#661,#666,#181,.T.);
#837=EDGE_CURVE('',#666,#667,#120,.T.);
#838=EDGE_CURVE('',#667,#668,#182,.T.);
#839=EDGE_CURVE('',#668,#669,#121,.T.);
#840=EDGE_CURVE('',#669,#670,#183,.T.);
#841=EDGE_CURVE('',#670,#671,#478,.T.);
#842=EDGE_CURVE('',#662,#671,#184,.T.);
#843=EDGE_CURVE('',#672,#673,#122,.T.);
#844=EDGE_CURVE('',#672,#674,#123,.T.);
#845=EDGE_CURVE('',#675,#674,#124,.T.);
#846=EDGE_CURVE('',#675,#673,#125,.T.);
#847=EDGE_CURVE('',#676,#675,#185,.T.);
#848=EDGE_CURVE('',#677,#676,#126,.T.);
#849=EDGE_CURVE('',#678,#677,#186,.T.);
#850=EDGE_CURVE('',#673,#678,#187,.T.);
#851=EDGE_CURVE('',#679,#676,#127,.T.);
#852=EDGE_CURVE('',#679,#680,#128,.T.);
#853=EDGE_CURVE('',#677,#680,#129,.T.);
#854=EDGE_CURVE('',#671,#679,#479,.T.);
#855=EDGE_CURVE('',#680,#670,#480,.T.);
#856=EDGE_CURVE('',#681,#672,#481,.T.);
#857=EDGE_CURVE('',#682,#681,#482,.T.);
#858=EDGE_CURVE('',#674,#682,#483,.T.);
#859=EDGE_CURVE('',#658,#683,#484,.T.);
#860=EDGE_CURVE('',#683,#678,#485,.T.);
#861=EDGE_CURVE('',#669,#684,#188,.T.);
#862=EDGE_CURVE('',#684,#668,#189,.T.);
#863=EDGE_CURVE('',#667,#685,#190,.T.);
#864=EDGE_CURVE('',#685,#666,#191,.T.);
#865=EDGE_CURVE('',#686,#686,#192,.T.);
#866=EDGE_CURVE('',#687,#687,#193,.T.);
#867=EDGE_CURVE('',#642,#688,#130,.T.);
#868=EDGE_CURVE('',#689,#688,#131,.T.);
#869=EDGE_CURVE('',#689,#643,#132,.T.);
#870=EDGE_CURVE('',#690,#689,#194,.T.);
#871=EDGE_CURVE('',#691,#690,#195,.T.);
#872=EDGE_CURVE('',#692,#691,#133,.T.);
#873=EDGE_CURVE('',#644,#692,#196,.T.);
#874=EDGE_CURVE('',#693,#691,#134,.T.);
#875=EDGE_CURVE('',#693,#694,#135,.T.);
#876=EDGE_CURVE('',#692,#694,#136,.T.);
#877=EDGE_CURVE('',#695,#693,#486,.T.);
#878=EDGE_CURVE('',#696,#695,#487,.T.);
#879=EDGE_CURVE('',#694,#696,#488,.T.);
#880=EDGE_CURVE('',#688,#651,#489,.T.);
#881=EDGE_CURVE('',#697,#697,#197,.T.);
#882=EDGE_CURVE('',#697,#684,#490,.T.);
#883=EDGE_CURVE('',#698,#698,#198,.T.);
#884=EDGE_CURVE('',#698,#685,#491,.T.);
#885=EDGE_CURVE('',#678,#699,#492,.T.);
#886=EDGE_CURVE('',#699,#644,#493,.T.);
#887=EDGE_CURVE('',#681,#696,#199,.T.);
#888=EDGE_CURVE('',#700,#700,#200,.T.);
#889=EDGE_CURVE('',#701,#701,#201,.T.);
#890=EDGE_CURVE('',#702,#703,#19,.T.);
#891=EDGE_CURVE('',#703,#704,#494,.T.);
#892=EDGE_CURVE('',#704,#702,#20,.T.);
#893=EDGE_CURVE('',#703,#705,#21,.T.);
#894=EDGE_CURVE('',#705,#704,#22,.T.);
#895=EDGE_CURVE('',#706,#706,#202,.T.);
#896=EDGE_CURVE('',#706,#707,#495,.T.);
#897=EDGE_CURVE('',#702,#707,#137,.T.);
#898=EDGE_CURVE('',#707,#705,#138,.T.);
#899=EDGE_CURVE('',#708,#708,#203,.T.);
#900=EDGE_CURVE('',#708,#709,#496,.T.);
#901=EDGE_CURVE('',#709,#710,#139,.T.);
#902=EDGE_CURVE('',#711,#710,#23,.T.);
#903=EDGE_CURVE('',#711,#712,#497,.T.);
#904=EDGE_CURVE('',#712,#712,#204,.T.);
#905=EDGE_CURVE('',#713,#711,#24,.T.);
#906=EDGE_CURVE('',#713,#709,#140,.T.);
#907=EDGE_CURVE('',#714,#715,#25,.T.);
#908=EDGE_CURVE('',#716,#714,#26,.T.);
#909=EDGE_CURVE('',#716,#717,#141,.T.);
#910=EDGE_CURVE('',#717,#715,#142,.T.);
#911=EDGE_CURVE('',#718,#719,#27,.T.);
#912=EDGE_CURVE('',#720,#718,#28,.T.);
#913=EDGE_CURVE('',#720,#721,#143,.T.);
#914=EDGE_CURVE('',#721,#719,#144,.T.);
#915=EDGE_CURVE('',#722,#723,#29,.T.);
#916=EDGE_CURVE('',#724,#722,#30,.T.);
#917=EDGE_CURVE('',#724,#725,#145,.T.);
#918=EDGE_CURVE('',#725,#723,#146,.T.);
#919=EDGE_CURVE('',#726,#727,#31,.T.);
#920=EDGE_CURVE('',#728,#726,#32,.T.);
#921=EDGE_CURVE('',#728,#729,#147,.T.);
#922=EDGE_CURVE('',#729,#727,#148,.T.);
#923=EDGE_CURVE('',#730,#731,#33,.T.);
#924=EDGE_CURVE('',#732,#730,#34,.T.);
#925=EDGE_CURVE('',#732,#733,#149,.T.);
#926=EDGE_CURVE('',#733,#731,#150,.T.);
#927=EDGE_CURVE('',#734,#735,#35,.T.);
#928=EDGE_CURVE('',#735,#736,#151,.T.);
#929=EDGE_CURVE('',#736,#737,#152,.T.);
#930=EDGE_CURVE('',#737,#734,#36,.T.);
#931=EDGE_CURVE('',#711,#738,#498,.T.);
#932=EDGE_CURVE('',#738,#713,#37,.T.);
#933=EDGE_CURVE('',#710,#738,#38,.T.);
#934=EDGE_CURVE('',#739,#739,#205,.T.);
#935=EDGE_CURVE('',#739,#738,#499,.T.);
#936=EDGE_CURVE('',#722,#740,#500,.T.);
#937=EDGE_CURVE('',#740,#724,#39,.T.);
#938=EDGE_CURVE('',#723,#740,#40,.T.);
#939=EDGE_CURVE('',#741,#741,#206,.T.);
#940=EDGE_CURVE('',#741,#725,#501,.T.);
#941=EDGE_CURVE('',#726,#742,#502,.T.);
#942=EDGE_CURVE('',#742,#728,#41,.T.);
#943=EDGE_CURVE('',#727,#742,#42,.T.);
#944=EDGE_CURVE('',#743,#743,#207,.T.);
#945=EDGE_CURVE('',#743,#729,#503,.T.);
#946=EDGE_CURVE('',#718,#744,#504,.T.);
#947=EDGE_CURVE('',#744,#720,#43,.T.);
#948=EDGE_CURVE('',#719,#744,#44,.T.);
#949=EDGE_CURVE('',#745,#745,#208,.T.);
#950=EDGE_CURVE('',#745,#721,#505,.T.);
#951=EDGE_CURVE('',#730,#746,#506,.T.);
#952=EDGE_CURVE('',#746,#732,#45,.T.);
#953=EDGE_CURVE('',#731,#746,#46,.T.);
#954=EDGE_CURVE('',#747,#747,#209,.T.);
#955=EDGE_CURVE('',#747,#733,#507,.T.);
#956=EDGE_CURVE('',#714,#748,#508,.T.);
#957=EDGE_CURVE('',#748,#716,#47,.T.);
#958=EDGE_CURVE('',#715,#748,#48,.T.);
#959=EDGE_CURVE('',#734,#749,#509,.T.);
#960=EDGE_CURVE('',#735,#749,#49,.T.);
#961=EDGE_CURVE('',#749,#737,#50,.T.);
#962=EDGE_CURVE('',#750,#750,#210,.T.);
#963=EDGE_CURVE('',#750,#736,#510,.T.);
#964=EDGE_CURVE('',#751,#751,#211,.T.);
#965=EDGE_CURVE('',#751,#717,#511,.T.);
#966=EDGE_CURVE('',#682,#695,#212,.T.);
#967=EDGE_CURVE('',#690,#708,#512,.T.);
#968=EDGE_CURVE('',#752,#752,#213,.T.);
#969=EDGE_CURVE('',#752,#665,#513,.T.);
#970=EDGE_CURVE('',#753,#753,#214,.T.);
#971=EDGE_CURVE('',#753,#687,#514,.T.);
#972=EDGE_CURVE('',#754,#754,#215,.T.);
#973=EDGE_CURVE('',#754,#701,#515,.T.);
#974=EDGE_CURVE('',#755,#755,#216,.T.);
#975=EDGE_CURVE('',#755,#648,#516,.T.);
#976=EDGE_CURVE('',#756,#756,#217,.T.);
#977=EDGE_CURVE('',#756,#647,#517,.T.);
#978=EDGE_CURVE('',#757,#757,#218,.T.);
#979=EDGE_CURVE('',#757,#646,#518,.T.);
#980=EDGE_CURVE('',#758,#758,#219,.T.);
#981=EDGE_CURVE('',#758,#700,#519,.T.);
#982=EDGE_CURVE('',#759,#759,#220,.T.);
#983=EDGE_CURVE('',#759,#686,#520,.T.);
#984=EDGE_CURVE('',#760,#760,#221,.T.);
#985=EDGE_CURVE('',#760,#664,#521,.T.);
#986=EDGE_CURVE('',#761,#762,#522,.T.);
#987=EDGE_CURVE('',#761,#663,#523,.T.);
#988=EDGE_CURVE('',#762,#645,#524,.T.);
#989=EDGE_CURVE('',#762,#763,#525,.T.);
#990=EDGE_CURVE('',#763,#699,#526,.T.);
#991=EDGE_CURVE('',#763,#764,#527,.T.);
#992=EDGE_CURVE('',#764,#683,#528,.T.);
#993=EDGE_CURVE('',#764,#761,#529,.T.);
#994=EDGE_CURVE('',#765,#765,#222,.T.);
#995=EDGE_CURVE('',#765,#766,#530,.T.);
#996=EDGE_CURVE('',#766,#766,#223,.T.);
#997=ORIENTED_EDGE('',*,*,#767,.F.);
#998=ORIENTED_EDGE('',*,*,#768,.T.);
#999=ORIENTED_EDGE('',*,*,#769,.F.);
#1000=ORIENTED_EDGE('',*,*,#770,.F.);
#1001=ORIENTED_EDGE('',*,*,#771,.F.);
#1002=ORIENTED_EDGE('',*,*,#772,.T.);
#1003=ORIENTED_EDGE('',*,*,#773,.F.);
#1004=ORIENTED_EDGE('',*,*,#768,.F.);
#1005=ORIENTED_EDGE('',*,*,#774,.F.);
#1006=ORIENTED_EDGE('',*,*,#775,.T.);
#1007=ORIENTED_EDGE('',*,*,#776,.F.);
#1008=ORIENTED_EDGE('',*,*,#772,.F.);
#1009=ORIENTED_EDGE('',*,*,#777,.F.);
#1010=ORIENTED_EDGE('',*,*,#770,.T.);
#1011=ORIENTED_EDGE('',*,*,#778,.F.);
#1012=ORIENTED_EDGE('',*,*,#775,.F.);
#1013=ORIENTED_EDGE('',*,*,#779,.F.);
#1014=ORIENTED_EDGE('',*,*,#780,.T.);
#1015=ORIENTED_EDGE('',*,*,#781,.F.);
#1016=ORIENTED_EDGE('',*,*,#780,.F.);
#1017=ORIENTED_EDGE('',*,*,#782,.F.);
#1018=ORIENTED_EDGE('',*,*,#783,.T.);
#1019=ORIENTED_EDGE('',*,*,#784,.F.);
#1020=ORIENTED_EDGE('',*,*,#783,.F.);
#1021=ORIENTED_EDGE('',*,*,#785,.F.);
#1022=ORIENTED_EDGE('',*,*,#786,.T.);
#1023=ORIENTED_EDGE('',*,*,#787,.F.);
#1024=ORIENTED_EDGE('',*,*,#788,.T.);
#1025=ORIENTED_EDGE('',*,*,#788,.F.);
#1026=ORIENTED_EDGE('',*,*,#789,.F.);
#1027=ORIENTED_EDGE('',*,*,#790,.F.);
#1028=ORIENTED_EDGE('',*,*,#791,.F.);
#1029=ORIENTED_EDGE('',*,*,#792,.F.);
#1030=ORIENTED_EDGE('',*,*,#793,.F.);
#1031=ORIENTED_EDGE('',*,*,#794,.T.);
#1032=ORIENTED_EDGE('',*,*,#795,.F.);
#1033=ORIENTED_EDGE('',*,*,#790,.T.);
#1034=ORIENTED_EDGE('',*,*,#794,.F.);
#1035=ORIENTED_EDGE('',*,*,#796,.F.);
#1036=ORIENTED_EDGE('',*,*,#797,.F.);
#1037=ORIENTED_EDGE('',*,*,#798,.F.);
#1038=ORIENTED_EDGE('',*,*,#786,.F.);
#1039=ORIENTED_EDGE('',*,*,#799,.F.);
#1040=ORIENTED_EDGE('',*,*,#800,.F.);
#1041=ORIENTED_EDGE('',*,*,#801,.F.);
#1042=ORIENTED_EDGE('',*,*,#791,.T.);
#1043=ORIENTED_EDGE('',*,*,#795,.T.);
#1044=ORIENTED_EDGE('',*,*,#798,.T.);
#1045=ORIENTED_EDGE('',*,*,#802,.F.);
#1046=ORIENTED_EDGE('',*,*,#803,.T.);
#1047=ORIENTED_EDGE('',*,*,#804,.T.);
#1048=ORIENTED_EDGE('',*,*,#805,.T.);
#1049=ORIENTED_EDGE('',*,*,#806,.T.);
#1050=ORIENTED_EDGE('',*,*,#807,.T.);
#1051=ORIENTED_EDGE('',*,*,#808,.T.);
#1052=ORIENTED_EDGE('',*,*,#809,.T.);
#1053=ORIENTED_EDGE('',*,*,#810,.T.);
#1054=ORIENTED_EDGE('',*,*,#800,.T.);
#1055=ORIENTED_EDGE('',*,*,#811,.T.);
#1056=ORIENTED_EDGE('',*,*,#812,.T.);
#1057=ORIENTED_EDGE('',*,*,#813,.F.);
#1058=ORIENTED_EDGE('',*,*,#797,.T.);
#1059=ORIENTED_EDGE('',*,*,#814,.F.);
#1060=ORIENTED_EDGE('',*,*,#815,.T.);
#1061=ORIENTED_EDGE('',*,*,#802,.T.);
#1062=ORIENTED_EDGE('',*,*,#816,.F.);
#1063=ORIENTED_EDGE('',*,*,#817,.T.);
#1064=ORIENTED_EDGE('',*,*,#818,.F.);
#1065=ORIENTED_EDGE('',*,*,#819,.T.);
#1066=ORIENTED_EDGE('',*,*,#819,.F.);
#1067=ORIENTED_EDGE('',*,*,#820,.F.);
#1068=ORIENTED_EDGE('',*,*,#821,.F.);
#1069=ORIENTED_EDGE('',*,*,#822,.F.);
#1070=ORIENTED_EDGE('',*,*,#823,.F.);
#1071=ORIENTED_EDGE('',*,*,#824,.F.);
#1072=ORIENTED_EDGE('',*,*,#825,.T.);
#1073=ORIENTED_EDGE('',*,*,#826,.F.);
#1074=ORIENTED_EDGE('',*,*,#821,.T.);
#1075=ORIENTED_EDGE('',*,*,#825,.F.);
#1076=ORIENTED_EDGE('',*,*,#827,.F.);
#1077=ORIENTED_EDGE('',*,*,#812,.F.);
#1078=ORIENTED_EDGE('',*,*,#828,.F.);
#1079=ORIENTED_EDGE('',*,*,#817,.F.);
#1080=ORIENTED_EDGE('',*,*,#829,.F.);
#1081=ORIENTED_EDGE('',*,*,#830,.F.);
#1082=ORIENTED_EDGE('',*,*,#831,.F.);
#1083=ORIENTED_EDGE('',*,*,#792,.T.);
#1084=ORIENTED_EDGE('',*,*,#832,.T.);
#1085=ORIENTED_EDGE('',*,*,#833,.T.);
#1086=ORIENTED_EDGE('',*,*,#822,.T.);
#1087=ORIENTED_EDGE('',*,*,#826,.T.);
#1088=ORIENTED_EDGE('',*,*,#828,.T.);
#1089=ORIENTED_EDGE('',*,*,#811,.F.);
#1090=ORIENTED_EDGE('',*,*,#799,.T.);
#1091=ORIENTED_EDGE('',*,*,#785,.T.);
#1092=ORIENTED_EDGE('',*,*,#834,.T.);
#1093=ORIENTED_EDGE('',*,*,#835,.T.);
#1094=ORIENTED_EDGE('',*,*,#830,.T.);
#1095=ORIENTED_EDGE('',*,*,#836,.T.);
#1096=ORIENTED_EDGE('',*,*,#837,.T.);
#1097=ORIENTED_EDGE('',*,*,#838,.T.);
#1098=ORIENTED_EDGE('',*,*,#839,.T.);
#1099=ORIENTED_EDGE('',*,*,#840,.T.);
#1100=ORIENTED_EDGE('',*,*,#841,.T.);
#1101=ORIENTED_EDGE('',*,*,#842,.F.);
#1102=ORIENTED_EDGE('',*,*,#843,.F.);
#1103=ORIENTED_EDGE('',*,*,#844,.T.);
#1104=ORIENTED_EDGE('',*,*,#845,.F.);
#1105=ORIENTED_EDGE('',*,*,#846,.T.);
#1106=ORIENTED_EDGE('',*,*,#846,.F.);
#1107=ORIENTED_EDGE('',*,*,#847,.F.);
#1108=ORIENTED_EDGE('',*,*,#848,.F.);
#1109=ORIENTED_EDGE('',*,*,#849,.F.);
#1110=ORIENTED_EDGE('',*,*,#850,.F.);
#1111=ORIENTED_EDGE('',*,*,#851,.F.);
#1112=ORIENTED_EDGE('',*,*,#852,.T.);
#1113=ORIENTED_EDGE('',*,*,#853,.F.);
#1114=ORIENTED_EDGE('',*,*,#848,.T.);
#1115=ORIENTED_EDGE('',*,*,#852,.F.);
#1116=ORIENTED_EDGE('',*,*,#854,.F.);
#1117=ORIENTED_EDGE('',*,*,#841,.F.);
#1118=ORIENTED_EDGE('',*,*,#855,.F.);
#1119=ORIENTED_EDGE('',*,*,#844,.F.);
#1120=ORIENTED_EDGE('',*,*,#856,.F.);
#1121=ORIENTED_EDGE('',*,*,#857,.F.);
#1122=ORIENTED_EDGE('',*,*,#858,.F.);
#1123=ORIENTED_EDGE('',*,*,#823,.T.);
#1124=ORIENTED_EDGE('',*,*,#859,.T.);
#1125=ORIENTED_EDGE('',*,*,#860,.T.);
#1126=ORIENTED_EDGE('',*,*,#849,.T.);
#1127=ORIENTED_EDGE('',*,*,#853,.T.);
#1128=ORIENTED_EDGE('',*,*,#855,.T.);
#1129=ORIENTED_EDGE('',*,*,#840,.F.);
#1130=ORIENTED_EDGE('',*,*,#861,.T.);
#1131=ORIENTED_EDGE('',*,*,#862,.T.);
#1132=ORIENTED_EDGE('',*,*,#838,.F.);
#1133=ORIENTED_EDGE('',*,*,#863,.T.);
#1134=ORIENTED_EDGE('',*,*,#864,.T.);
#1135=ORIENTED_EDGE('',*,*,#836,.F.);
#1136=ORIENTED_EDGE('',*,*,#829,.T.);
#1137=ORIENTED_EDGE('',*,*,#816,.T.);
#1138=ORIENTED_EDGE('',*,*,#767,.T.);
#1139=ORIENTED_EDGE('',*,*,#777,.T.);
#1140=ORIENTED_EDGE('',*,*,#774,.T.);
#1141=ORIENTED_EDGE('',*,*,#771,.T.);
#1142=ORIENTED_EDGE('',*,*,#779,.T.);
#1143=ORIENTED_EDGE('',*,*,#782,.T.);
#1144=ORIENTED_EDGE('',*,*,#865,.T.);
#1145=ORIENTED_EDGE('',*,*,#866,.T.);
#1146=ORIENTED_EDGE('',*,*,#804,.F.);
#1147=ORIENTED_EDGE('',*,*,#867,.T.);
#1148=ORIENTED_EDGE('',*,*,#868,.F.);
#1149=ORIENTED_EDGE('',*,*,#869,.T.);
#1150=ORIENTED_EDGE('',*,*,#869,.F.);
#1151=ORIENTED_EDGE('',*,*,#870,.F.);
#1152=ORIENTED_EDGE('',*,*,#871,.F.);
#1153=ORIENTED_EDGE('',*,*,#872,.F.);
#1154=ORIENTED_EDGE('',*,*,#873,.F.);
#1155=ORIENTED_EDGE('',*,*,#805,.F.);
#1156=ORIENTED_EDGE('',*,*,#874,.F.);
#1157=ORIENTED_EDGE('',*,*,#875,.T.);
#1158=ORIENTED_EDGE('',*,*,#876,.F.);
#1159=ORIENTED_EDGE('',*,*,#872,.T.);
#1160=ORIENTED_EDGE('',*,*,#875,.F.);
#1161=ORIENTED_EDGE('',*,*,#877,.F.);
#1162=ORIENTED_EDGE('',*,*,#878,.F.);
#1163=ORIENTED_EDGE('',*,*,#879,.F.);
#1164=ORIENTED_EDGE('',*,*,#867,.F.);
#1165=ORIENTED_EDGE('',*,*,#803,.F.);
#1166=ORIENTED_EDGE('',*,*,#815,.F.);
#1167=ORIENTED_EDGE('',*,*,#880,.F.);
#1168=ORIENTED_EDGE('',*,*,#881,.F.);
#1169=ORIENTED_EDGE('',*,*,#882,.T.);
#1170=ORIENTED_EDGE('',*,*,#861,.F.);
#1171=ORIENTED_EDGE('',*,*,#839,.F.);
#1172=ORIENTED_EDGE('',*,*,#862,.F.);
#1173=ORIENTED_EDGE('',*,*,#882,.F.);
#1174=ORIENTED_EDGE('',*,*,#883,.F.);
#1175=ORIENTED_EDGE('',*,*,#884,.T.);
#1176=ORIENTED_EDGE('',*,*,#863,.F.);
#1177=ORIENTED_EDGE('',*,*,#837,.F.);
#1178=ORIENTED_EDGE('',*,*,#864,.F.);
#1179=ORIENTED_EDGE('',*,*,#884,.F.);
#1180=ORIENTED_EDGE('',*,*,#850,.T.);
#1181=ORIENTED_EDGE('',*,*,#885,.T.);
#1182=ORIENTED_EDGE('',*,*,#886,.T.);
#1183=ORIENTED_EDGE('',*,*,#873,.T.);
#1184=ORIENTED_EDGE('',*,*,#876,.T.);
#1185=ORIENTED_EDGE('',*,*,#879,.T.);
#1186=ORIENTED_EDGE('',*,*,#887,.F.);
#1187=ORIENTED_EDGE('',*,*,#856,.T.);
#1188=ORIENTED_EDGE('',*,*,#843,.T.);
#1189=ORIENTED_EDGE('',*,*,#888,.T.);
#1190=ORIENTED_EDGE('',*,*,#889,.T.);
#1191=ORIENTED_EDGE('',*,*,#890,.T.);
#1192=ORIENTED_EDGE('',*,*,#891,.T.);
#1193=ORIENTED_EDGE('',*,*,#892,.T.);
#1194=ORIENTED_EDGE('',*,*,#893,.T.);
#1195=ORIENTED_EDGE('',*,*,#894,.T.);
#1196=ORIENTED_EDGE('',*,*,#891,.F.);
#1197=ORIENTED_EDGE('',*,*,#895,.F.);
#1198=ORIENTED_EDGE('',*,*,#896,.T.);
#1199=ORIENTED_EDGE('',*,*,#897,.F.);
#1200=ORIENTED_EDGE('',*,*,#892,.F.);
#1201=ORIENTED_EDGE('',*,*,#894,.F.);
#1202=ORIENTED_EDGE('',*,*,#898,.F.);
#1203=ORIENTED_EDGE('',*,*,#896,.F.);
#1204=ORIENTED_EDGE('',*,*,#899,.T.);
#1205=ORIENTED_EDGE('',*,*,#900,.T.);
#1206=ORIENTED_EDGE('',*,*,#901,.T.);
#1207=ORIENTED_EDGE('',*,*,#902,.F.);
#1208=ORIENTED_EDGE('',*,*,#903,.T.);
#1209=ORIENTED_EDGE('',*,*,#904,.F.);
#1210=ORIENTED_EDGE('',*,*,#903,.F.);
#1211=ORIENTED_EDGE('',*,*,#905,.F.);
#1212=ORIENTED_EDGE('',*,*,#906,.T.);
#1213=ORIENTED_EDGE('',*,*,#900,.F.);
#1214=ORIENTED_EDGE('',*,*,#907,.F.);
#1215=ORIENTED_EDGE('',*,*,#908,.F.);
#1216=ORIENTED_EDGE('',*,*,#909,.T.);
#1217=ORIENTED_EDGE('',*,*,#910,.T.);
#1218=ORIENTED_EDGE('',*,*,#911,.F.);
#1219=ORIENTED_EDGE('',*,*,#912,.F.);
#1220=ORIENTED_EDGE('',*,*,#913,.T.);
#1221=ORIENTED_EDGE('',*,*,#914,.T.);
#1222=ORIENTED_EDGE('',*,*,#915,.F.);
#1223=ORIENTED_EDGE('',*,*,#916,.F.);
#1224=ORIENTED_EDGE('',*,*,#917,.T.);
#1225=ORIENTED_EDGE('',*,*,#918,.T.);
#1226=ORIENTED_EDGE('',*,*,#893,.F.);
#1227=ORIENTED_EDGE('',*,*,#890,.F.);
#1228=ORIENTED_EDGE('',*,*,#897,.T.);
#1229=ORIENTED_EDGE('',*,*,#898,.T.);
#1230=ORIENTED_EDGE('',*,*,#919,.F.);
#1231=ORIENTED_EDGE('',*,*,#920,.F.);
#1232=ORIENTED_EDGE('',*,*,#921,.T.);
#1233=ORIENTED_EDGE('',*,*,#922,.T.);
#1234=ORIENTED_EDGE('',*,*,#923,.F.);
#1235=ORIENTED_EDGE('',*,*,#924,.F.);
#1236=ORIENTED_EDGE('',*,*,#925,.T.);
#1237=ORIENTED_EDGE('',*,*,#926,.T.);
#1238=ORIENTED_EDGE('',*,*,#927,.T.);
#1239=ORIENTED_EDGE('',*,*,#928,.T.);
#1240=ORIENTED_EDGE('',*,*,#929,.T.);
#1241=ORIENTED_EDGE('',*,*,#930,.T.);
#1242=ORIENTED_EDGE('',*,*,#905,.T.);
#1243=ORIENTED_EDGE('',*,*,#931,.T.);
#1244=ORIENTED_EDGE('',*,*,#932,.T.);
#1245=ORIENTED_EDGE('',*,*,#902,.T.);
#1246=ORIENTED_EDGE('',*,*,#933,.T.);
#1247=ORIENTED_EDGE('',*,*,#931,.F.);
#1248=ORIENTED_EDGE('',*,*,#934,.F.);
#1249=ORIENTED_EDGE('',*,*,#935,.T.);
#1250=ORIENTED_EDGE('',*,*,#933,.F.);
#1251=ORIENTED_EDGE('',*,*,#901,.F.);
#1252=ORIENTED_EDGE('',*,*,#906,.F.);
#1253=ORIENTED_EDGE('',*,*,#932,.F.);
#1254=ORIENTED_EDGE('',*,*,#935,.F.);
#1255=ORIENTED_EDGE('',*,*,#916,.T.);
#1256=ORIENTED_EDGE('',*,*,#936,.T.);
#1257=ORIENTED_EDGE('',*,*,#937,.T.);
#1258=ORIENTED_EDGE('',*,*,#915,.T.);
#1259=ORIENTED_EDGE('',*,*,#938,.T.);
#1260=ORIENTED_EDGE('',*,*,#936,.F.);
#1261=ORIENTED_EDGE('',*,*,#939,.F.);
#1262=ORIENTED_EDGE('',*,*,#940,.T.);
#1263=ORIENTED_EDGE('',*,*,#917,.F.);
#1264=ORIENTED_EDGE('',*,*,#937,.F.);
#1265=ORIENTED_EDGE('',*,*,#938,.F.);
#1266=ORIENTED_EDGE('',*,*,#918,.F.);
#1267=ORIENTED_EDGE('',*,*,#940,.F.);
#1268=ORIENTED_EDGE('',*,*,#920,.T.);
#1269=ORIENTED_EDGE('',*,*,#941,.T.);
#1270=ORIENTED_EDGE('',*,*,#942,.T.);
#1271=ORIENTED_EDGE('',*,*,#919,.T.);
#1272=ORIENTED_EDGE('',*,*,#943,.T.);
#1273=ORIENTED_EDGE('',*,*,#941,.F.);
#1274=ORIENTED_EDGE('',*,*,#944,.F.);
#1275=ORIENTED_EDGE('',*,*,#945,.T.);
#1276=ORIENTED_EDGE('',*,*,#921,.F.);
#1277=ORIENTED_EDGE('',*,*,#942,.F.);
#1278=ORIENTED_EDGE('',*,*,#943,.F.);
#1279=ORIENTED_EDGE('',*,*,#922,.F.);
#1280=ORIENTED_EDGE('',*,*,#945,.F.);
#1281=ORIENTED_EDGE('',*,*,#912,.T.);
#1282=ORIENTED_EDGE('',*,*,#946,.T.);
#1283=ORIENTED_EDGE('',*,*,#947,.T.);
#1284=ORIENTED_EDGE('',*,*,#911,.T.);
#1285=ORIENTED_EDGE('',*,*,#948,.T.);
#1286=ORIENTED_EDGE('',*,*,#946,.F.);
#1287=ORIENTED_EDGE('',*,*,#949,.F.);
#1288=ORIENTED_EDGE('',*,*,#950,.T.);
#1289=ORIENTED_EDGE('',*,*,#913,.F.);
#1290=ORIENTED_EDGE('',*,*,#947,.F.);
#1291=ORIENTED_EDGE('',*,*,#948,.F.);
#1292=ORIENTED_EDGE('',*,*,#914,.F.);
#1293=ORIENTED_EDGE('',*,*,#950,.F.);
#1294=ORIENTED_EDGE('',*,*,#924,.T.);
#1295=ORIENTED_EDGE('',*,*,#951,.T.);
#1296=ORIENTED_EDGE('',*,*,#952,.T.);
#1297=ORIENTED_EDGE('',*,*,#923,.T.);
#1298=ORIENTED_EDGE('',*,*,#953,.T.);
#1299=ORIENTED_EDGE('',*,*,#951,.F.);
#1300=ORIENTED_EDGE('',*,*,#954,.F.);
#1301=ORIENTED_EDGE('',*,*,#955,.T.);
#1302=ORIENTED_EDGE('',*,*,#925,.F.);
#1303=ORIENTED_EDGE('',*,*,#952,.F.);
#1304=ORIENTED_EDGE('',*,*,#953,.F.);
#1305=ORIENTED_EDGE('',*,*,#926,.F.);
#1306=ORIENTED_EDGE('',*,*,#955,.F.);
#1307=ORIENTED_EDGE('',*,*,#908,.T.);
#1308=ORIENTED_EDGE('',*,*,#956,.T.);
#1309=ORIENTED_EDGE('',*,*,#957,.T.);
#1310=ORIENTED_EDGE('',*,*,#907,.T.);
#1311=ORIENTED_EDGE('',*,*,#958,.T.);
#1312=ORIENTED_EDGE('',*,*,#956,.F.);
#1313=ORIENTED_EDGE('',*,*,#927,.F.);
#1314=ORIENTED_EDGE('',*,*,#959,.T.);
#1315=ORIENTED_EDGE('',*,*,#960,.F.);
#1316=ORIENTED_EDGE('',*,*,#930,.F.);
#1317=ORIENTED_EDGE('',*,*,#961,.F.);
#1318=ORIENTED_EDGE('',*,*,#959,.F.);
#1319=ORIENTED_EDGE('',*,*,#962,.F.);
#1320=ORIENTED_EDGE('',*,*,#963,.T.);
#1321=ORIENTED_EDGE('',*,*,#928,.F.);
#1322=ORIENTED_EDGE('',*,*,#960,.T.);
#1323=ORIENTED_EDGE('',*,*,#961,.T.);
#1324=ORIENTED_EDGE('',*,*,#929,.F.);
#1325=ORIENTED_EDGE('',*,*,#963,.F.);
#1326=ORIENTED_EDGE('',*,*,#964,.F.);
#1327=ORIENTED_EDGE('',*,*,#965,.T.);
#1328=ORIENTED_EDGE('',*,*,#909,.F.);
#1329=ORIENTED_EDGE('',*,*,#957,.F.);
#1330=ORIENTED_EDGE('',*,*,#958,.F.);
#1331=ORIENTED_EDGE('',*,*,#910,.F.);
#1332=ORIENTED_EDGE('',*,*,#965,.F.);
#1333=ORIENTED_EDGE('',*,*,#801,.T.);
#1334=ORIENTED_EDGE('',*,*,#813,.T.);
#1335=ORIENTED_EDGE('',*,*,#827,.T.);
#1336=ORIENTED_EDGE('',*,*,#824,.T.);
#1337=ORIENTED_EDGE('',*,*,#820,.T.);
#1338=ORIENTED_EDGE('',*,*,#818,.T.);
#1339=ORIENTED_EDGE('',*,*,#831,.T.);
#1340=ORIENTED_EDGE('',*,*,#842,.T.);
#1341=ORIENTED_EDGE('',*,*,#854,.T.);
#1342=ORIENTED_EDGE('',*,*,#851,.T.);
#1343=ORIENTED_EDGE('',*,*,#847,.T.);
#1344=ORIENTED_EDGE('',*,*,#845,.T.);
#1345=ORIENTED_EDGE('',*,*,#858,.T.);
#1346=ORIENTED_EDGE('',*,*,#966,.T.);
#1347=ORIENTED_EDGE('',*,*,#877,.T.);
#1348=ORIENTED_EDGE('',*,*,#874,.T.);
#1349=ORIENTED_EDGE('',*,*,#871,.T.);
#1350=ORIENTED_EDGE('',*,*,#967,.T.);
#1351=ORIENTED_EDGE('',*,*,#899,.F.);
#1352=ORIENTED_EDGE('',*,*,#967,.F.);
#1353=ORIENTED_EDGE('',*,*,#870,.T.);
#1354=ORIENTED_EDGE('',*,*,#868,.T.);
#1355=ORIENTED_EDGE('',*,*,#880,.T.);
#1356=ORIENTED_EDGE('',*,*,#814,.T.);
#1357=ORIENTED_EDGE('',*,*,#796,.T.);
#1358=ORIENTED_EDGE('',*,*,#793,.T.);
#1359=ORIENTED_EDGE('',*,*,#789,.T.);
#1360=ORIENTED_EDGE('',*,*,#787,.T.);
#1361=ORIENTED_EDGE('',*,*,#857,.T.);
#1362=ORIENTED_EDGE('',*,*,#887,.T.);
#1363=ORIENTED_EDGE('',*,*,#878,.T.);
#1364=ORIENTED_EDGE('',*,*,#966,.F.);
#1365=ORIENTED_EDGE('',*,*,#968,.F.);
#1366=ORIENTED_EDGE('',*,*,#969,.T.);
#1367=ORIENTED_EDGE('',*,*,#835,.F.);
#1368=ORIENTED_EDGE('',*,*,#969,.F.);
#1369=ORIENTED_EDGE('',*,*,#970,.F.);
#1370=ORIENTED_EDGE('',*,*,#971,.T.);
#1371=ORIENTED_EDGE('',*,*,#866,.F.);
#1372=ORIENTED_EDGE('',*,*,#971,.F.);
#1373=ORIENTED_EDGE('',*,*,#972,.F.);
#1374=ORIENTED_EDGE('',*,*,#973,.T.);
#1375=ORIENTED_EDGE('',*,*,#889,.F.);
#1376=ORIENTED_EDGE('',*,*,#973,.F.);
#1377=ORIENTED_EDGE('',*,*,#974,.F.);
#1378=ORIENTED_EDGE('',*,*,#975,.T.);
#1379=ORIENTED_EDGE('',*,*,#810,.F.);
#1380=ORIENTED_EDGE('',*,*,#975,.F.);
#1381=ORIENTED_EDGE('',*,*,#976,.F.);
#1382=ORIENTED_EDGE('',*,*,#977,.T.);
#1383=ORIENTED_EDGE('',*,*,#809,.F.);
#1384=ORIENTED_EDGE('',*,*,#977,.F.);
#1385=ORIENTED_EDGE('',*,*,#978,.F.);
#1386=ORIENTED_EDGE('',*,*,#979,.T.);
#1387=ORIENTED_EDGE('',*,*,#808,.F.);
#1388=ORIENTED_EDGE('',*,*,#979,.F.);
#1389=ORIENTED_EDGE('',*,*,#980,.F.);
#1390=ORIENTED_EDGE('',*,*,#981,.T.);
#1391=ORIENTED_EDGE('',*,*,#888,.F.);
#1392=ORIENTED_EDGE('',*,*,#981,.F.);
#1393=ORIENTED_EDGE('',*,*,#982,.F.);
#1394=ORIENTED_EDGE('',*,*,#983,.T.);
#1395=ORIENTED_EDGE('',*,*,#865,.F.);
#1396=ORIENTED_EDGE('',*,*,#983,.F.);
#1397=ORIENTED_EDGE('',*,*,#984,.F.);
#1398=ORIENTED_EDGE('',*,*,#985,.T.);
#1399=ORIENTED_EDGE('',*,*,#834,.F.);
#1400=ORIENTED_EDGE('',*,*,#985,.F.);
#1401=ORIENTED_EDGE('',*,*,#986,.F.);
#1402=ORIENTED_EDGE('',*,*,#987,.T.);
#1403=ORIENTED_EDGE('',*,*,#832,.F.);
#1404=ORIENTED_EDGE('',*,*,#807,.F.);
#1405=ORIENTED_EDGE('',*,*,#988,.F.);
#1406=ORIENTED_EDGE('',*,*,#989,.F.);
#1407=ORIENTED_EDGE('',*,*,#988,.T.);
#1408=ORIENTED_EDGE('',*,*,#806,.F.);
#1409=ORIENTED_EDGE('',*,*,#886,.F.);
#1410=ORIENTED_EDGE('',*,*,#990,.F.);
#1411=ORIENTED_EDGE('',*,*,#991,.F.);
#1412=ORIENTED_EDGE('',*,*,#990,.T.);
#1413=ORIENTED_EDGE('',*,*,#885,.F.);
#1414=ORIENTED_EDGE('',*,*,#860,.F.);
#1415=ORIENTED_EDGE('',*,*,#992,.F.);
#1416=ORIENTED_EDGE('',*,*,#993,.F.);
#1417=ORIENTED_EDGE('',*,*,#992,.T.);
#1418=ORIENTED_EDGE('',*,*,#859,.F.);
#1419=ORIENTED_EDGE('',*,*,#833,.F.);
#1420=ORIENTED_EDGE('',*,*,#987,.F.);
#1421=ORIENTED_EDGE('',*,*,#994,.F.);
#1422=ORIENTED_EDGE('',*,*,#995,.T.);
#1423=ORIENTED_EDGE('',*,*,#996,.F.);
#1424=ORIENTED_EDGE('',*,*,#995,.F.);
#1425=ORIENTED_EDGE('',*,*,#993,.T.);
#1426=ORIENTED_EDGE('',*,*,#986,.T.);
#1427=ORIENTED_EDGE('',*,*,#989,.T.);
#1428=ORIENTED_EDGE('',*,*,#991,.T.);
#1429=ORIENTED_EDGE('',*,*,#769,.T.);
#1430=ORIENTED_EDGE('',*,*,#773,.T.);
#1431=ORIENTED_EDGE('',*,*,#776,.T.);
#1432=ORIENTED_EDGE('',*,*,#778,.T.);
#1433=ORIENTED_EDGE('',*,*,#781,.T.);
#1434=ORIENTED_EDGE('',*,*,#784,.T.);
#1435=ORIENTED_EDGE('',*,*,#881,.T.);
#1436=ORIENTED_EDGE('',*,*,#883,.T.);
#1437=ORIENTED_EDGE('',*,*,#968,.T.);
#1438=ORIENTED_EDGE('',*,*,#970,.T.);
#1439=ORIENTED_EDGE('',*,*,#972,.T.);
#1440=ORIENTED_EDGE('',*,*,#974,.T.);
#1441=ORIENTED_EDGE('',*,*,#976,.T.);
#1442=ORIENTED_EDGE('',*,*,#978,.T.);
#1443=ORIENTED_EDGE('',*,*,#980,.T.);
#1444=ORIENTED_EDGE('',*,*,#982,.T.);
#1445=ORIENTED_EDGE('',*,*,#984,.T.);
#1446=ORIENTED_EDGE('',*,*,#994,.T.);
#1447=ORIENTED_EDGE('',*,*,#904,.T.);
#1448=ORIENTED_EDGE('',*,*,#954,.T.);
#1449=ORIENTED_EDGE('',*,*,#944,.T.);
#1450=ORIENTED_EDGE('',*,*,#934,.T.);
#1451=ORIENTED_EDGE('',*,*,#962,.T.);
#1452=ORIENTED_EDGE('',*,*,#895,.T.);
#1453=ORIENTED_EDGE('',*,*,#939,.T.);
#1454=ORIENTED_EDGE('',*,*,#949,.T.);
#1455=ORIENTED_EDGE('',*,*,#964,.T.);
#1456=ORIENTED_EDGE('',*,*,#996,.T.);
#1457=PLANE('',#1588);
#1458=PLANE('',#1589);
#1459=PLANE('',#1590);
#1460=PLANE('',#1591);
#1461=PLANE('',#1602);
#1462=PLANE('',#1603);
#1463=PLANE('',#1604);
#1464=PLANE('',#1619);
#1465=PLANE('',#1620);
#1466=PLANE('',#1621);
#1467=PLANE('',#1633);
#1468=PLANE('',#1634);
#1469=PLANE('',#1635);
#1470=PLANE('',#1646);
#1471=PLANE('',#1647);
#1472=PLANE('',#1652);
#1473=PLANE('',#1656);
#1474=PLANE('',#1659);
#1475=PLANE('',#1681);
#1476=PLANE('',#1683);
#1477=PLANE('',#1687);
#1478=PLANE('',#1689);
#1479=PLANE('',#1693);
#1480=PLANE('',#1695);
#1481=PLANE('',#1699);
#1482=PLANE('',#1701);
#1483=PLANE('',#1705);
#1484=PLANE('',#1707);
#1485=PLANE('',#1711);
#1486=PLANE('',#1713);
#1487=PLANE('',#1715);
#1488=PLANE('',#1717);
#1489=PLANE('',#1744);
#1490=PLANE('',#1745);
#1491=PLANE('',#1746);
#1492=PLANE('',#1747);
#1493=PLANE('',#1751);
#1494=PLANE('',#1752);
#1495=ADVANCED_FACE('',(#247),#1457,.F.);
#1496=ADVANCED_FACE('',(#248),#1458,.F.);
#1497=ADVANCED_FACE('',(#249),#1459,.F.);
#1498=ADVANCED_FACE('',(#250),#1460,.F.);
#1499=ADVANCED_FACE('',(#251),#224,.F.);
#1500=ADVANCED_FACE('',(#252),#225,.F.);
#1501=ADVANCED_FACE('',(#253),#153,.F.);
#1502=ADVANCED_FACE('',(#254),#94,.T.);
#1503=ADVANCED_FACE('',(#255),#154,.F.);
#1504=ADVANCED_FACE('',(#256),#1461,.T.);
#1505=ADVANCED_FACE('',(#257),#1462,.F.);
#1506=ADVANCED_FACE('',(#258,#51,#52,#53),#1463,.F.);
#1507=ADVANCED_FACE('',(#259),#95,.T.);
#1508=ADVANCED_FACE('',(#260),#96,.T.);
#1509=ADVANCED_FACE('',(#261),#155,.F.);
#1510=ADVANCED_FACE('',(#262),#97,.T.);
#1511=ADVANCED_FACE('',(#263),#156,.F.);
#1512=ADVANCED_FACE('',(#264),#1464,.T.);
#1513=ADVANCED_FACE('',(#265),#1465,.F.);
#1514=ADVANCED_FACE('',(#266,#54,#55),#1466,.F.);
#1515=ADVANCED_FACE('',(#267),#98,.T.);
#1516=ADVANCED_FACE('',(#268),#157,.F.);
#1517=ADVANCED_FACE('',(#269),#99,.T.);
#1518=ADVANCED_FACE('',(#270),#158,.F.);
#1519=ADVANCED_FACE('',(#271),#1467,.T.);
#1520=ADVANCED_FACE('',(#272),#1468,.F.);
#1521=ADVANCED_FACE('',(#273,#56,#57,#58,#59,#60),#1469,.F.);
#1522=ADVANCED_FACE('',(#274),#159,.F.);
#1523=ADVANCED_FACE('',(#275),#100,.T.);
#1524=ADVANCED_FACE('',(#276),#160,.F.);
#1525=ADVANCED_FACE('',(#277),#1470,.T.);
#1526=ADVANCED_FACE('',(#278),#1471,.F.);
#1527=ADVANCED_FACE('',(#279),#226,.F.);
#1528=ADVANCED_FACE('',(#280),#227,.F.);
#1529=ADVANCED_FACE('',(#281,#61,#62),#1472,.F.);
#1530=ADVANCED_FACE('',(#282),#1473,.F.);
#1531=ADVANCED_FACE('',(#283),#1474,.F.);
#1532=ADVANCED_FACE('',(#284),#228,.F.);
#1533=ADVANCED_FACE('',(#285,#63,#64,#65,#66,#67,#68,#69),#101,.T.);
#1534=ADVANCED_FACE('',(#286),#1475,.F.);
#1535=ADVANCED_FACE('',(#287),#1476,.F.);
#1536=ADVANCED_FACE('',(#288),#229,.F.);
#1537=ADVANCED_FACE('',(#289),#1477,.F.);
#1538=ADVANCED_FACE('',(#290),#1478,.F.);
#1539=ADVANCED_FACE('',(#291),#230,.F.);
#1540=ADVANCED_FACE('',(#292),#1479,.F.);
#1541=ADVANCED_FACE('',(#293),#1480,.F.);
#1542=ADVANCED_FACE('',(#294),#231,.F.);
#1543=ADVANCED_FACE('',(#295),#1481,.F.);
#1544=ADVANCED_FACE('',(#296),#1482,.F.);
#1545=ADVANCED_FACE('',(#297),#232,.F.);
#1546=ADVANCED_FACE('',(#298),#1483,.F.);
#1547=ADVANCED_FACE('',(#299),#1484,.F.);
#1548=ADVANCED_FACE('',(#300),#233,.F.);
#1549=ADVANCED_FACE('',(#301),#1485,.F.);
#1550=ADVANCED_FACE('',(#302),#1486,.F.);
#1551=ADVANCED_FACE('',(#303),#1487,.F.);
#1552=ADVANCED_FACE('',(#304),#1488,.F.);
#1553=ADVANCED_FACE('',(#305),#234,.F.);
#1554=ADVANCED_FACE('',(#306),#235,.F.);
#1555=ADVANCED_FACE('',(#307),#236,.T.);
#1556=ADVANCED_FACE('',(#308),#102,.T.);
#1557=ADVANCED_FACE('',(#309),#237,.F.);
#1558=ADVANCED_FACE('',(#310),#238,.F.);
#1559=ADVANCED_FACE('',(#311),#239,.F.);
#1560=ADVANCED_FACE('',(#312),#240,.F.);
#1561=ADVANCED_FACE('',(#313),#241,.F.);
#1562=ADVANCED_FACE('',(#314),#242,.F.);
#1563=ADVANCED_FACE('',(#315),#243,.F.);
#1564=ADVANCED_FACE('',(#316),#244,.F.);
#1565=ADVANCED_FACE('',(#317),#245,.F.);
#1566=ADVANCED_FACE('',(#318),#1489,.T.);
#1567=ADVANCED_FACE('',(#319),#1490,.T.);
#1568=ADVANCED_FACE('',(#320),#1491,.T.);
#1569=ADVANCED_FACE('',(#321),#1492,.T.);
#1570=ADVANCED_FACE('',(#322),#246,.F.);
#1571=ADVANCED_FACE('',(#323,#70,#71,#72,#73,#74,#75,#76,#77,#78,#79,#80,
#81,#82,#83,#84),#1493,.T.);
#1572=ADVANCED_FACE('',(#324,#85,#86,#87,#88,#89,#90,#91,#92,#93),#1494,
 .F.);
#1573=CLOSED_SHELL('',(#1495,#1496,#1497,#1498,#1499,#1500,#1501,#1502,
#1503,#1504,#1505,#1506,#1507,#1508,#1509,#1510,#1511,#1512,#1513,#1514,
#1515,#1516,#1517,#1518,#1519,#1520,#1521,#1522,#1523,#1524,#1525,#1526,
#1527,#1528,#1529,#1530,#1531,#1532,#1533,#1534,#1535,#1536,#1537,#1538,
#1539,#1540,#1541,#1542,#1543,#1544,#1545,#1546,#1547,#1548,#1549,#1550,
#1551,#1552,#1553,#1554,#1555,#1556,#1557,#1558,#1559,#1560,#1561,#1562,
#1563,#1564,#1565,#1566,#1567,#1568,#1569,#1570,#1571,#1572));
#1574=DERIVED_UNIT_ELEMENT(#1576,1.);
#1575=DERIVED_UNIT_ELEMENT(#3361,-3.);
#1576=(
MASS_UNIT()
NAMED_UNIT(*)
SI_UNIT(.KILO.,.GRAM.)
);
#1577=DERIVED_UNIT((#1574,#1575));
#1578=MEASURE_REPRESENTATION_ITEM('density measure',
POSITIVE_RATIO_MEASURE(7850.),#1577);
#1579=PROPERTY_DEFINITION_REPRESENTATION(#1584,#1581);
#1580=PROPERTY_DEFINITION_REPRESENTATION(#1585,#1582);
#1581=REPRESENTATION('material name',(#1583),#3358);
#1582=REPRESENTATION('density',(#1578),#3358);
#1583=DESCRIPTIVE_REPRESENTATION_ITEM('Steel','Steel');
#1584=PROPERTY_DEFINITION('material property','material name',#3373);
#1585=PROPERTY_DEFINITION('material property','density of part',#3373);
#1586=AXIS2_PLACEMENT_3D('',#2175,#1754,#1755);
#1587=AXIS2_PLACEMENT_3D('',#2176,#1756,#1757);
#1588=AXIS2_PLACEMENT_3D('',#2177,#1758,#1759);
#1589=AXIS2_PLACEMENT_3D('',#2186,#1764,#1765);
#1590=AXIS2_PLACEMENT_3D('',#2192,#1769,#1770);
#1591=AXIS2_PLACEMENT_3D('',#2198,#1774,#1775);
#1592=AXIS2_PLACEMENT_3D('',#2201,#1778,#1779);
#1593=AXIS2_PLACEMENT_3D('',#2203,#1780,#1781);
#1594=AXIS2_PLACEMENT_3D('',#2206,#1783,#1784);
#1595=AXIS2_PLACEMENT_3D('',#2207,#1785,#1786);
#1596=AXIS2_PLACEMENT_3D('',#2209,#1787,#1788);
#1597=AXIS2_PLACEMENT_3D('',#2212,#1790,#1791);
#1598=AXIS2_PLACEMENT_3D('',#2273,#1792,#1793);
#1599=AXIS2_PLACEMENT_3D('',#2275,#1794,#1795);
#1600=AXIS2_PLACEMENT_3D('',#2282,#1796,#1797);
#1601=AXIS2_PLACEMENT_3D('',#2283,#1798,#1799);
#1602=AXIS2_PLACEMENT_3D('',#2338,#1800,#1801);
#1603=AXIS2_PLACEMENT_3D('',#2344,#1805,#1806);
#1604=AXIS2_PLACEMENT_3D('',#2350,#1810,#1811);
#1605=AXIS2_PLACEMENT_3D('',#2352,#1812,#1813);
#1606=AXIS2_PLACEMENT_3D('',#2369,#1815,#1816);
#1607=AXIS2_PLACEMENT_3D('',#2374,#1819,#1820);
#1608=AXIS2_PLACEMENT_3D('',#2376,#1821,#1822);
#1609=AXIS2_PLACEMENT_3D('',#2378,#1823,#1824);
#1610=AXIS2_PLACEMENT_3D('',#2379,#1825,#1826);
#1611=AXIS2_PLACEMENT_3D('',#2381,#1827,#1828);
#1612=AXIS2_PLACEMENT_3D('',#2384,#1830,#1831);
#1613=AXIS2_PLACEMENT_3D('',#2385,#1832,#1833);
#1614=AXIS2_PLACEMENT_3D('',#2387,#1834,#1835);
#1615=AXIS2_PLACEMENT_3D('',#2449,#1837,#1838);
#1616=AXIS2_PLACEMENT_3D('',#2451,#1839,#1840);
#1617=AXIS2_PLACEMENT_3D('',#2458,#1841,#1842);
#1618=AXIS2_PLACEMENT_3D('',#2459,#1843,#1844);
#1619=AXIS2_PLACEMENT_3D('',#2514,#1845,#1846);
#1620=AXIS2_PLACEMENT_3D('',#2517,#1849,#1850);
#1621=AXIS2_PLACEMENT_3D('',#2523,#1854,#1855);
#1622=AXIS2_PLACEMENT_3D('',#2528,#1858,#1859);
#1623=AXIS2_PLACEMENT_3D('',#2530,#1860,#1861);
#1624=AXIS2_PLACEMENT_3D('',#2531,#1862,#1863);
#1625=AXIS2_PLACEMENT_3D('',#2533,#1864,#1865);
#1626=AXIS2_PLACEMENT_3D('',#2563,#1866,#1867);
#1627=AXIS2_PLACEMENT_3D('',#2588,#1868,#1869);
#1628=AXIS2_PLACEMENT_3D('',#2591,#1871,#1872);
#1629=AXIS2_PLACEMENT_3D('',#2652,#1873,#1874);
#1630=AXIS2_PLACEMENT_3D('',#2654,#1875,#1876);
#1631=AXIS2_PLACEMENT_3D('',#2661,#1877,#1878);
#1632=AXIS2_PLACEMENT_3D('',#2662,#1879,#1880);
#1633=AXIS2_PLACEMENT_3D('',#2717,#1881,#1882);
#1634=AXIS2_PLACEMENT_3D('',#2720,#1885,#1886);
#1635=AXIS2_PLACEMENT_3D('',#2726,#1890,#1891);
#1636=AXIS2_PLACEMENT_3D('',#2731,#1894,#1895);
#1637=AXIS2_PLACEMENT_3D('',#2732,#1896,#1897);
#1638=AXIS2_PLACEMENT_3D('',#2734,#1898,#1899);
#1639=AXIS2_PLACEMENT_3D('',#2735,#1900,#1901);
#1640=AXIS2_PLACEMENT_3D('',#2737,#1902,#1903);
#1641=AXIS2_PLACEMENT_3D('',#2739,#1904,#1905);
#1642=AXIS2_PLACEMENT_3D('',#2786,#1906,#1907);
#1643=AXIS2_PLACEMENT_3D('',#2788,#1908,#1909);
#1644=AXIS2_PLACEMENT_3D('',#2790,#1910,#1911);
#1645=AXIS2_PLACEMENT_3D('',#2796,#1912,#1913);
#1646=AXIS2_PLACEMENT_3D('',#2851,#1914,#1915);
#1647=AXIS2_PLACEMENT_3D('',#2857,#1919,#1920);
#1648=AXIS2_PLACEMENT_3D('',#2859,#1922,#1923);
#1649=AXIS2_PLACEMENT_3D('',#2861,#1924,#1925);
#1650=AXIS2_PLACEMENT_3D('',#2863,#1927,#1928);
#1651=AXIS2_PLACEMENT_3D('',#2865,#1929,#1930);
#1652=AXIS2_PLACEMENT_3D('',#2867,#1932,#1933);
#1653=AXIS2_PLACEMENT_3D('',#2871,#1936,#1937);
#1654=AXIS2_PLACEMENT_3D('',#2873,#1938,#1939);
#1655=AXIS2_PLACEMENT_3D('',#2875,#1940,#1941);
#1656=AXIS2_PLACEMENT_3D('',#2876,#1942,#1943);
#1657=AXIS2_PLACEMENT_3D('',#2879,#1944,#1945);
#1658=AXIS2_PLACEMENT_3D('',#2882,#1947,#1948);
#1659=AXIS2_PLACEMENT_3D('',#2883,#1949,#1950);
#1660=AXIS2_PLACEMENT_3D('',#2885,#1951,#1952);
#1661=AXIS2_PLACEMENT_3D('',#2886,#1953,#1954);
#1662=AXIS2_PLACEMENT_3D('',#2887,#1955,#1956);
#1663=AXIS2_PLACEMENT_3D('',#2889,#1957,#1958);
#1664=AXIS2_PLACEMENT_3D('',#2927,#1960,#1961);
#1665=AXIS2_PLACEMENT_3D('',#2929,#1962,#1963);
#1666=AXIS2_PLACEMENT_3D('',#2950,#1965,#1966);
#1667=AXIS2_PLACEMENT_3D('',#2953,#1968,#1969);
#1668=AXIS2_PLACEMENT_3D('',#2955,#1970,#1971);
#1669=AXIS2_PLACEMENT_3D('',#2975,#1972,#1973);
#1670=AXIS2_PLACEMENT_3D('',#2977,#1974,#1975);
#1671=AXIS2_PLACEMENT_3D('',#3016,#1976,#1977);
#1672=AXIS2_PLACEMENT_3D('',#3018,#1978,#1979);
#1673=AXIS2_PLACEMENT_3D('',#3057,#1980,#1981);
#1674=AXIS2_PLACEMENT_3D('',#3059,#1982,#1983);
#1675=AXIS2_PLACEMENT_3D('',#3098,#1984,#1985);
#1676=AXIS2_PLACEMENT_3D('',#3100,#1986,#1987);
#1677=AXIS2_PLACEMENT_3D('',#3139,#1988,#1989);
#1678=AXIS2_PLACEMENT_3D('',#3141,#1990,#1991);
#1679=AXIS2_PLACEMENT_3D('',#3178,#1992,#1993);
#1680=AXIS2_PLACEMENT_3D('',#3218,#1994,#1995);
#1681=AXIS2_PLACEMENT_3D('',#3219,#1996,#1997);
#1682=AXIS2_PLACEMENT_3D('',#3222,#1999,#2000);
#1683=AXIS2_PLACEMENT_3D('',#3223,#2001,#2002);
#1684=AXIS2_PLACEMENT_3D('',#3224,#2003,#2004);
#1685=AXIS2_PLACEMENT_3D('',#3225,#2005,#2006);
#1686=AXIS2_PLACEMENT_3D('',#3227,#2007,#2008);
#1687=AXIS2_PLACEMENT_3D('',#3229,#2010,#2011);
#1688=AXIS2_PLACEMENT_3D('',#3232,#2013,#2014);
#1689=AXIS2_PLACEMENT_3D('',#3233,#2015,#2016);
#1690=AXIS2_PLACEMENT_3D('',#3234,#2017,#2018);
#1691=AXIS2_PLACEMENT_3D('',#3235,#2019,#2020);
#1692=AXIS2_PLACEMENT_3D('',#3237,#2021,#2022);
#1693=AXIS2_PLACEMENT_3D('',#3239,#2024,#2025);
#1694=AXIS2_PLACEMENT_3D('',#3242,#2027,#2028);
#1695=AXIS2_PLACEMENT_3D('',#3243,#2029,#2030);
#1696=AXIS2_PLACEMENT_3D('',#3244,#2031,#2032);
#1697=AXIS2_PLACEMENT_3D('',#3245,#2033,#2034);
#1698=AXIS2_PLACEMENT_3D('',#3247,#2035,#2036);
#1699=AXIS2_PLACEMENT_3D('',#3249,#2038,#2039);
#1700=AXIS2_PLACEMENT_3D('',#3252,#2041,#2042);
#1701=AXIS2_PLACEMENT_3D('',#3253,#2043,#2044);
#1702=AXIS2_PLACEMENT_3D('',#3254,#2045,#2046);
#1703=AXIS2_PLACEMENT_3D('',#3255,#2047,#2048);
#1704=AXIS2_PLACEMENT_3D('',#3257,#2049,#2050);
#1705=AXIS2_PLACEMENT_3D('',#3259,#2052,#2053);
#1706=AXIS2_PLACEMENT_3D('',#3262,#2055,#2056);
#1707=AXIS2_PLACEMENT_3D('',#3263,#2057,#2058);
#1708=AXIS2_PLACEMENT_3D('',#3264,#2059,#2060);
#1709=AXIS2_PLACEMENT_3D('',#3265,#2061,#2062);
#1710=AXIS2_PLACEMENT_3D('',#3267,#2063,#2064);
#1711=AXIS2_PLACEMENT_3D('',#3269,#2066,#2067);
#1712=AXIS2_PLACEMENT_3D('',#3272,#2069,#2070);
#1713=AXIS2_PLACEMENT_3D('',#3273,#2071,#2072);
#1714=AXIS2_PLACEMENT_3D('',#3274,#2073,#2074);
#1715=AXIS2_PLACEMENT_3D('',#3275,#2075,#2076);
#1716=AXIS2_PLACEMENT_3D('',#3278,#2078,#2079);
#1717=AXIS2_PLACEMENT_3D('',#3279,#2080,#2081);
#1718=AXIS2_PLACEMENT_3D('',#3280,#2082,#2083);
#1719=AXIS2_PLACEMENT_3D('',#3281,#2084,#2085);
#1720=AXIS2_PLACEMENT_3D('',#3283,#2086,#2087);
#1721=AXIS2_PLACEMENT_3D('',#3285,#2089,#2090);
#1722=AXIS2_PLACEMENT_3D('',#3287,#2091,#2092);
#1723=AXIS2_PLACEMENT_3D('',#3289,#2094,#2095);
#1724=AXIS2_PLACEMENT_3D('',#3290,#2096,#2097);
#1725=AXIS2_PLACEMENT_3D('',#3292,#2099,#2100);
#1726=AXIS2_PLACEMENT_3D('',#3293,#2101,#2102);
#1727=AXIS2_PLACEMENT_3D('',#3295,#2103,#2104);
#1728=AXIS2_PLACEMENT_3D('',#3297,#2106,#2107);
#1729=AXIS2_PLACEMENT_3D('',#3299,#2108,#2109);
#1730=AXIS2_PLACEMENT_3D('',#3301,#2111,#2112);
#1731=AXIS2_PLACEMENT_3D('',#3303,#2113,#2114);
#1732=AXIS2_PLACEMENT_3D('',#3305,#2116,#2117);
#1733=AXIS2_PLACEMENT_3D('',#3307,#2118,#2119);
#1734=AXIS2_PLACEMENT_3D('',#3309,#2121,#2122);
#1735=AXIS2_PLACEMENT_3D('',#3311,#2123,#2124);
#1736=AXIS2_PLACEMENT_3D('',#3313,#2126,#2127);
#1737=AXIS2_PLACEMENT_3D('',#3315,#2128,#2129);
#1738=AXIS2_PLACEMENT_3D('',#3317,#2131,#2132);
#1739=AXIS2_PLACEMENT_3D('',#3319,#2133,#2134);
#1740=AXIS2_PLACEMENT_3D('',#3321,#2136,#2137);
#1741=AXIS2_PLACEMENT_3D('',#3323,#2138,#2139);
#1742=AXIS2_PLACEMENT_3D('',#3325,#2141,#2142);
#1743=AXIS2_PLACEMENT_3D('',#3327,#2143,#2144);
#1744=AXIS2_PLACEMENT_3D('',#3329,#2146,#2147);
#1745=AXIS2_PLACEMENT_3D('',#3335,#2151,#2152);
#1746=AXIS2_PLACEMENT_3D('',#3339,#2155,#2156);
#1747=AXIS2_PLACEMENT_3D('',#3343,#2159,#2160);
#1748=AXIS2_PLACEMENT_3D('',#3345,#2162,#2163);
#1749=AXIS2_PLACEMENT_3D('',#3347,#2164,#2165);
#1750=AXIS2_PLACEMENT_3D('',#3350,#2167,#2168);
#1751=AXIS2_PLACEMENT_3D('',#3351,#2169,#2170);
#1752=AXIS2_PLACEMENT_3D('',#3352,#2171,#2172);
#1753=AXIS2_PLACEMENT_3D('',#3353,#2173,#2174);
#1754=DIRECTION('axis',(0.,0.,1.));
#1755=DIRECTION('refdir',(1.,0.,0.));
#1756=DIRECTION('axis',(0.,0.,1.));
#1757=DIRECTION('refdir',(1.,0.,0.));
#1758=DIRECTION('center_axis',(0.,-1.,0.));
#1759=DIRECTION('ref_axis',(1.,0.,0.));
#1760=DIRECTION('',(1.,0.,0.));
#1761=DIRECTION('',(0.,0.,1.));
#1762=DIRECTION('',(-1.,0.,0.));
#1763=DIRECTION('',(0.,0.,1.));
#1764=DIRECTION('center_axis',(-1.,0.,0.));
#1765=DIRECTION('ref_axis',(0.,-1.,0.));
#1766=DIRECTION('',(0.,-1.,0.));
#1767=DIRECTION('',(0.,0.,1.));
#1768=DIRECTION('',(0.,1.,0.));
#1769=DIRECTION('center_axis',(0.,1.,0.));
#1770=DIRECTION('ref_axis',(-1.,0.,0.));
#1771=DIRECTION('',(-1.,0.,0.));
#1772=DIRECTION('',(0.,0.,1.));
#1773=DIRECTION('',(1.,0.,0.));
#1774=DIRECTION('center_axis',(1.,0.,0.));
#1775=DIRECTION('ref_axis',(0.,1.,0.));
#1776=DIRECTION('',(0.,1.,0.));
#1777=DIRECTION('',(0.,-1.,0.));
#1778=DIRECTION('center_axis',(0.,0.,1.));
#1779=DIRECTION('ref_axis',(-1.,0.,0.));
#1780=DIRECTION('center_axis',(0.,0.,1.));
#1781=DIRECTION('ref_axis',(-1.,0.,0.));
#1782=DIRECTION('',(0.,0.,1.));
#1783=DIRECTION('center_axis',(0.,0.,-1.));
#1784=DIRECTION('ref_axis',(-1.,0.,0.));
#1785=DIRECTION('center_axis',(0.,0.,1.));
#1786=DIRECTION('ref_axis',(-1.,0.,0.));
#1787=DIRECTION('center_axis',(0.,0.,1.));
#1788=DIRECTION('ref_axis',(-1.,0.,0.));
#1789=DIRECTION('',(0.,0.,1.));
#1790=DIRECTION('center_axis',(0.,0.,-1.));
#1791=DIRECTION('ref_axis',(-1.,0.,0.));
#1792=DIRECTION('center_axis',(0.,0.,1.));
#1793=DIRECTION('ref_axis',(-1.83697019872103E-16,-1.,0.));
#1794=DIRECTION('center_axis',(0.,0.,-1.));
#1795=DIRECTION('ref_axis',(-1.,-1.317408110726E-16,0.));
#1796=DIRECTION('center_axis',(0.,0.,1.));
#1797=DIRECTION('ref_axis',(-1.83697019872103E-16,-1.,0.));
#1798=DIRECTION('center_axis',(0.,0.,1.));
#1799=DIRECTION('ref_axis',(-1.83697019872103E-16,-1.,0.));
#1800=DIRECTION('center_axis',(0.965925826289068,0.258819045102521,0.));
#1801=DIRECTION('ref_axis',(0.258819045102521,-0.965925826289068,0.));
#1802=DIRECTION('',(0.,0.,-1.));
#1803=DIRECTION('',(-0.125523603268794,0.468460464948259,-0.874521936719074));
#1804=DIRECTION('',(-0.258819045102521,0.965925826289068,0.));
#1805=DIRECTION('center_axis',(0.965925826289068,-0.258819045102521,0.));
#1806=DIRECTION('ref_axis',(-0.258819045102521,-0.965925826289068,0.));
#1807=DIRECTION('',(-0.258819045102521,-0.965925826289068,0.));
#1808=DIRECTION('',(-0.125523603268794,-0.468460464948259,0.874521936719074));
#1809=DIRECTION('',(0.,0.,1.));
#1810=DIRECTION('center_axis',(0.,0.,1.));
#1811=DIRECTION('ref_axis',(1.,0.,0.));
#1812=DIRECTION('center_axis',(0.,0.,-1.));
#1813=DIRECTION('ref_axis',(1.,0.,0.));
#1814=DIRECTION('',(0.965925826289068,-0.258819045102521,0.));
#1815=DIRECTION('center_axis',(0.,0.,1.));
#1816=DIRECTION('ref_axis',(1.,0.,0.));
#1817=DIRECTION('',(0.,-1.,0.));
#1818=DIRECTION('',(-1.,0.,0.));
#1819=DIRECTION('center_axis',(0.,0.,1.));
#1820=DIRECTION('ref_axis',(1.,0.,0.));
#1821=DIRECTION('center_axis',(0.,0.,1.));
#1822=DIRECTION('ref_axis',(1.,0.,0.));
#1823=DIRECTION('center_axis',(0.,0.,1.));
#1824=DIRECTION('ref_axis',(1.,0.,0.));
#1825=DIRECTION('center_axis',(0.,0.,1.));
#1826=DIRECTION('ref_axis',(-1.,-1.317408110726E-16,0.));
#1827=DIRECTION('center_axis',(0.,0.,-1.));
#1828=DIRECTION('ref_axis',(1.,0.,0.));
#1829=DIRECTION('',(0.468460464948259,0.125523603268794,-0.874521936719074));
#1830=DIRECTION('center_axis',(0.,0.,-1.));
#1831=DIRECTION('ref_axis',(1.,0.,0.));
#1832=DIRECTION('center_axis',(0.,0.,1.));
#1833=DIRECTION('ref_axis',(-1.,-1.317408110726E-16,0.));
#1834=DIRECTION('center_axis',(0.,0.,-1.));
#1835=DIRECTION('ref_axis',(1.,0.,0.));
#1836=DIRECTION('',(0.468460464948259,-0.125523603268794,0.874521936719074));
#1837=DIRECTION('center_axis',(0.,0.,1.));
#1838=DIRECTION('ref_axis',(-1.,1.22464679914735E-16,0.));
#1839=DIRECTION('center_axis',(0.,0.,-1.));
#1840=DIRECTION('ref_axis',(-1.,-1.317408110726E-16,0.));
#1841=DIRECTION('center_axis',(0.,0.,1.));
#1842=DIRECTION('ref_axis',(-1.,1.22464679914735E-16,0.));
#1843=DIRECTION('center_axis',(0.,0.,1.));
#1844=DIRECTION('ref_axis',(-1.,1.22464679914735E-16,0.));
#1845=DIRECTION('center_axis',(0.258819045102521,-0.965925826289068,0.));
#1846=DIRECTION('ref_axis',(-0.965925826289068,-0.258819045102521,0.));
#1847=DIRECTION('',(0.,0.,-1.));
#1848=DIRECTION('',(0.965925826289068,0.258819045102521,0.));
#1849=DIRECTION('center_axis',(-0.258819045102521,-0.965925826289068,0.));
#1850=DIRECTION('ref_axis',(-0.965925826289068,0.258819045102521,0.));
#1851=DIRECTION('',(-0.965925826289068,0.258819045102521,0.));
#1852=DIRECTION('',(-0.468460464948259,0.125523603268794,0.874521936719074));
#1853=DIRECTION('',(0.,0.,1.));
#1854=DIRECTION('center_axis',(0.,0.,1.));
#1855=DIRECTION('ref_axis',(1.,0.,0.));
#1856=DIRECTION('',(-1.,0.,0.));
#1857=DIRECTION('',(0.,1.,0.));
#1858=DIRECTION('center_axis',(0.,0.,1.));
#1859=DIRECTION('ref_axis',(1.,0.,0.));
#1860=DIRECTION('center_axis',(0.,0.,1.));
#1861=DIRECTION('ref_axis',(1.,0.,0.));
#1862=DIRECTION('center_axis',(0.,0.,1.));
#1863=DIRECTION('ref_axis',(-1.,-1.317408110726E-16,0.));
#1864=DIRECTION('center_axis',(0.,0.,-1.));
#1865=DIRECTION('ref_axis',(1.,0.,0.));
#1866=DIRECTION('center_axis',(0.,0.,-1.));
#1867=DIRECTION('ref_axis',(1.,0.,0.));
#1868=DIRECTION('center_axis',(0.,0.,-1.));
#1869=DIRECTION('ref_axis',(1.,0.,0.));
#1870=DIRECTION('',(0.125523603268794,-0.468460464948259,-0.874521936719074));
#1871=DIRECTION('center_axis',(0.,0.,-1.));
#1872=DIRECTION('ref_axis',(1.,0.,0.));
#1873=DIRECTION('center_axis',(0.,0.,1.));
#1874=DIRECTION('ref_axis',(6.12323399573677E-17,1.,0.));
#1875=DIRECTION('center_axis',(0.,0.,-1.));
#1876=DIRECTION('ref_axis',(-1.,-1.317408110726E-16,0.));
#1877=DIRECTION('center_axis',(0.,0.,1.));
#1878=DIRECTION('ref_axis',(6.12323399573677E-17,1.,0.));
#1879=DIRECTION('center_axis',(0.,0.,1.));
#1880=DIRECTION('ref_axis',(6.12323399573677E-17,1.,0.));
#1881=DIRECTION('center_axis',(-0.965925826289068,-0.258819045102521,0.));
#1882=DIRECTION('ref_axis',(-0.258819045102521,0.965925826289068,0.));
#1883=DIRECTION('',(0.,0.,-1.));
#1884=DIRECTION('',(0.258819045102521,-0.965925826289068,0.));
#1885=DIRECTION('center_axis',(-0.965925826289068,0.258819045102521,0.));
#1886=DIRECTION('ref_axis',(0.258819045102521,0.965925826289068,0.));
#1887=DIRECTION('',(0.258819045102521,0.965925826289068,0.));
#1888=DIRECTION('',(0.125523603268794,0.468460464948259,0.874521936719074));
#1889=DIRECTION('',(0.,0.,1.));
#1890=DIRECTION('center_axis',(0.,0.,1.));
#1891=DIRECTION('ref_axis',(1.,0.,0.));
#1892=DIRECTION('',(0.,1.,0.));
#1893=DIRECTION('',(1.,0.,0.));
#1894=DIRECTION('center_axis',(0.,0.,1.));
#1895=DIRECTION('ref_axis',(1.,0.,0.));
#1896=DIRECTION('center_axis',(0.,0.,1.));
#1897=DIRECTION('ref_axis',(1.,0.,0.));
#1898=DIRECTION('center_axis',(0.,0.,1.));
#1899=DIRECTION('ref_axis',(1.,0.,0.));
#1900=DIRECTION('center_axis',(0.,0.,1.));
#1901=DIRECTION('ref_axis',(1.,0.,0.));
#1902=DIRECTION('center_axis',(0.,0.,1.));
#1903=DIRECTION('ref_axis',(1.,0.,0.));
#1904=DIRECTION('center_axis',(0.,0.,1.));
#1905=DIRECTION('ref_axis',(1.,0.,0.));
#1906=DIRECTION('center_axis',(0.,0.,1.));
#1907=DIRECTION('ref_axis',(1.,0.,0.));
#1908=DIRECTION('center_axis',(0.,0.,-1.));
#1909=DIRECTION('ref_axis',(-1.,-1.317408110726E-16,0.));
#1910=DIRECTION('center_axis',(0.,0.,-1.));
#1911=DIRECTION('ref_axis',(-1.,-1.317408110726E-16,0.));
#1912=DIRECTION('center_axis',(0.,0.,1.));
#1913=DIRECTION('ref_axis',(1.,0.,0.));
#1914=DIRECTION('center_axis',(-0.258819045102521,0.965925826289068,0.));
#1915=DIRECTION('ref_axis',(0.965925826289068,0.258819045102521,0.));
#1916=DIRECTION('',(0.,0.,-1.));
#1917=DIRECTION('',(-0.468460464948259,-0.125523603268794,-0.874521936719074));
#1918=DIRECTION('',(-0.965925826289068,-0.258819045102521,0.));
#1919=DIRECTION('center_axis',(0.258819045102521,0.965925826289068,0.));
#1920=DIRECTION('ref_axis',(0.965925826289068,-0.258819045102521,0.));
#1921=DIRECTION('',(0.,0.,1.));
#1922=DIRECTION('center_axis',(0.,0.,-1.));
#1923=DIRECTION('ref_axis',(1.,0.,0.));
#1924=DIRECTION('center_axis',(0.,0.,-1.));
#1925=DIRECTION('ref_axis',(1.,0.,0.));
#1926=DIRECTION('',(0.,0.,-1.));
#1927=DIRECTION('center_axis',(0.,0.,-1.));
#1928=DIRECTION('ref_axis',(1.,0.,0.));
#1929=DIRECTION('center_axis',(0.,0.,-1.));
#1930=DIRECTION('ref_axis',(1.,0.,0.));
#1931=DIRECTION('',(0.,0.,-1.));
#1932=DIRECTION('center_axis',(0.,0.,1.));
#1933=DIRECTION('ref_axis',(1.,0.,0.));
#1934=DIRECTION('',(1.,0.,0.));
#1935=DIRECTION('',(0.,-1.,0.));
#1936=DIRECTION('center_axis',(0.,0.,-1.));
#1937=DIRECTION('ref_axis',(1.,0.,0.));
#1938=DIRECTION('center_axis',(0.,0.,1.));
#1939=DIRECTION('ref_axis',(1.,0.,0.));
#1940=DIRECTION('center_axis',(0.,0.,1.));
#1941=DIRECTION('ref_axis',(1.,0.,0.));
#1942=DIRECTION('center_axis',(0.499999999999999,-0.499999999999999,-0.707106781186549));
#1943=DIRECTION('ref_axis',(0.500000000000001,-0.500000000000001,0.707106781186546));
#1944=DIRECTION('center_axis',(-0.499999999999999,0.499999999999999,0.707106781186549));
#1945=DIRECTION('ref_axis',(0.500000000000001,-0.500000000000001,0.707106781186546));
#1946=DIRECTION('',(-0.707106781186548,-0.707106781186547,0.));
#1947=DIRECTION('center_axis',(0.499999999999999,-0.499999999999999,-0.707106781186549));
#1948=DIRECTION('ref_axis',(-0.500000000000001,0.500000000000001,-0.707106781186546));
#1949=DIRECTION('center_axis',(-0.499999999999999,0.499999999999999,-0.707106781186549));
#1950=DIRECTION('ref_axis',(0.500000000000001,-0.500000000000001,-0.707106781186546));
#1951=DIRECTION('center_axis',(0.499999999999999,-0.499999999999999,0.707106781186549));
#1952=DIRECTION('ref_axis',(-0.500000000000002,0.500000000000001,0.707106781186546));
#1953=DIRECTION('center_axis',(-0.499999999999999,0.499999999999999,-0.707106781186549));
#1954=DIRECTION('ref_axis',(-0.500000000000001,0.500000000000001,0.707106781186546));
#1955=DIRECTION('center_axis',(0.,0.,1.));
#1956=DIRECTION('ref_axis',(-1.,0.,0.));
#1957=DIRECTION('center_axis',(0.,0.,1.));
#1958=DIRECTION('ref_axis',(-1.,0.,0.));
#1959=DIRECTION('',(0.,0.,1.));
#1960=DIRECTION('center_axis',(0.,0.,-1.));
#1961=DIRECTION('ref_axis',(-1.,-1.317408110726E-16,0.));
#1962=DIRECTION('center_axis',(0.,0.,-1.));
#1963=DIRECTION('ref_axis',(1.,0.,0.));
#1964=DIRECTION('',(0.536949623889008,4.98081513636051E-18,-0.843614308440447));
#1965=DIRECTION('center_axis',(-1.29893408435324E-16,-0.707106781186546,
0.707106781186549));
#1966=DIRECTION('ref_axis',(-2.009097099895E-16,0.707106781186549,0.707106781186546));
#1967=DIRECTION('',(0.536949623889008,4.98081513636051E-18,-0.843614308440447));
#1968=DIRECTION('center_axis',(0.,0.,-1.));
#1969=DIRECTION('ref_axis',(1.,0.,0.));
#1970=DIRECTION('center_axis',(1.29893408435324E-16,0.707106781186546,0.707106781186549));
#1971=DIRECTION('ref_axis',(-8.61041614241208E-16,-0.707106781186549,0.707106781186546));
#1972=DIRECTION('center_axis',(0.499999999999999,0.499999999999999,0.707106781186549));
#1973=DIRECTION('ref_axis',(-0.500000000000001,-0.500000000000002,0.707106781186546));
#1974=DIRECTION('center_axis',(-0.499999999999999,-0.499999999999999,0.707106781186549));
#1975=DIRECTION('ref_axis',(-0.500000000000001,-0.500000000000002,-0.707106781186546));
#1976=DIRECTION('center_axis',(-0.499999999999999,0.499999999999999,0.707106781186549));
#1977=DIRECTION('ref_axis',(0.500000000000006,-0.499999999999997,0.707106781186545));
#1978=DIRECTION('center_axis',(0.499999999999999,-0.499999999999999,0.707106781186549));
#1979=DIRECTION('ref_axis',(0.500000000000001,-0.500000000000001,-0.707106781186546));
#1980=DIRECTION('center_axis',(-0.499999999999999,-0.499999999999999,0.707106781186549));
#1981=DIRECTION('ref_axis',(0.5,0.500000000000002,0.707106781186546));
#1982=DIRECTION('center_axis',(0.499999999999999,0.499999999999999,0.707106781186549));
#1983=DIRECTION('ref_axis',(0.5,0.500000000000002,-0.707106781186546));
#1984=DIRECTION('center_axis',(-0.707106781186546,8.65956056235491E-17,
0.707106781186549));
#1985=DIRECTION('ref_axis',(-0.707106781186549,1.14805548565429E-16,-0.707106781186546));
#1986=DIRECTION('center_axis',(0.707106781186546,-8.65956056235491E-17,
0.707106781186549));
#1987=DIRECTION('ref_axis',(-0.707106781186549,6.02729129968845E-16,0.707106781186546));
#1988=DIRECTION('center_axis',(4.32978028117746E-17,0.707106781186546,0.707106781186549));
#1989=DIRECTION('ref_axis',(5.1662496854443E-16,-0.707106781186549,0.707106781186546));
#1990=DIRECTION('center_axis',(-4.32978028117746E-17,-0.707106781186546,
0.707106781186549));
#1991=DIRECTION('ref_axis',(2.23870819702714E-15,-0.707106781186549,-0.707106781186546));
#1992=DIRECTION('center_axis',(0.707106781186546,0.,-0.707106781186549));
#1993=DIRECTION('ref_axis',(-0.707106781186549,-5.16624968544725E-16,-0.707106781186546));
#1994=DIRECTION('center_axis',(-0.707106781186546,0.,-0.707106781186549));
#1995=DIRECTION('ref_axis',(0.707106781186549,-1.4063679699265E-15,-0.707106781186546));
#1996=DIRECTION('center_axis',(-1.29893408435324E-16,-0.707106781186546,
-0.707106781186549));
#1997=DIRECTION('ref_axis',(-1.29893408435324E-16,-0.707106781186549,0.707106781186546));
#1998=DIRECTION('',(-1.,1.83697019872103E-16,0.));
#1999=DIRECTION('center_axis',(-1.29893408435324E-16,-0.707106781186546,
-0.707106781186549));
#2000=DIRECTION('ref_axis',(0.,-0.707106781186549,0.707106781186546));
#2001=DIRECTION('center_axis',(1.29893408435324E-16,0.707106781186546,-0.707106781186549));
#2002=DIRECTION('ref_axis',(-1.29893408435324E-16,-0.707106781186549,-0.707106781186546));
#2003=DIRECTION('center_axis',(1.29893408435324E-16,0.707106781186546,-0.707106781186549));
#2004=DIRECTION('ref_axis',(0.,-0.707106781186549,-0.707106781186546));
#2005=DIRECTION('center_axis',(0.,0.,1.));
#2006=DIRECTION('ref_axis',(-1.,0.,0.));
#2007=DIRECTION('center_axis',(0.,0.,1.));
#2008=DIRECTION('ref_axis',(-1.,0.,0.));
#2009=DIRECTION('',(0.,0.,1.));
#2010=DIRECTION('center_axis',(-0.499999999999999,-0.499999999999999,-0.707106781186549));
#2011=DIRECTION('ref_axis',(-0.500000000000001,-0.500000000000001,0.707106781186546));
#2012=DIRECTION('',(-0.707106781186547,0.707106781186548,0.));
#2013=DIRECTION('center_axis',(-0.499999999999999,-0.499999999999999,-0.707106781186549));
#2014=DIRECTION('ref_axis',(-0.500000000000001,-0.500000000000001,0.707106781186546));
#2015=DIRECTION('center_axis',(0.499999999999999,0.499999999999999,-0.707106781186549));
#2016=DIRECTION('ref_axis',(-0.500000000000001,-0.500000000000001,-0.707106781186546));
#2017=DIRECTION('center_axis',(0.499999999999999,0.499999999999999,-0.707106781186549));
#2018=DIRECTION('ref_axis',(-0.500000000000001,-0.500000000000001,-0.707106781186546));
#2019=DIRECTION('center_axis',(0.,0.,1.));
#2020=DIRECTION('ref_axis',(-1.,0.,0.));
#2021=DIRECTION('center_axis',(0.,0.,1.));
#2022=DIRECTION('ref_axis',(-1.,0.,0.));
#2023=DIRECTION('',(0.,0.,1.));
#2024=DIRECTION('center_axis',(-0.707106781186546,8.65956056235491E-17,
-0.707106781186549));
#2025=DIRECTION('ref_axis',(-0.707106781186549,8.65956056235495E-17,0.707106781186546));
#2026=DIRECTION('',(1.22464679914735E-16,1.,0.));
#2027=DIRECTION('center_axis',(-0.707106781186546,8.65956056235491E-17,
-0.707106781186549));
#2028=DIRECTION('ref_axis',(-0.707106781186549,0.,0.707106781186546));
#2029=DIRECTION('center_axis',(0.707106781186546,-8.65956056235491E-17,
-0.707106781186549));
#2030=DIRECTION('ref_axis',(-0.707106781186549,8.65956056235495E-17,-0.707106781186546));
#2031=DIRECTION('center_axis',(0.707106781186546,-8.65956056235491E-17,
-0.707106781186549));
#2032=DIRECTION('ref_axis',(-0.707106781186549,0.,-0.707106781186546));
#2033=DIRECTION('center_axis',(0.,0.,1.));
#2034=DIRECTION('ref_axis',(-1.,0.,0.));
#2035=DIRECTION('center_axis',(0.,0.,1.));
#2036=DIRECTION('ref_axis',(-1.,0.,0.));
#2037=DIRECTION('',(0.,0.,1.));
#2038=DIRECTION('center_axis',(-0.499999999999999,0.499999999999999,-0.707106781186549));
#2039=DIRECTION('ref_axis',(-0.500000000000001,0.500000000000001,0.707106781186546));
#2040=DIRECTION('',(0.707106781186548,0.707106781186547,0.));
#2041=DIRECTION('center_axis',(-0.499999999999999,0.499999999999999,-0.707106781186549));
#2042=DIRECTION('ref_axis',(-0.500000000000001,0.500000000000001,0.707106781186546));
#2043=DIRECTION('center_axis',(0.499999999999999,-0.499999999999999,-0.707106781186549));
#2044=DIRECTION('ref_axis',(-0.500000000000001,0.500000000000001,-0.707106781186546));
#2045=DIRECTION('center_axis',(0.499999999999999,-0.499999999999999,-0.707106781186549));
#2046=DIRECTION('ref_axis',(-0.500000000000001,0.500000000000001,-0.707106781186546));
#2047=DIRECTION('center_axis',(0.,0.,1.));
#2048=DIRECTION('ref_axis',(-1.,0.,0.));
#2049=DIRECTION('center_axis',(0.,0.,1.));
#2050=DIRECTION('ref_axis',(-1.,0.,0.));
#2051=DIRECTION('',(0.,0.,1.));
#2052=DIRECTION('center_axis',(4.32978028117746E-17,0.707106781186546,-0.707106781186549));
#2053=DIRECTION('ref_axis',(4.32978028117748E-17,0.707106781186549,0.707106781186546));
#2054=DIRECTION('',(1.,-6.12323399573677E-17,0.));
#2055=DIRECTION('center_axis',(4.32978028117746E-17,0.707106781186546,-0.707106781186549));
#2056=DIRECTION('ref_axis',(0.,-0.707106781186549,-0.707106781186546));
#2057=DIRECTION('center_axis',(-4.32978028117746E-17,-0.707106781186546,
-0.707106781186549));
#2058=DIRECTION('ref_axis',(4.32978028117748E-17,0.707106781186549,-0.707106781186546));
#2059=DIRECTION('center_axis',(-4.32978028117746E-17,-0.707106781186546,
-0.707106781186549));
#2060=DIRECTION('ref_axis',(0.,-0.707106781186549,0.707106781186546));
#2061=DIRECTION('center_axis',(0.,0.,1.));
#2062=DIRECTION('ref_axis',(-1.,0.,0.));
#2063=DIRECTION('center_axis',(0.,0.,1.));
#2064=DIRECTION('ref_axis',(-1.,0.,0.));
#2065=DIRECTION('',(0.,0.,1.));
#2066=DIRECTION('center_axis',(0.499999999999999,0.499999999999999,-0.707106781186549));
#2067=DIRECTION('ref_axis',(0.500000000000001,0.500000000000001,0.707106781186546));
#2068=DIRECTION('',(0.707106781186548,-0.707106781186548,0.));
#2069=DIRECTION('center_axis',(0.499999999999999,0.499999999999999,-0.707106781186549));
#2070=DIRECTION('ref_axis',(-0.500000000000001,-0.500000000000001,-0.707106781186546));
#2071=DIRECTION('center_axis',(-0.499999999999999,-0.499999999999999,-0.707106781186549));
#2072=DIRECTION('ref_axis',(0.500000000000001,0.500000000000001,-0.707106781186546));
#2073=DIRECTION('center_axis',(-0.499999999999999,-0.499999999999999,-0.707106781186549));
#2074=DIRECTION('ref_axis',(-0.500000000000001,-0.500000000000001,0.707106781186546));
#2075=DIRECTION('center_axis',(0.707106781186546,0.,-0.707106781186549));
#2076=DIRECTION('ref_axis',(0.707106781186549,0.,0.707106781186546));
#2077=DIRECTION('',(0.,-1.,0.));
#2078=DIRECTION('center_axis',(-0.707106781186546,0.,0.707106781186549));
#2079=DIRECTION('ref_axis',(-0.707106781186549,0.,-0.707106781186546));
#2080=DIRECTION('center_axis',(-0.707106781186546,0.,-0.707106781186549));
#2081=DIRECTION('ref_axis',(0.707106781186549,0.,-0.707106781186546));
#2082=DIRECTION('center_axis',(0.707106781186546,0.,0.707106781186549));
#2083=DIRECTION('ref_axis',(-0.707106781186549,0.,0.707106781186546));
#2084=DIRECTION('center_axis',(0.,0.,1.));
#2085=DIRECTION('ref_axis',(-1.,0.,0.));
#2086=DIRECTION('center_axis',(0.,0.,1.));
#2087=DIRECTION('ref_axis',(-1.,0.,0.));
#2088=DIRECTION('',(0.,0.,1.));
#2089=DIRECTION('center_axis',(0.,0.,1.));
#2090=DIRECTION('ref_axis',(-1.,0.,0.));
#2091=DIRECTION('center_axis',(0.,0.,1.));
#2092=DIRECTION('ref_axis',(-1.,0.,0.));
#2093=DIRECTION('',(0.,0.,1.));
#2094=DIRECTION('center_axis',(0.,0.,-1.));
#2095=DIRECTION('ref_axis',(-1.,-1.317408110726E-16,0.));
#2096=DIRECTION('center_axis',(0.,0.,-1.));
#2097=DIRECTION('ref_axis',(1.,0.,0.));
#2098=DIRECTION('',(0.,0.,-1.));
#2099=DIRECTION('center_axis',(0.,0.,1.));
#2100=DIRECTION('ref_axis',(-1.,-1.317408110726E-16,0.));
#2101=DIRECTION('center_axis',(0.,0.,-1.));
#2102=DIRECTION('ref_axis',(1.,0.,0.));
#2103=DIRECTION('center_axis',(0.,0.,-1.));
#2104=DIRECTION('ref_axis',(1.,0.,0.));
#2105=DIRECTION('',(0.,0.,-1.));
#2106=DIRECTION('center_axis',(0.,0.,-1.));
#2107=DIRECTION('ref_axis',(1.,0.,0.));
#2108=DIRECTION('center_axis',(0.,0.,-1.));
#2109=DIRECTION('ref_axis',(1.,0.,0.));
#2110=DIRECTION('',(0.,0.,-1.));
#2111=DIRECTION('center_axis',(0.,0.,-1.));
#2112=DIRECTION('ref_axis',(1.,0.,0.));
#2113=DIRECTION('center_axis',(0.,0.,-1.));
#2114=DIRECTION('ref_axis',(1.,0.,0.));
#2115=DIRECTION('',(0.,0.,-1.));
#2116=DIRECTION('center_axis',(0.,0.,-1.));
#2117=DIRECTION('ref_axis',(1.,0.,0.));
#2118=DIRECTION('center_axis',(0.,0.,-1.));
#2119=DIRECTION('ref_axis',(1.,0.,0.));
#2120=DIRECTION('',(0.,0.,-1.));
#2121=DIRECTION('center_axis',(0.,0.,-1.));
#2122=DIRECTION('ref_axis',(1.,0.,0.));
#2123=DIRECTION('center_axis',(0.,0.,-1.));
#2124=DIRECTION('ref_axis',(1.,0.,0.));
#2125=DIRECTION('',(0.,0.,-1.));
#2126=DIRECTION('center_axis',(0.,0.,-1.));
#2127=DIRECTION('ref_axis',(1.,0.,0.));
#2128=DIRECTION('center_axis',(0.,0.,-1.));
#2129=DIRECTION('ref_axis',(1.,0.,0.));
#2130=DIRECTION('',(0.,0.,-1.));
#2131=DIRECTION('center_axis',(0.,0.,-1.));
#2132=DIRECTION('ref_axis',(1.,0.,0.));
#2133=DIRECTION('center_axis',(0.,0.,-1.));
#2134=DIRECTION('ref_axis',(1.,0.,0.));
#2135=DIRECTION('',(0.,0.,-1.));
#2136=DIRECTION('center_axis',(0.,0.,-1.));
#2137=DIRECTION('ref_axis',(1.,0.,0.));
#2138=DIRECTION('center_axis',(0.,0.,-1.));
#2139=DIRECTION('ref_axis',(1.,0.,0.));
#2140=DIRECTION('',(0.,0.,-1.));
#2141=DIRECTION('center_axis',(0.,0.,-1.));
#2142=DIRECTION('ref_axis',(1.,0.,0.));
#2143=DIRECTION('center_axis',(0.,0.,-1.));
#2144=DIRECTION('ref_axis',(1.,0.,0.));
#2145=DIRECTION('',(0.,0.,-1.));
#2146=DIRECTION('center_axis',(0.,-1.,0.));
#2147=DIRECTION('ref_axis',(-1.,0.,0.));
#2148=DIRECTION('',(1.,0.,0.));
#2149=DIRECTION('',(0.,0.,-1.));
#2150=DIRECTION('',(0.,0.,-1.));
#2151=DIRECTION('center_axis',(1.,0.,0.));
#2152=DIRECTION('ref_axis',(0.,-1.,0.));
#2153=DIRECTION('',(0.,1.,0.));
#2154=DIRECTION('',(0.,0.,-1.));
#2155=DIRECTION('center_axis',(0.,1.,0.));
#2156=DIRECTION('ref_axis',(1.,0.,0.));
#2157=DIRECTION('',(-1.,0.,0.));
#2158=DIRECTION('',(0.,0.,-1.));
#2159=DIRECTION('center_axis',(-1.,0.,0.));
#2160=DIRECTION('ref_axis',(0.,1.,0.));
#2161=DIRECTION('',(0.,-1.,0.));
#2162=DIRECTION('center_axis',(0.,0.,-1.));
#2163=DIRECTION('ref_axis',(1.,0.,0.));
#2164=DIRECTION('center_axis',(0.,0.,-1.));
#2165=DIRECTION('ref_axis',(1.,0.,0.));
#2166=DIRECTION('',(0.,0.,-1.));
#2167=DIRECTION('center_axis',(0.,0.,1.));
#2168=DIRECTION('ref_axis',(1.,0.,0.));
#2169=DIRECTION('center_axis',(0.,0.,1.));
#2170=DIRECTION('ref_axis',(1.,0.,0.));
#2171=DIRECTION('center_axis',(0.,0.,1.));
#2172=DIRECTION('ref_axis',(1.,0.,0.));
#2173=DIRECTION('',(0.,0.,1.));
#2174=DIRECTION('',(1.,0.,0.));
#2175=CARTESIAN_POINT('',(0.,0.,0.));
#2176=CARTESIAN_POINT('',(0.,0.,0.));
#2177=CARTESIAN_POINT('Origin',(-156.918206327439,227.552426320624,-5.));
#2178=CARTESIAN_POINT('',(-156.918206327439,227.552426320624,-5.));
#2179=CARTESIAN_POINT('',(-143.668206327439,227.552426320624,-5.));
#2180=CARTESIAN_POINT('',(-78.4591031637193,227.552426320624,-5.));
#2181=CARTESIAN_POINT('',(-156.918206327439,227.552426320624,0.));
#2182=CARTESIAN_POINT('',(-156.918206327439,227.552426320624,-5.));
#2183=CARTESIAN_POINT('',(-143.668206327439,227.552426320624,0.));
#2184=CARTESIAN_POINT('',(-78.4591031637193,227.552426320624,0.));
#2185=CARTESIAN_POINT('',(-143.668206327439,227.552426320624,-5.));
#2186=CARTESIAN_POINT('Origin',(-156.918206327439,249.552426320624,-5.));
#2187=CARTESIAN_POINT('',(-156.918206327439,249.552426320624,-5.));
#2188=CARTESIAN_POINT('',(-156.918206327439,124.776213160312,-5.));
#2189=CARTESIAN_POINT('',(-156.918206327439,249.552426320624,0.));
#2190=CARTESIAN_POINT('',(-156.918206327439,249.552426320624,-5.));
#2191=CARTESIAN_POINT('',(-156.918206327439,124.776213160312,0.));
#2192=CARTESIAN_POINT('Origin',(-143.668206327439,249.552426320624,-5.));
#2193=CARTESIAN_POINT('',(-143.668206327439,249.552426320624,-5.));
#2194=CARTESIAN_POINT('',(-71.8341031637193,249.552426320624,-5.));
#2195=CARTESIAN_POINT('',(-143.668206327439,249.552426320624,0.));
#2196=CARTESIAN_POINT('',(-143.668206327439,249.552426320624,-5.));
#2197=CARTESIAN_POINT('',(-71.8341031637193,249.552426320624,0.));
#2198=CARTESIAN_POINT('Origin',(-143.668206327439,227.552426320624,-5.));
#2199=CARTESIAN_POINT('',(-143.668206327439,113.776213160312,-5.));
#2200=CARTESIAN_POINT('',(-143.668206327439,113.776213160312,0.));
#2201=CARTESIAN_POINT('Origin',(-247.964462935808,176.495053971514,5.));
#2202=CARTESIAN_POINT('',(-246.614462935808,176.495053971514,-5.));
#2203=CARTESIAN_POINT('Origin',(-247.964462935808,176.495053971514,-5.));
#2204=CARTESIAN_POINT('',(-246.614462935808,176.495053971514,0.));
#2205=CARTESIAN_POINT('',(-246.614462935808,176.495053971514,5.));
#2206=CARTESIAN_POINT('Origin',(-247.964462935808,176.495053971514,0.));
#2207=CARTESIAN_POINT('Origin',(-178.88522844824,247.68493771773,5.));
#2208=CARTESIAN_POINT('',(-177.53522844824,247.68493771773,-5.));
#2209=CARTESIAN_POINT('Origin',(-178.88522844824,247.68493771773,-5.));
#2210=CARTESIAN_POINT('',(-177.53522844824,247.68493771773,0.));
#2211=CARTESIAN_POINT('',(-177.53522844824,247.68493771773,5.));
#2212=CARTESIAN_POINT('Origin',(-178.88522844824,247.68493771773,0.));
#2213=CARTESIAN_POINT('Ctrl Pts',(-61.3639264971076,-248.536654288066,-17.1014745063995));
#2214=CARTESIAN_POINT('Ctrl Pts',(-63.0049744000277,-254.656006096565,-13.0670251053939));
#2215=CARTESIAN_POINT('Ctrl Pts',(-64.6459190787255,-260.77535500854,-9.03253394511273));
#2216=CARTESIAN_POINT('Ctrl Pts',(-66.2867807721699,-266.894701752639,-4.99800919859075));
#2217=CARTESIAN_POINT('Ctrl Pts',(-62.0923839021278,-248.345905056553,-17.1082098555882));
#2218=CARTESIAN_POINT('Ctrl Pts',(-63.7332838409666,-254.4651844604,-13.0735904163594));
#2219=CARTESIAN_POINT('Ctrl Pts',(-65.374091848914,-260.58446720403,-9.03894329880053));
#2220=CARTESIAN_POINT('Ctrl Pts',(-67.0148254026117,-266.703751407296,-5.00427155514359));
#2221=CARTESIAN_POINT('Ctrl Pts',(-63.5013039410278,-247.784229289443,-16.8288709545386));
#2222=CARTESIAN_POINT('Ctrl Pts',(-65.1418352871021,-253.903448150694,-12.7940125918633));
#2223=CARTESIAN_POINT('Ctrl Pts',(-66.7823058222504,-260.022674385394,-8.75914502316441));
#2224=CARTESIAN_POINT('Ctrl Pts',(-68.4227203865454,-266.141906466409,-4.72426676897614));
#2225=CARTESIAN_POINT('Ctrl Pts',(-65.3243527821588,-246.366141526704,-15.4187987161635));
#2226=CARTESIAN_POINT('Ctrl Pts',(-66.9642708289636,-252.485502908734,-11.3839210139804));
#2227=CARTESIAN_POINT('Ctrl Pts',(-68.6041710162408,-258.604861504032,-7.34903460711302));
#2228=CARTESIAN_POINT('Ctrl Pts',(-70.2440551484792,-264.724217423061,-3.31413967403181));
#2229=CARTESIAN_POINT('Ctrl Pts',(-65.7067365308936,-245.220879132837,-13.8370191211363));
#2230=CARTESIAN_POINT('Ctrl Pts',(-67.3464677532458,-251.340454923415,-9.80240611931831));
#2231=CARTESIAN_POINT('Ctrl Pts',(-68.9862056174393,-257.460010941604,-5.76776690391297));
#2232=CARTESIAN_POINT('Ctrl Pts',(-70.6259283088857,-263.579552780478,-1.73310075747154));
#2233=CARTESIAN_POINT('Ctrl Pts',(-65.5497026809509,-244.634820826342,-12.8842295913786));
#2234=CARTESIAN_POINT('Ctrl Pts',(-67.1894632239796,-250.754490485172,-8.84978019037301));
#2235=CARTESIAN_POINT('Ctrl Pts',(-68.8292168844518,-256.874134457952,-4.81528903009188));
#2236=CARTESIAN_POINT('Ctrl Pts',(-70.468965009259,-262.993757771348,-0.780764283569899));
#2237=CARTESIAN_POINT('',(-68.7541377680678,-256.593935381019,-4.99999999999999));
#2238=CARTESIAN_POINT('',(-66.2859711031011,-266.891682213729,-5.00000000010383));
#2239=CARTESIAN_POINT('Ctrl Pts',(-68.7541377680678,-256.593935381019,-5.));
#2240=CARTESIAN_POINT('Ctrl Pts',(-69.2513798160665,-258.44966796781,-5.));
#2241=CARTESIAN_POINT('Ctrl Pts',(-69.4280080466224,-260.338726113862,-5.));
#2242=CARTESIAN_POINT('Ctrl Pts',(-69.1488832488025,-263.117274661429,-5.));
#2243=CARTESIAN_POINT('Ctrl Pts',(-68.8902395397933,-264.093044990212,-5.00000000000001));
#2244=CARTESIAN_POINT('Ctrl Pts',(-68.2586533593381,-265.370994293911,-5.00000000000001));
#2245=CARTESIAN_POINT('Ctrl Pts',(-67.9464605116985,-265.830486873498,-4.99999999999814));
#2246=CARTESIAN_POINT('Ctrl Pts',(-67.3651493861629,-266.364087749345,-4.99999999999814));
#2247=CARTESIAN_POINT('Ctrl Pts',(-67.1658246724729,-266.51079441518,-5.));
#2248=CARTESIAN_POINT('Ctrl Pts',(-66.7396726031238,-266.746059925075,-5.));
#2249=CARTESIAN_POINT('Ctrl Pts',(-66.5182233044234,-266.833999401903,-5.));
#2250=CARTESIAN_POINT('Ctrl Pts',(-66.2859711031237,-266.891682213807,-5.));
#2251=CARTESIAN_POINT('',(-66.2576755462049,-247.277011529851,-11.142337057467));
#2252=CARTESIAN_POINT('Ctrl Pts',(-68.7541377730348,-256.593935399556,-5.00000003014571));
#2253=CARTESIAN_POINT('Ctrl Pts',(-67.9219853031982,-253.488300102482,-7.0474554486905));
#2254=CARTESIAN_POINT('Ctrl Pts',(-67.0898312867695,-250.382659033448,-9.09490148358086));
#2255=CARTESIAN_POINT('Ctrl Pts',(-66.2576755477106,-247.27701153547,-11.1423370666048));
#2256=CARTESIAN_POINT('',(-61.3639264971204,-248.536654288131,-17.101474506504));
#2257=CARTESIAN_POINT('Ctrl Pts',(-61.3639264971788,-248.536654288354,-17.1014745062102));
#2258=CARTESIAN_POINT('Ctrl Pts',(-61.9078195073611,-248.402366608355,-17.1014745062109));
#2259=CARTESIAN_POINT('Ctrl Pts',(-62.4422026880353,-248.268487230475,-16.99114643013));
#2260=CARTESIAN_POINT('Ctrl Pts',(-63.4910189918646,-248.002432167132,-16.5553460908991));
#2261=CARTESIAN_POINT('Ctrl Pts',(-63.9849207558743,-247.875222393356,-16.2199251747572));
#2262=CARTESIAN_POINT('Ctrl Pts',(-64.9122668434409,-247.634132041368,-15.3212715254884));
#2263=CARTESIAN_POINT('Ctrl Pts',(-65.314212328938,-247.528077841553,-14.7381460924843));
#2264=CARTESIAN_POINT('Ctrl Pts',(-65.82658552965,-247.392217725988,-13.6459181822779));
#2265=CARTESIAN_POINT('Ctrl Pts',(-65.986949464579,-247.349418531546,-13.1646454993931));
#2266=CARTESIAN_POINT('Ctrl Pts',(-66.2032773554521,-247.291606794998,-12.169973804292));
#2267=CARTESIAN_POINT('Ctrl Pts',(-66.2576755462454,-247.277011530001,-11.6560213285089));
#2268=CARTESIAN_POINT('Ctrl Pts',(-66.2576755462454,-247.277011530001,-11.142337057268));
#2269=CARTESIAN_POINT('Ctrl Pts',(-61.3639264971076,-248.536654288066,-17.1014745063995));
#2270=CARTESIAN_POINT('Ctrl Pts',(-63.0047044797109,-254.654999582754,-13.0676886934939));
#2271=CARTESIAN_POINT('Ctrl Pts',(-64.645379272046,-260.773341981871,-9.03386113504896));
#2272=CARTESIAN_POINT('Ctrl Pts',(-66.2859711030965,-266.891682213706,-5.00000000006691));
#2273=CARTESIAN_POINT('Origin',(0.,0.,-11.0507372531051));
#2274=CARTESIAN_POINT('',(61.3639264971171,-248.53665428812,-17.1014745065184));
#2275=CARTESIAN_POINT('Origin',(-2.98767587903994E-31,2.43962249451838E-15,
-17.1014745062101));
#2276=CARTESIAN_POINT('',(66.2859711031009,-266.891682213729,-5.00000000010425));
#2277=CARTESIAN_POINT('Ctrl Pts',(66.2859711030963,-266.891682213705,-5.00000000006718));
#2278=CARTESIAN_POINT('Ctrl Pts',(64.6453792720309,-260.773341981866,-9.03386113504677));
#2279=CARTESIAN_POINT('Ctrl Pts',(63.0047044797083,-254.654999582745,-13.0676886935002));
#2280=CARTESIAN_POINT('Ctrl Pts',(61.3639264971037,-248.536654288051,-17.1014745064088));
#2281=CARTESIAN_POINT('',(0.,-275.,-5.));
#2282=CARTESIAN_POINT('Origin',(0.,0.,-5.));
#2283=CARTESIAN_POINT('Origin',(0.,0.,-5.));
#2284=CARTESIAN_POINT('Ctrl Pts',(66.286709082254,-266.894434395887,-4.99818546862038));
#2285=CARTESIAN_POINT('Ctrl Pts',(64.6458712830161,-260.775176770637,-9.03265145748518));
#2286=CARTESIAN_POINT('Ctrl Pts',(63.0049505006746,-254.655916977564,-13.0670838609793));
#2287=CARTESIAN_POINT('Ctrl Pts',(61.3639264971037,-248.536654288051,-17.1014745064088));
#2288=CARTESIAN_POINT('Ctrl Pts',(67.0147537182901,-266.703484053266,-5.00444783157794));
#2289=CARTESIAN_POINT('Ctrl Pts',(65.3740440571917,-260.584288968066,-9.03906081573755));
#2290=CARTESIAN_POINT('Ctrl Pts',(63.7332599437684,-254.465095342454,-13.0736491744211));
#2291=CARTESIAN_POINT('Ctrl Pts',(62.0923839021239,-248.345905056539,-17.1082098555975));
#2292=CARTESIAN_POINT('Ctrl Pts',(68.4226487161511,-266.141639114666,-4.72444305444392));
#2293=CARTESIAN_POINT('Ctrl Pts',(66.7822580404577,-260.022496151068,-8.75926254655024));
#2294=CARTESIAN_POINT('Ctrl Pts',(65.1418113953119,-253.903359033631,-12.7940713534223));
#2295=CARTESIAN_POINT('Ctrl Pts',(63.5013039410639,-247.78422928943,-16.8288709545656));
#2296=CARTESIAN_POINT('Ctrl Pts',(70.2439835013442,-264.723950065899,-3.31431596024968));
#2297=CARTESIAN_POINT('Ctrl Pts',(68.6041232510641,-258.604683265846,-7.34915213104067));
#2298=CARTESIAN_POINT('Ctrl Pts',(66.9642469461492,-252.485413789588,-11.3839797758292));
#2299=CARTESIAN_POINT('Ctrl Pts',(65.3243527822389,-246.366141526685,-15.4187987161986));
#2300=CARTESIAN_POINT('Ctrl Pts',(70.6258566685793,-263.579285415215,-1.73327703363527));
#2301=CARTESIAN_POINT('Ctrl Pts',(68.986157857071,-257.459832697652,-5.76788442064989));
#2302=CARTESIAN_POINT('Ctrl Pts',(67.3464438730682,-251.340365801153,-9.80246487728634));
#2303=CARTESIAN_POINT('Ctrl Pts',(65.7067365308897,-245.220879132823,-13.8370191211456));
#2304=CARTESIAN_POINT('Ctrl Pts',(70.4688933679954,-262.993490402513,-0.780940553599536));
#2305=CARTESIAN_POINT('Ctrl Pts',(68.8291691234459,-256.873956211451,-4.81540654246434));
#2306=CARTESIAN_POINT('Ctrl Pts',(67.189439343375,-250.754401361543,-8.84983894595844));
#2307=CARTESIAN_POINT('Ctrl Pts',(65.549702680947,-244.634820826328,-12.8842295913879));
#2308=CARTESIAN_POINT('',(66.2576755462055,-247.277011529853,-11.1423370574635));
#2309=CARTESIAN_POINT('Ctrl Pts',(66.2576755462453,-247.277011530002,-11.142337057268));
#2310=CARTESIAN_POINT('Ctrl Pts',(66.2576755462453,-247.277011530002,-12.0475492732882));
#2311=CARTESIAN_POINT('Ctrl Pts',(66.0887825231022,-247.322452302306,-12.9536102516014));
#2312=CARTESIAN_POINT('Ctrl Pts',(65.4587071209589,-247.489896272035,-14.5052020096445));
#2313=CARTESIAN_POINT('Ctrl Pts',(65.0419417504194,-247.600185455996,-15.1665491650607));
#2314=CARTESIAN_POINT('Ctrl Pts',(64.081967911436,-247.850144085375,-16.1447946613982));
#2315=CARTESIAN_POINT('Ctrl Pts',(63.5885711994023,-247.977444568958,-16.4981462566053));
#2316=CARTESIAN_POINT('Ctrl Pts',(62.7751382141815,-248.184119485351,-16.8589297635772));
#2317=CARTESIAN_POINT('Ctrl Pts',(62.4992272974975,-248.253765076782,-16.9495868993376));
#2318=CARTESIAN_POINT('Ctrl Pts',(61.9356157287082,-248.394973822593,-17.0708169157759));
#2319=CARTESIAN_POINT('Ctrl Pts',(61.6505153569429,-248.465895237639,-17.1014745062106));
#2320=CARTESIAN_POINT('Ctrl Pts',(61.3639264971785,-248.536654288354,-17.1014745062101));
#2321=CARTESIAN_POINT('',(68.7541377680678,-256.593935381019,-4.99999999999997));
#2322=CARTESIAN_POINT('Ctrl Pts',(66.2576755477113,-247.277011535473,-11.1423370666023));
#2323=CARTESIAN_POINT('Ctrl Pts',(67.0898312867699,-250.382659033449,-9.09490148357848));
#2324=CARTESIAN_POINT('Ctrl Pts',(67.921985303198,-253.488300102482,-7.04745544868744));
#2325=CARTESIAN_POINT('Ctrl Pts',(68.7541377730343,-256.593935399555,-5.00000003014332));
#2326=CARTESIAN_POINT('Ctrl Pts',(66.2859711031236,-266.891682213807,-5.));
#2327=CARTESIAN_POINT('Ctrl Pts',(66.6319527299068,-266.805753240956,-5.));
#2328=CARTESIAN_POINT('Ctrl Pts',(66.9512149189962,-266.653402624756,-5.));
#2329=CARTESIAN_POINT('Ctrl Pts',(67.5849851447337,-266.199897789896,-5.));
#2330=CARTESIAN_POINT('Ctrl Pts',(67.8747497300374,-265.885924430978,-5.00000000000035));
#2331=CARTESIAN_POINT('Ctrl Pts',(68.4782008863541,-265.016539972306,-5.00000000000035));
#2332=CARTESIAN_POINT('Ctrl Pts',(68.7372058811027,-264.411572061374,-5.00000000009785));
#2333=CARTESIAN_POINT('Ctrl Pts',(69.2074282102976,-262.827219936339,-5.00000000009785));
#2334=CARTESIAN_POINT('Ctrl Pts',(69.3440222984139,-261.68750959681,-5.));
#2335=CARTESIAN_POINT('Ctrl Pts',(69.2921964629342,-259.164097571073,-5.));
#2336=CARTESIAN_POINT('Ctrl Pts',(69.0896834448979,-257.846208895209,-5.));
#2337=CARTESIAN_POINT('Ctrl Pts',(68.7541377680677,-256.593935381019,-5.));
#2338=CARTESIAN_POINT('Origin',(68.7164564747192,-256.453306879748,-11.0507372531051));
#2339=CARTESIAN_POINT('',(66.2576755462453,-247.277011530002,-10.3231982703643));
#2340=CARTESIAN_POINT('',(66.2576755462453,-247.277011530002,-27.6626659984828));
#2341=CARTESIAN_POINT('',(67.0217353139364,-250.128521403044,-5.));
#2342=CARTESIAN_POINT('',(66.6397054300908,-248.702766466523,-7.66159913518216));
#2343=CARTESIAN_POINT('',(34.3582282373596,-128.226653439874,-5.));
#2344=CARTESIAN_POINT('Origin',(-68.7164564747193,-256.453306879748,-11.0507372531051));
#2345=CARTESIAN_POINT('',(-67.0217353139364,-250.128521403044,-5.));
#2346=CARTESIAN_POINT('',(-34.3582282373597,-128.226653439874,-5.));
#2347=CARTESIAN_POINT('',(-66.2576755462454,-247.277011530002,-10.3231982703643));
#2348=CARTESIAN_POINT('',(-66.6397054300909,-248.702766466523,-7.66159913518216));
#2349=CARTESIAN_POINT('',(-66.2576755462454,-247.277011530001,-27.6626659984828));
#2350=CARTESIAN_POINT('Origin',(0.,0.,-5.));
#2351=CARTESIAN_POINT('',(250.128521403044,-67.0217353139364,-5.));
#2352=CARTESIAN_POINT('Origin',(-2.98767587903994E-31,2.43962249451838E-15,
-5.));
#2353=CARTESIAN_POINT('',(256.593935381019,-68.7541377680678,-4.99999999999999));
#2354=CARTESIAN_POINT('',(128.226653439874,-34.3582282373596,-5.));
#2355=CARTESIAN_POINT('',(266.891682213729,-66.2859711031011,-5.00000000010383));
#2356=CARTESIAN_POINT('Ctrl Pts',(256.593935381019,-68.7541377680678,-5.));
#2357=CARTESIAN_POINT('Ctrl Pts',(258.44966796781,-69.2513798160665,-5.));
#2358=CARTESIAN_POINT('Ctrl Pts',(260.338726113862,-69.4280080466223,-5.));
#2359=CARTESIAN_POINT('Ctrl Pts',(263.117274661429,-69.1488832488024,-5.));
#2360=CARTESIAN_POINT('Ctrl Pts',(264.093044990212,-68.8902395397934,-5.));
#2361=CARTESIAN_POINT('Ctrl Pts',(265.370994293911,-68.2586533593381,-5.));
#2362=CARTESIAN_POINT('Ctrl Pts',(265.830486873498,-67.9464605116985,-4.99999999999814));
#2363=CARTESIAN_POINT('Ctrl Pts',(266.364087749345,-67.365149386163,-4.99999999999814));
#2364=CARTESIAN_POINT('Ctrl Pts',(266.51079441518,-67.1658246724729,-5.));
#2365=CARTESIAN_POINT('Ctrl Pts',(266.746059925075,-66.7396726031238,-5.));
#2366=CARTESIAN_POINT('Ctrl Pts',(266.833999401903,-66.5182233044233,-5.));
#2367=CARTESIAN_POINT('Ctrl Pts',(266.891682213807,-66.2859711031237,-5.));
#2368=CARTESIAN_POINT('',(275.,0.,-5.));
#2369=CARTESIAN_POINT('Origin',(0.,0.,-5.));
#2370=CARTESIAN_POINT('',(275.,-275.,-5.));
#2371=CARTESIAN_POINT('',(275.,-275.,-5.));
#2372=CARTESIAN_POINT('',(-275.,-275.,-5.));
#2373=CARTESIAN_POINT('',(263.25,-145.,-5.));
#2374=CARTESIAN_POINT('Origin',(265.,-145.,-5.));
#2375=CARTESIAN_POINT('',(263.25,-265.,-5.));
#2376=CARTESIAN_POINT('Origin',(265.,-265.,-5.));
#2377=CARTESIAN_POINT('',(143.25,-265.,-5.));
#2378=CARTESIAN_POINT('Origin',(145.,-265.,-5.));
#2379=CARTESIAN_POINT('Origin',(-2.98767587903994E-31,2.43962249451838E-15,
-7.66159913518216));
#2380=CARTESIAN_POINT('',(-250.128521403044,-67.0217353139364,-5.));
#2381=CARTESIAN_POINT('Origin',(-2.98767587903994E-31,2.43962249451838E-15,
-5.));
#2382=CARTESIAN_POINT('',(-247.277011530002,-66.2576755462453,-10.3231982703643));
#2383=CARTESIAN_POINT('',(-248.702766466523,-66.6397054300908,-7.66159913518216));
#2384=CARTESIAN_POINT('Origin',(-2.98767587903994E-31,2.43962249451838E-15,
-10.3231982703643));
#2385=CARTESIAN_POINT('Origin',(-2.98767587903994E-31,2.43962249451838E-15,
-7.66159913518216));
#2386=CARTESIAN_POINT('',(247.277011530002,-66.2576755462453,-10.3231982703643));
#2387=CARTESIAN_POINT('Origin',(-2.98767587903994E-31,2.43962249451838E-15,
-10.3231982703643));
#2388=CARTESIAN_POINT('',(248.702766466523,-66.6397054300909,-7.66159913518216));
#2389=CARTESIAN_POINT('Ctrl Pts',(-248.536654288066,61.3639264971076,-17.1014745063995));
#2390=CARTESIAN_POINT('Ctrl Pts',(-254.656006096565,63.0049744000277,-13.0670251053939));
#2391=CARTESIAN_POINT('Ctrl Pts',(-260.77535500854,64.6459190787255,-9.03253394511273));
#2392=CARTESIAN_POINT('Ctrl Pts',(-266.894701752639,66.2867807721699,-4.99800919859075));
#2393=CARTESIAN_POINT('Ctrl Pts',(-248.345905056553,62.0923839021278,-17.1082098555882));
#2394=CARTESIAN_POINT('Ctrl Pts',(-254.4651844604,63.7332838409666,-13.0735904163594));
#2395=CARTESIAN_POINT('Ctrl Pts',(-260.58446720403,65.3740918489141,-9.03894329880051));
#2396=CARTESIAN_POINT('Ctrl Pts',(-266.703751407296,67.0148254026117,-5.00427155514358));
#2397=CARTESIAN_POINT('Ctrl Pts',(-247.784229289443,63.5013039410278,-16.8288709545386));
#2398=CARTESIAN_POINT('Ctrl Pts',(-253.903448150695,65.1418352871022,-12.7940125918633));
#2399=CARTESIAN_POINT('Ctrl Pts',(-260.022674385394,66.7823058222505,-8.75914502316441));
#2400=CARTESIAN_POINT('Ctrl Pts',(-266.141906466409,68.4227203865454,-4.72426676897614));
#2401=CARTESIAN_POINT('Ctrl Pts',(-246.366141526704,65.3243527821588,-15.4187987161635));
#2402=CARTESIAN_POINT('Ctrl Pts',(-252.485502908734,66.9642708289636,-11.3839210139804));
#2403=CARTESIAN_POINT('Ctrl Pts',(-258.604861504032,68.6041710162408,-7.34903460711299));
#2404=CARTESIAN_POINT('Ctrl Pts',(-264.724217423061,70.2440551484792,-3.3141396740318));
#2405=CARTESIAN_POINT('Ctrl Pts',(-245.220879132837,65.7067365308936,-13.8370191211363));
#2406=CARTESIAN_POINT('Ctrl Pts',(-251.340454923415,67.3464677532458,-9.80240611931831));
#2407=CARTESIAN_POINT('Ctrl Pts',(-257.460010941604,68.9862056174393,-5.76776690391297));
#2408=CARTESIAN_POINT('Ctrl Pts',(-263.579552780478,70.6259283088857,-1.73310075747154));
#2409=CARTESIAN_POINT('Ctrl Pts',(-244.634820826342,65.5497026809508,-12.8842295913786));
#2410=CARTESIAN_POINT('Ctrl Pts',(-250.754490485172,67.1894632239796,-8.84978019037301));
#2411=CARTESIAN_POINT('Ctrl Pts',(-256.874134457952,68.8292168844518,-4.81528903009187));
#2412=CARTESIAN_POINT('Ctrl Pts',(-262.993757771348,70.468965009259,-0.780764283569899));
#2413=CARTESIAN_POINT('',(-256.593935381019,68.7541377680678,-4.99999999999999));
#2414=CARTESIAN_POINT('',(-266.891682213729,66.2859711031011,-5.00000000010383));
#2415=CARTESIAN_POINT('Ctrl Pts',(-256.593935381019,68.7541377680678,-5.));
#2416=CARTESIAN_POINT('Ctrl Pts',(-258.44966796781,69.2513798160665,-5.));
#2417=CARTESIAN_POINT('Ctrl Pts',(-260.338726113862,69.4280080466224,-5.));
#2418=CARTESIAN_POINT('Ctrl Pts',(-263.117274661431,69.1488832488023,-5.));
#2419=CARTESIAN_POINT('Ctrl Pts',(-264.093044990214,68.8902395397927,-4.99999999999999));
#2420=CARTESIAN_POINT('Ctrl Pts',(-265.370994293911,68.2586533593381,-4.99999999999999));
#2421=CARTESIAN_POINT('Ctrl Pts',(-265.830486873498,67.9464605116985,-4.99999999999814));
#2422=CARTESIAN_POINT('Ctrl Pts',(-266.364087749345,67.365149386163,-4.99999999999814));
#2423=CARTESIAN_POINT('Ctrl Pts',(-266.51079441518,67.1658246724729,-5.));
#2424=CARTESIAN_POINT('Ctrl Pts',(-266.746059925075,66.7396726031238,-5.));
#2425=CARTESIAN_POINT('Ctrl Pts',(-266.833999401903,66.5182233044234,-5.));
#2426=CARTESIAN_POINT('Ctrl Pts',(-266.891682213807,66.2859711031237,-5.));
#2427=CARTESIAN_POINT('',(-247.277011529851,66.2576755462049,-11.142337057467));
#2428=CARTESIAN_POINT('Ctrl Pts',(-256.593935399556,68.7541377730348,-5.0000000301457));
#2429=CARTESIAN_POINT('Ctrl Pts',(-253.488300102482,67.9219853031982,-7.04745544869049));
#2430=CARTESIAN_POINT('Ctrl Pts',(-250.382659033448,67.0898312867695,-9.09490148358086));
#2431=CARTESIAN_POINT('Ctrl Pts',(-247.27701153547,66.2576755477106,-11.1423370666048));
#2432=CARTESIAN_POINT('',(-248.536654288131,61.3639264971204,-17.101474506504));
#2433=CARTESIAN_POINT('Ctrl Pts',(-248.536654288354,61.3639264971788,-17.1014745062102));
#2434=CARTESIAN_POINT('Ctrl Pts',(-248.402366608355,61.9078195073611,-17.1014745062109));
#2435=CARTESIAN_POINT('Ctrl Pts',(-248.268487230475,62.4422026880353,-16.99114643013));
#2436=CARTESIAN_POINT('Ctrl Pts',(-248.002432167132,63.4910189918646,-16.5553460908991));
#2437=CARTESIAN_POINT('Ctrl Pts',(-247.875222393356,63.9849207558743,-16.2199251747572));
#2438=CARTESIAN_POINT('Ctrl Pts',(-247.634132041368,64.9122668434409,-15.3212715254884));
#2439=CARTESIAN_POINT('Ctrl Pts',(-247.528077841553,65.314212328938,-14.7381460924843));
#2440=CARTESIAN_POINT('Ctrl Pts',(-247.392217725988,65.82658552965,-13.6459181822779));
#2441=CARTESIAN_POINT('Ctrl Pts',(-247.349418531546,65.986949464579,-13.1646454993931));
#2442=CARTESIAN_POINT('Ctrl Pts',(-247.291606794998,66.2032773554521,-12.1699738042919));
#2443=CARTESIAN_POINT('Ctrl Pts',(-247.277011530001,66.2576755462453,-11.6560213285087));
#2444=CARTESIAN_POINT('Ctrl Pts',(-247.277011530001,66.2576755462453,-11.142337057268));
#2445=CARTESIAN_POINT('Ctrl Pts',(-248.536654288066,61.3639264971076,-17.1014745063995));
#2446=CARTESIAN_POINT('Ctrl Pts',(-254.654999582754,63.0047044797109,-13.0676886934939));
#2447=CARTESIAN_POINT('Ctrl Pts',(-260.773341981871,64.645379272046,-9.03386113504896));
#2448=CARTESIAN_POINT('Ctrl Pts',(-266.891682213706,66.2859711030965,-5.0000000000669));
#2449=CARTESIAN_POINT('Origin',(0.,0.,-11.0507372531051));
#2450=CARTESIAN_POINT('',(-248.53665428812,-61.3639264971171,-17.1014745065184));
#2451=CARTESIAN_POINT('Origin',(-2.98767587903994E-31,2.43962249451838E-15,
-17.1014745062101));
#2452=CARTESIAN_POINT('',(-266.891682213729,-66.2859711031009,-5.00000000010425));
#2453=CARTESIAN_POINT('Ctrl Pts',(-266.891682213705,-66.2859711030963,-5.00000000006718));
#2454=CARTESIAN_POINT('Ctrl Pts',(-260.773341981866,-64.6453792720308,-9.03386113504681));
#2455=CARTESIAN_POINT('Ctrl Pts',(-254.654999582745,-63.0047044797083,-13.0676886935002));
#2456=CARTESIAN_POINT('Ctrl Pts',(-248.536654288051,-61.3639264971037,-17.1014745064088));
#2457=CARTESIAN_POINT('',(-275.,0.,-5.));
#2458=CARTESIAN_POINT('Origin',(0.,0.,-5.));
#2459=CARTESIAN_POINT('Origin',(0.,0.,-5.));
#2460=CARTESIAN_POINT('Ctrl Pts',(-266.894434395887,-66.286709082254,-4.99818546862039));
#2461=CARTESIAN_POINT('Ctrl Pts',(-260.775176770637,-64.645871283016,-9.03265145748522));
#2462=CARTESIAN_POINT('Ctrl Pts',(-254.655916977564,-63.0049505006746,-13.0670838609793));
#2463=CARTESIAN_POINT('Ctrl Pts',(-248.536654288051,-61.3639264971037,-17.1014745064088));
#2464=CARTESIAN_POINT('Ctrl Pts',(-266.703484053266,-67.01475371829,-5.00444783157795));
#2465=CARTESIAN_POINT('Ctrl Pts',(-260.584288968066,-65.3740440571917,-9.03906081573759));
#2466=CARTESIAN_POINT('Ctrl Pts',(-254.465095342454,-63.7332599437684,-13.0736491744211));
#2467=CARTESIAN_POINT('Ctrl Pts',(-248.345905056539,-62.0923839021239,-17.1082098555975));
#2468=CARTESIAN_POINT('Ctrl Pts',(-266.141639114666,-68.4226487161512,-4.72444305444393));
#2469=CARTESIAN_POINT('Ctrl Pts',(-260.022496151068,-66.7822580404577,-8.75926254655029));
#2470=CARTESIAN_POINT('Ctrl Pts',(-253.903359033631,-65.1418113953119,-12.7940713534223));
#2471=CARTESIAN_POINT('Ctrl Pts',(-247.78422928943,-63.5013039410639,-16.8288709545656));
#2472=CARTESIAN_POINT('Ctrl Pts',(-264.723950065899,-70.2439835013442,-3.31431596024969));
#2473=CARTESIAN_POINT('Ctrl Pts',(-258.604683265846,-68.6041232510641,-7.34915213104071));
#2474=CARTESIAN_POINT('Ctrl Pts',(-252.485413789588,-66.9642469461492,-11.3839797758292));
#2475=CARTESIAN_POINT('Ctrl Pts',(-246.366141526685,-65.3243527822389,-15.4187987161986));
#2476=CARTESIAN_POINT('Ctrl Pts',(-263.579285415215,-70.6258566685793,-1.73327703363527));
#2477=CARTESIAN_POINT('Ctrl Pts',(-257.459832697652,-68.986157857071,-5.76788442064992));
#2478=CARTESIAN_POINT('Ctrl Pts',(-251.340365801153,-67.3464438730682,-9.80246487728634));
#2479=CARTESIAN_POINT('Ctrl Pts',(-245.220879132823,-65.7067365308897,-13.8370191211456));
#2480=CARTESIAN_POINT('Ctrl Pts',(-262.993490402513,-70.4688933679954,-0.780940553599537));
#2481=CARTESIAN_POINT('Ctrl Pts',(-256.873956211451,-68.8291691234459,-4.81540654246437));
#2482=CARTESIAN_POINT('Ctrl Pts',(-250.754401361543,-67.189439343375,-8.84983894595844));
#2483=CARTESIAN_POINT('Ctrl Pts',(-244.634820826328,-65.549702680947,-12.8842295913879));
#2484=CARTESIAN_POINT('',(-247.277011529853,-66.2576755462055,-11.1423370574635));
#2485=CARTESIAN_POINT('Ctrl Pts',(-247.277011530002,-66.2576755462453,-11.142337057268));
#2486=CARTESIAN_POINT('Ctrl Pts',(-247.277011530002,-66.2576755462453,-12.0475492732883));
#2487=CARTESIAN_POINT('Ctrl Pts',(-247.322452302307,-66.0887825231022,-12.9536102516015));
#2488=CARTESIAN_POINT('Ctrl Pts',(-247.489896272035,-65.4587071209589,-14.5052020096444));
#2489=CARTESIAN_POINT('Ctrl Pts',(-247.600185455996,-65.0419417504194,-15.1665491650607));
#2490=CARTESIAN_POINT('Ctrl Pts',(-247.850144085375,-64.0819679114359,-16.1447946613983));
#2491=CARTESIAN_POINT('Ctrl Pts',(-247.977444568958,-63.5885711994023,-16.4981462566053));
#2492=CARTESIAN_POINT('Ctrl Pts',(-248.184119485351,-62.7751382141815,-16.8589297635772));
#2493=CARTESIAN_POINT('Ctrl Pts',(-248.253765076782,-62.4992272974975,-16.9495868993376));
#2494=CARTESIAN_POINT('Ctrl Pts',(-248.394973822593,-61.9356157287083,-17.0708169157759));
#2495=CARTESIAN_POINT('Ctrl Pts',(-248.465895237639,-61.650515356943,-17.1014745062106));
#2496=CARTESIAN_POINT('Ctrl Pts',(-248.536654288354,-61.3639264971785,-17.1014745062101));
#2497=CARTESIAN_POINT('',(-256.593935381019,-68.7541377680678,-4.99999999999997));
#2498=CARTESIAN_POINT('Ctrl Pts',(-247.277011535473,-66.2576755477113,-11.1423370666023));
#2499=CARTESIAN_POINT('Ctrl Pts',(-250.382659033449,-67.0898312867699,-9.09490148357848));
#2500=CARTESIAN_POINT('Ctrl Pts',(-253.488300102482,-67.921985303198,-7.04745544868746));
#2501=CARTESIAN_POINT('Ctrl Pts',(-256.593935399555,-68.7541377730343,-5.00000003014333));
#2502=CARTESIAN_POINT('Ctrl Pts',(-266.891682213807,-66.2859711031236,-5.));
#2503=CARTESIAN_POINT('Ctrl Pts',(-266.805753240956,-66.6319527299069,-5.));
#2504=CARTESIAN_POINT('Ctrl Pts',(-266.653402624756,-66.9512149189962,-5.));
#2505=CARTESIAN_POINT('Ctrl Pts',(-266.199897789896,-67.5849851447337,-5.));
#2506=CARTESIAN_POINT('Ctrl Pts',(-265.885924430978,-67.8747497300373,-5.00000000000035));
#2507=CARTESIAN_POINT('Ctrl Pts',(-265.016539972306,-68.478200886354,-5.00000000000035));
#2508=CARTESIAN_POINT('Ctrl Pts',(-264.411572061374,-68.7372058811027,-5.00000000009785));
#2509=CARTESIAN_POINT('Ctrl Pts',(-262.827219936338,-69.2074282102979,-5.00000000009785));
#2510=CARTESIAN_POINT('Ctrl Pts',(-261.687509596809,-69.3440222984139,-5.));
#2511=CARTESIAN_POINT('Ctrl Pts',(-259.164097571073,-69.2921964629343,-5.));
#2512=CARTESIAN_POINT('Ctrl Pts',(-257.846208895209,-69.0896834448979,-5.));
#2513=CARTESIAN_POINT('Ctrl Pts',(-256.593935381019,-68.7541377680677,-5.));
#2514=CARTESIAN_POINT('Origin',(-256.453306879748,-68.7164564747192,-11.0507372531051));
#2515=CARTESIAN_POINT('',(-247.277011530002,-66.2576755462453,-27.6626659984828));
#2516=CARTESIAN_POINT('',(-128.226653439874,-34.3582282373596,-5.));
#2517=CARTESIAN_POINT('Origin',(-256.453306879748,68.7164564747193,-11.0507372531051));
#2518=CARTESIAN_POINT('',(-250.128521403044,67.0217353139364,-5.));
#2519=CARTESIAN_POINT('',(-128.226653439874,34.3582282373597,-5.));
#2520=CARTESIAN_POINT('',(-247.277011530002,66.2576755462453,-10.3231982703643));
#2521=CARTESIAN_POINT('',(-248.702766466523,66.6397054300909,-7.66159913518216));
#2522=CARTESIAN_POINT('',(-247.277011530001,66.2576755462453,-27.6626659984828));
#2523=CARTESIAN_POINT('Origin',(0.,0.,-5.));
#2524=CARTESIAN_POINT('',(-275.,-275.,-5.));
#2525=CARTESIAN_POINT('',(-275.,-275.,-5.));
#2526=CARTESIAN_POINT('',(-275.,275.,-5.));
#2527=CARTESIAN_POINT('',(-146.75,-265.,-5.));
#2528=CARTESIAN_POINT('Origin',(-145.,-265.,-5.));
#2529=CARTESIAN_POINT('',(-266.75,-145.,-5.));
#2530=CARTESIAN_POINT('Origin',(-265.,-145.,-5.));
#2531=CARTESIAN_POINT('Origin',(-2.98767587903994E-31,2.43962249451838E-15,
-7.66159913518216));
#2532=CARTESIAN_POINT('',(-126.214321630495,226.110891465047,-5.));
#2533=CARTESIAN_POINT('Origin',(-2.98767587903994E-31,2.43962249451838E-15,
-5.));
#2534=CARTESIAN_POINT('',(-123.852154194895,227.413355203797,-5.));
#2535=CARTESIAN_POINT('Ctrl Pts',(-126.214321630498,226.110891465045,-4.99999999999992));
#2536=CARTESIAN_POINT('Ctrl Pts',(-126.204473175649,226.091036454002,-5.03991741423674));
#2537=CARTESIAN_POINT('Ctrl Pts',(-126.194249856329,226.071654863785,-5.07941887867707));
#2538=CARTESIAN_POINT('Ctrl Pts',(-126.183709261295,226.052771834127,-5.11841421476904));
#2539=CARTESIAN_POINT('Ctrl Pts',(-126.097383877139,225.898123563901,-5.43777828837563));
#2540=CARTESIAN_POINT('Ctrl Pts',(-125.971898069795,225.746730277413,-5.78645565238554));
#2541=CARTESIAN_POINT('Ctrl Pts',(-125.642578239374,225.503373793924,-6.4589146379596));
#2542=CARTESIAN_POINT('Ctrl Pts',(-125.441284258572,225.409631124746,-6.7832924992183));
#2543=CARTESIAN_POINT('Ctrl Pts',(-125.084087317364,225.35827422319,-7.17702529931859));
#2544=CARTESIAN_POINT('Ctrl Pts',(-124.948181114997,225.353937942517,-7.30278263579503));
#2545=CARTESIAN_POINT('Ctrl Pts',(-124.729585895708,225.387097998537,-7.44142324268348));
#2546=CARTESIAN_POINT('Ctrl Pts',(-124.654247817235,225.404676296941,-7.47945352524988));
#2547=CARTESIAN_POINT('Ctrl Pts',(-124.502969897071,225.45503424448,-7.53191741896901));
#2548=CARTESIAN_POINT('Ctrl Pts',(-124.427032664129,225.487797772094,-7.54637402296183));
#2549=CARTESIAN_POINT('Ctrl Pts',(-124.279123314909,225.569352771574,-7.54637402296183));
#2550=CARTESIAN_POINT('Ctrl Pts',(-124.210887668447,225.616084009955,-7.53191741896904));
#2551=CARTESIAN_POINT('Ctrl Pts',(-124.087562758723,225.717137949269,-7.47945352524991));
#2552=CARTESIAN_POINT('Ctrl Pts',(-124.032488521205,225.771467048328,-7.4414232426835));
#2553=CARTESIAN_POINT('Ctrl Pts',(-123.887779206514,225.938627670046,-7.30278263579505));
#2554=CARTESIAN_POINT('Ctrl Pts',(-123.81891142513,226.055873257848,-7.17702529931859));
#2555=CARTESIAN_POINT('Ctrl Pts',(-123.671701772948,226.385352398994,-6.78329249921831));
#2556=CARTESIAN_POINT('Ctrl Pts',(-123.643543669982,226.605611509973,-6.45891463795965));
#2557=CARTESIAN_POINT('Ctrl Pts',(-123.673579905355,227.013988484506,-5.78645565238559));
#2558=CARTESIAN_POINT('Ctrl Pts',(-123.73463473498,227.200908046933,-5.43777828837566));
#2559=CARTESIAN_POINT('Ctrl Pts',(-123.829685688337,227.375440124873,-5.07941887867709));
#2560=CARTESIAN_POINT('Ctrl Pts',(-123.840619728745,227.394429834129,-5.03991741423674));
#2561=CARTESIAN_POINT('Ctrl Pts',(-123.852154194892,227.413355203799,-4.99999999999993));
#2562=CARTESIAN_POINT('',(-117.365833184779,230.827752717491,-5.));
#2563=CARTESIAN_POINT('Origin',(-2.98767587903994E-31,2.43962249451838E-15,
-5.));
#2564=CARTESIAN_POINT('',(-115.026532853951,232.002342581628,-5.));
#2565=CARTESIAN_POINT('Ctrl Pts',(-117.365833184776,230.827752717492,-4.99999999999969));
#2566=CARTESIAN_POINT('Ctrl Pts',(-117.313471714471,230.767199802411,-5.14012293917345));
#2567=CARTESIAN_POINT('Ctrl Pts',(-117.25425651393,230.709625370272,-5.28105664292679));
#2568=CARTESIAN_POINT('Ctrl Pts',(-117.028414863288,230.528863854166,-5.75610903990916));
#2569=CARTESIAN_POINT('Ctrl Pts',(-116.830884964864,230.427427300942,-6.08048807041756));
#2570=CARTESIAN_POINT('Ctrl Pts',(-116.475932429414,230.362333080196,-6.47422243484633));
#2571=CARTESIAN_POINT('Ctrl Pts',(-116.340293701391,230.352758885325,-6.59998032312889));
#2572=CARTESIAN_POINT('Ctrl Pts',(-116.120581041663,230.377464755779,-6.73862146758735));
#2573=CARTESIAN_POINT('Ctrl Pts',(-116.044620696709,230.392124845475,-6.7766518847726));
#2574=CARTESIAN_POINT('Ctrl Pts',(-115.891512532526,230.436612021921,-6.82911595447818));
#2575=CARTESIAN_POINT('Ctrl Pts',(-115.814367941918,230.466423099361,-6.84357260061003));
#2576=CARTESIAN_POINT('Ctrl Pts',(-115.663422948316,230.542214333685,-6.84357260061003));
#2577=CARTESIAN_POINT('Ctrl Pts',(-115.593435686182,230.586279868257,-6.82911595447812));
#2578=CARTESIAN_POINT('Ctrl Pts',(-115.466305147307,230.682503799237,-6.77665188477256));
#2579=CARTESIAN_POINT('Ctrl Pts',(-115.40917663881,230.734669168518,-6.73862146758744));
#2580=CARTESIAN_POINT('Ctrl Pts',(-115.258128521195,230.896126590288,-6.59998032312898));
#2581=CARTESIAN_POINT('Ctrl Pts',(-115.184790755036,231.010630309886,-6.47422243484632));
#2582=CARTESIAN_POINT('Ctrl Pts',(-115.024985947674,231.334190170717,-6.08048807041754));
#2583=CARTESIAN_POINT('Ctrl Pts',(-114.988356361695,231.553200920528,-5.75610903990913));
#2584=CARTESIAN_POINT('Ctrl Pts',(-114.998436555332,231.842298769994,-5.28105664292678));
#2585=CARTESIAN_POINT('Ctrl Pts',(-115.009243449054,231.924179575189,-5.14012293917347));
#2586=CARTESIAN_POINT('Ctrl Pts',(-115.026532853954,232.002342581627,-4.99999999999969));
#2587=CARTESIAN_POINT('',(-67.0217353139364,250.128521403044,-5.));
#2588=CARTESIAN_POINT('Origin',(-2.98767587903994E-31,2.43962249451838E-15,
-5.));
#2589=CARTESIAN_POINT('',(-66.2576755462453,247.277011530002,-10.3231982703643));
#2590=CARTESIAN_POINT('',(-66.6397054300908,248.702766466523,-7.66159913518216));
#2591=CARTESIAN_POINT('Origin',(-2.98767587903994E-31,2.43962249451838E-15,
-10.3231982703643));
#2592=CARTESIAN_POINT('Ctrl Pts',(61.3639264971076,248.536654288066,-17.1014745063995));
#2593=CARTESIAN_POINT('Ctrl Pts',(63.0049744000276,254.656006096565,-13.0670251053939));
#2594=CARTESIAN_POINT('Ctrl Pts',(64.6459190787255,260.77535500854,-9.03253394511271));
#2595=CARTESIAN_POINT('Ctrl Pts',(66.2867807721699,266.894701752639,-4.99800919859076));
#2596=CARTESIAN_POINT('Ctrl Pts',(62.0923839021278,248.345905056553,-17.1082098555882));
#2597=CARTESIAN_POINT('Ctrl Pts',(63.7332838409666,254.4651844604,-13.0735904163594));
#2598=CARTESIAN_POINT('Ctrl Pts',(65.3740918489141,260.58446720403,-9.03894329880049));
#2599=CARTESIAN_POINT('Ctrl Pts',(67.0148254026117,266.703751407296,-5.00427155514359));
#2600=CARTESIAN_POINT('Ctrl Pts',(63.5013039410278,247.784229289443,-16.8288709545386));
#2601=CARTESIAN_POINT('Ctrl Pts',(65.1418352871021,253.903448150694,-12.7940125918633));
#2602=CARTESIAN_POINT('Ctrl Pts',(66.7823058222504,260.022674385394,-8.7591450231644));
#2603=CARTESIAN_POINT('Ctrl Pts',(68.4227203865453,266.141906466409,-4.72426676897614));
#2604=CARTESIAN_POINT('Ctrl Pts',(65.3243527821588,246.366141526704,-15.4187987161635));
#2605=CARTESIAN_POINT('Ctrl Pts',(66.9642708289636,252.485502908734,-11.3839210139804));
#2606=CARTESIAN_POINT('Ctrl Pts',(68.6041710162408,258.604861504032,-7.34903460711298));
#2607=CARTESIAN_POINT('Ctrl Pts',(70.2440551484792,264.724217423061,-3.31413967403181));
#2608=CARTESIAN_POINT('Ctrl Pts',(65.7067365308936,245.220879132837,-13.8370191211363));
#2609=CARTESIAN_POINT('Ctrl Pts',(67.3464677532458,251.340454923415,-9.80240611931832));
#2610=CARTESIAN_POINT('Ctrl Pts',(68.9862056174392,257.460010941604,-5.76776690391297));
#2611=CARTESIAN_POINT('Ctrl Pts',(70.6259283088857,263.579552780478,-1.73310075747155));
#2612=CARTESIAN_POINT('Ctrl Pts',(65.5497026809508,244.634820826342,-12.8842295913786));
#2613=CARTESIAN_POINT('Ctrl Pts',(67.1894632239796,250.754490485172,-8.84978019037301));
#2614=CARTESIAN_POINT('Ctrl Pts',(68.8292168844518,256.874134457952,-4.81528903009186));
#2615=CARTESIAN_POINT('Ctrl Pts',(70.468965009259,262.993757771348,-0.780764283569906));
#2616=CARTESIAN_POINT('',(68.7541377680678,256.593935381019,-4.99999999999999));
#2617=CARTESIAN_POINT('',(66.2859711031011,266.891682213729,-5.00000000010383));
#2618=CARTESIAN_POINT('Ctrl Pts',(68.7541377680678,256.593935381019,-5.));
#2619=CARTESIAN_POINT('Ctrl Pts',(69.2513798160665,258.44966796781,-5.));
#2620=CARTESIAN_POINT('Ctrl Pts',(69.4280080466223,260.338726113862,-5.00000000000001));
#2621=CARTESIAN_POINT('Ctrl Pts',(69.1488832488024,263.117274661429,-5.00000000000001));
#2622=CARTESIAN_POINT('Ctrl Pts',(68.8902395397933,264.093044990212,-5.));
#2623=CARTESIAN_POINT('Ctrl Pts',(68.2586533593381,265.370994293911,-5.));
#2624=CARTESIAN_POINT('Ctrl Pts',(67.9464605116985,265.830486873498,-4.99999999999814));
#2625=CARTESIAN_POINT('Ctrl Pts',(67.3651493861629,266.364087749345,-4.99999999999814));
#2626=CARTESIAN_POINT('Ctrl Pts',(67.1658246724729,266.51079441518,-5.));
#2627=CARTESIAN_POINT('Ctrl Pts',(66.7396726031238,266.746059925075,-5.));
#2628=CARTESIAN_POINT('Ctrl Pts',(66.5182233044233,266.833999401903,-5.));
#2629=CARTESIAN_POINT('Ctrl Pts',(66.2859711031237,266.891682213807,-5.));
#2630=CARTESIAN_POINT('',(66.2576755462049,247.277011529851,-11.142337057467));
#2631=CARTESIAN_POINT('Ctrl Pts',(68.7541377730348,256.593935399556,-5.0000000301457));
#2632=CARTESIAN_POINT('Ctrl Pts',(67.9219853031982,253.488300102482,-7.04745544869049));
#2633=CARTESIAN_POINT('Ctrl Pts',(67.0898312867695,250.382659033448,-9.09490148358086));
#2634=CARTESIAN_POINT('Ctrl Pts',(66.2576755477106,247.27701153547,-11.1423370666048));
#2635=CARTESIAN_POINT('',(61.3639264971203,248.536654288131,-17.101474506504));
#2636=CARTESIAN_POINT('Ctrl Pts',(61.3639264971788,248.536654288354,-17.1014745062102));
#2637=CARTESIAN_POINT('Ctrl Pts',(61.9078195073611,248.402366608355,-17.1014745062109));
#2638=CARTESIAN_POINT('Ctrl Pts',(62.4422026880353,248.268487230475,-16.99114643013));
#2639=CARTESIAN_POINT('Ctrl Pts',(63.4910189918646,248.002432167132,-16.5553460908991));
#2640=CARTESIAN_POINT('Ctrl Pts',(63.9849207558743,247.875222393356,-16.2199251747572));
#2641=CARTESIAN_POINT('Ctrl Pts',(64.9122668434409,247.634132041368,-15.3212715254884));
#2642=CARTESIAN_POINT('Ctrl Pts',(65.314212328938,247.528077841553,-14.7381460924843));
#2643=CARTESIAN_POINT('Ctrl Pts',(65.8265855296499,247.392217725988,-13.6459181822779));
#2644=CARTESIAN_POINT('Ctrl Pts',(65.9869494645789,247.349418531546,-13.1646454993931));
#2645=CARTESIAN_POINT('Ctrl Pts',(66.2032773554521,247.291606794998,-12.1699738042919));
#2646=CARTESIAN_POINT('Ctrl Pts',(66.2576755462453,247.277011530002,-11.6560213285087));
#2647=CARTESIAN_POINT('Ctrl Pts',(66.2576755462453,247.277011530002,-11.142337057268));
#2648=CARTESIAN_POINT('Ctrl Pts',(61.3639264971076,248.536654288066,-17.1014745063995));
#2649=CARTESIAN_POINT('Ctrl Pts',(63.0047044797109,254.654999582754,-13.0676886934939));
#2650=CARTESIAN_POINT('Ctrl Pts',(64.645379272046,260.773341981871,-9.03386113504894));
#2651=CARTESIAN_POINT('Ctrl Pts',(66.2859711030965,266.891682213706,-5.0000000000669));
#2652=CARTESIAN_POINT('Origin',(0.,0.,-11.0507372531051));
#2653=CARTESIAN_POINT('',(-61.3639264971171,248.53665428812,-17.1014745065184));
#2654=CARTESIAN_POINT('Origin',(-2.98767587903994E-31,2.43962249451838E-15,
-17.1014745062101));
#2655=CARTESIAN_POINT('',(-66.2859711031009,266.891682213729,-5.00000000010425));
#2656=CARTESIAN_POINT('Ctrl Pts',(-66.2859711030964,266.891682213705,-5.00000000006718));
#2657=CARTESIAN_POINT('Ctrl Pts',(-64.6453792720309,260.773341981866,-9.03386113504681));
#2658=CARTESIAN_POINT('Ctrl Pts',(-63.0047044797083,254.654999582745,-13.0676886935002));
#2659=CARTESIAN_POINT('Ctrl Pts',(-61.3639264971037,248.536654288051,-17.1014745064088));
#2660=CARTESIAN_POINT('',(0.,275.,-5.));
#2661=CARTESIAN_POINT('Origin',(0.,0.,-5.));
#2662=CARTESIAN_POINT('Origin',(0.,0.,-5.));
#2663=CARTESIAN_POINT('Ctrl Pts',(-66.286709082254,266.894434395887,-4.99818546862038));
#2664=CARTESIAN_POINT('Ctrl Pts',(-64.6458712830161,260.775176770637,-9.03265145748522));
#2665=CARTESIAN_POINT('Ctrl Pts',(-63.0049505006746,254.655916977564,-13.0670838609793));
#2666=CARTESIAN_POINT('Ctrl Pts',(-61.3639264971037,248.536654288051,-17.1014745064088));
#2667=CARTESIAN_POINT('Ctrl Pts',(-67.0147537182901,266.703484053266,-5.00444783157795));
#2668=CARTESIAN_POINT('Ctrl Pts',(-65.3740440571917,260.584288968066,-9.03906081573759));
#2669=CARTESIAN_POINT('Ctrl Pts',(-63.7332599437684,254.465095342454,-13.0736491744211));
#2670=CARTESIAN_POINT('Ctrl Pts',(-62.092383902124,248.345905056539,-17.1082098555975));
#2671=CARTESIAN_POINT('Ctrl Pts',(-68.4226487161512,266.141639114666,-4.72444305444393));
#2672=CARTESIAN_POINT('Ctrl Pts',(-66.7822580404578,260.022496151068,-8.75926254655028));
#2673=CARTESIAN_POINT('Ctrl Pts',(-65.1418113953119,253.903359033631,-12.7940713534223));
#2674=CARTESIAN_POINT('Ctrl Pts',(-63.5013039410639,247.78422928943,-16.8288709545656));
#2675=CARTESIAN_POINT('Ctrl Pts',(-70.2439835013443,264.723950065899,-3.31431596024969));
#2676=CARTESIAN_POINT('Ctrl Pts',(-68.6041232510641,258.604683265846,-7.3491521310407));
#2677=CARTESIAN_POINT('Ctrl Pts',(-66.9642469461492,252.485413789588,-11.3839797758292));
#2678=CARTESIAN_POINT('Ctrl Pts',(-65.3243527822389,246.366141526685,-15.4187987161986));
#2679=CARTESIAN_POINT('Ctrl Pts',(-70.6258566685793,263.579285415215,-1.73327703363527));
#2680=CARTESIAN_POINT('Ctrl Pts',(-68.986157857071,257.459832697652,-5.76788442064993));
#2681=CARTESIAN_POINT('Ctrl Pts',(-67.3464438730682,251.340365801153,-9.80246487728635));
#2682=CARTESIAN_POINT('Ctrl Pts',(-65.7067365308898,245.220879132823,-13.8370191211456));
#2683=CARTESIAN_POINT('Ctrl Pts',(-70.4688933679954,262.993490402513,-0.780940553599538));
#2684=CARTESIAN_POINT('Ctrl Pts',(-68.8291691234459,256.873956211451,-4.81540654246438));
#2685=CARTESIAN_POINT('Ctrl Pts',(-67.189439343375,250.754401361543,-8.84983894595843));
#2686=CARTESIAN_POINT('Ctrl Pts',(-65.549702680947,244.634820826328,-12.8842295913879));
#2687=CARTESIAN_POINT('',(-66.2576755462056,247.277011529853,-11.1423370574635));
#2688=CARTESIAN_POINT('Ctrl Pts',(-66.2576755462453,247.277011530001,-11.142337057268));
#2689=CARTESIAN_POINT('Ctrl Pts',(-66.2576755462453,247.277011530001,-12.0475492732882));
#2690=CARTESIAN_POINT('Ctrl Pts',(-66.0887825231022,247.322452302306,-12.9536102516014));
#2691=CARTESIAN_POINT('Ctrl Pts',(-65.4587071209589,247.489896272035,-14.5052020096446));
#2692=CARTESIAN_POINT('Ctrl Pts',(-65.0419417504194,247.600185455996,-15.1665491650608));
#2693=CARTESIAN_POINT('Ctrl Pts',(-64.0819679114359,247.850144085375,-16.1447946613983));
#2694=CARTESIAN_POINT('Ctrl Pts',(-63.5885711994023,247.977444568958,-16.4981462566053));
#2695=CARTESIAN_POINT('Ctrl Pts',(-62.7751382141815,248.184119485351,-16.8589297635772));
#2696=CARTESIAN_POINT('Ctrl Pts',(-62.4992272974975,248.253765076782,-16.9495868993376));
#2697=CARTESIAN_POINT('Ctrl Pts',(-61.9356157287083,248.394973822593,-17.0708169157759));
#2698=CARTESIAN_POINT('Ctrl Pts',(-61.650515356943,248.465895237638,-17.1014745062106));
#2699=CARTESIAN_POINT('Ctrl Pts',(-61.3639264971785,248.536654288354,-17.1014745062101));
#2700=CARTESIAN_POINT('',(-68.7541377680678,256.593935381019,-4.99999999999997));
#2701=CARTESIAN_POINT('Ctrl Pts',(-66.2576755477114,247.277011535473,-11.1423370666023));
#2702=CARTESIAN_POINT('Ctrl Pts',(-67.0898312867699,250.382659033449,-9.09490148357848));
#2703=CARTESIAN_POINT('Ctrl Pts',(-67.921985303198,253.488300102482,-7.04745544868746));
#2704=CARTESIAN_POINT('Ctrl Pts',(-68.7541377730343,256.593935399555,-5.00000003014333));
#2705=CARTESIAN_POINT('Ctrl Pts',(-66.2859711031236,266.891682213807,-5.));
#2706=CARTESIAN_POINT('Ctrl Pts',(-66.6319527299069,266.805753240956,-5.));
#2707=CARTESIAN_POINT('Ctrl Pts',(-66.9512149189962,266.653402624756,-5.));
#2708=CARTESIAN_POINT('Ctrl Pts',(-67.5849851447337,266.199897789896,-5.));
#2709=CARTESIAN_POINT('Ctrl Pts',(-67.8747497300373,265.885924430978,-5.00000000000035));
#2710=CARTESIAN_POINT('Ctrl Pts',(-68.4782008863541,265.016539972306,-5.00000000000035));
#2711=CARTESIAN_POINT('Ctrl Pts',(-68.7372058811027,264.411572061374,-5.00000000009784));
#2712=CARTESIAN_POINT('Ctrl Pts',(-69.2074282102972,262.827219936341,-5.00000000009784));
#2713=CARTESIAN_POINT('Ctrl Pts',(-69.344022298414,261.687509596812,-5.));
#2714=CARTESIAN_POINT('Ctrl Pts',(-69.2921964629342,259.164097571073,-5.));
#2715=CARTESIAN_POINT('Ctrl Pts',(-69.0896834448979,257.846208895209,-5.));
#2716=CARTESIAN_POINT('Ctrl Pts',(-68.7541377680677,256.593935381019,-5.));
#2717=CARTESIAN_POINT('Origin',(-68.7164564747192,256.453306879748,-11.0507372531051));
#2718=CARTESIAN_POINT('',(-66.2576755462453,247.277011530002,-27.6626659984828));
#2719=CARTESIAN_POINT('',(-34.3582282373596,128.226653439874,-5.));
#2720=CARTESIAN_POINT('Origin',(68.7164564747193,256.453306879748,-11.0507372531051));
#2721=CARTESIAN_POINT('',(67.0217353139364,250.128521403044,-5.));
#2722=CARTESIAN_POINT('',(34.3582282373596,128.226653439874,-5.));
#2723=CARTESIAN_POINT('',(66.2576755462453,247.277011530002,-10.3231982703643));
#2724=CARTESIAN_POINT('',(66.6397054300909,248.702766466523,-7.66159913518216));
#2725=CARTESIAN_POINT('',(66.2576755462453,247.277011530002,-27.6626659984828));
#2726=CARTESIAN_POINT('Origin',(0.,0.,-5.));
#2727=CARTESIAN_POINT('',(-275.,275.,-5.));
#2728=CARTESIAN_POINT('',(-275.,275.,-5.));
#2729=CARTESIAN_POINT('',(275.,275.,-5.));
#2730=CARTESIAN_POINT('',(-117.694670994239,231.710774676799,-5.));
#2731=CARTESIAN_POINT('Origin',(-116.344670994239,231.710774676799,-5.));
#2732=CARTESIAN_POINT('Origin',(-116.344670994239,231.710774676799,-5.));
#2733=CARTESIAN_POINT('',(-126.354925032084,226.710774676799,-5.));
#2734=CARTESIAN_POINT('Origin',(-125.004925032084,226.710774676799,-5.));
#2735=CARTESIAN_POINT('Origin',(-125.004925032084,226.710774676799,-5.));
#2736=CARTESIAN_POINT('',(-266.75,145.,-5.));
#2737=CARTESIAN_POINT('Origin',(-265.,145.,-5.));
#2738=CARTESIAN_POINT('',(-146.75,265.,-5.));
#2739=CARTESIAN_POINT('Origin',(-145.,265.,-5.));
#2740=CARTESIAN_POINT('Ctrl Pts',(248.536654288066,-61.3639264971075,-17.1014745063995));
#2741=CARTESIAN_POINT('Ctrl Pts',(254.656006096565,-63.0049744000276,-13.0670251053939));
#2742=CARTESIAN_POINT('Ctrl Pts',(260.77535500854,-64.6459190787254,-9.03253394511275));
#2743=CARTESIAN_POINT('Ctrl Pts',(266.894701752639,-66.2867807721699,-4.99800919859076));
#2744=CARTESIAN_POINT('Ctrl Pts',(248.345905056553,-62.0923839021278,-17.1082098555882));
#2745=CARTESIAN_POINT('Ctrl Pts',(254.4651844604,-63.7332838409665,-13.0735904163594));
#2746=CARTESIAN_POINT('Ctrl Pts',(260.58446720403,-65.374091848914,-9.03894329880055));
#2747=CARTESIAN_POINT('Ctrl Pts',(266.703751407296,-67.0148254026117,-5.00427155514359));
#2748=CARTESIAN_POINT('Ctrl Pts',(247.784229289443,-63.5013039410278,-16.8288709545386));
#2749=CARTESIAN_POINT('Ctrl Pts',(253.903448150695,-65.1418352871021,-12.7940125918633));
#2750=CARTESIAN_POINT('Ctrl Pts',(260.022674385394,-66.7823058222504,-8.75914502316442));
#2751=CARTESIAN_POINT('Ctrl Pts',(266.141906466409,-68.4227203865453,-4.72426676897614));
#2752=CARTESIAN_POINT('Ctrl Pts',(246.366141526704,-65.3243527821587,-15.4187987161635));
#2753=CARTESIAN_POINT('Ctrl Pts',(252.485502908734,-66.9642708289635,-11.3839210139804));
#2754=CARTESIAN_POINT('Ctrl Pts',(258.604861504032,-68.6041710162407,-7.34903460711303));
#2755=CARTESIAN_POINT('Ctrl Pts',(264.724217423061,-70.2440551484791,-3.3141396740318));
#2756=CARTESIAN_POINT('Ctrl Pts',(245.220879132837,-65.7067365308936,-13.8370191211363));
#2757=CARTESIAN_POINT('Ctrl Pts',(251.340454923415,-67.3464677532458,-9.80240611931831));
#2758=CARTESIAN_POINT('Ctrl Pts',(257.460010941604,-68.9862056174392,-5.76776690391298));
#2759=CARTESIAN_POINT('Ctrl Pts',(263.579552780478,-70.6259283088856,-1.73310075747155));
#2760=CARTESIAN_POINT('Ctrl Pts',(244.634820826342,-65.5497026809508,-12.8842295913786));
#2761=CARTESIAN_POINT('Ctrl Pts',(250.754490485172,-67.1894632239796,-8.849780190373));
#2762=CARTESIAN_POINT('Ctrl Pts',(256.874134457952,-68.8292168844518,-4.81528903009189));
#2763=CARTESIAN_POINT('Ctrl Pts',(262.993757771348,-70.468965009259,-0.780764283569906));
#2764=CARTESIAN_POINT('',(247.277011529851,-66.2576755462049,-11.142337057467));
#2765=CARTESIAN_POINT('Ctrl Pts',(256.593935399556,-68.7541377730348,-5.00000003014571));
#2766=CARTESIAN_POINT('Ctrl Pts',(253.488300102482,-67.9219853031982,-7.0474554486905));
#2767=CARTESIAN_POINT('Ctrl Pts',(250.382659033448,-67.0898312867695,-9.09490148358086));
#2768=CARTESIAN_POINT('Ctrl Pts',(247.27701153547,-66.2576755477105,-11.1423370666048));
#2769=CARTESIAN_POINT('',(248.536654288131,-61.3639264971203,-17.101474506504));
#2770=CARTESIAN_POINT('Ctrl Pts',(248.536654288354,-61.3639264971788,-17.1014745062102));
#2771=CARTESIAN_POINT('Ctrl Pts',(248.402366608355,-61.9078195073611,-17.1014745062109));
#2772=CARTESIAN_POINT('Ctrl Pts',(248.268487230475,-62.4422026880352,-16.99114643013));
#2773=CARTESIAN_POINT('Ctrl Pts',(248.002432167132,-63.4910189918646,-16.5553460908991));
#2774=CARTESIAN_POINT('Ctrl Pts',(247.875222393356,-63.9849207558743,-16.2199251747572));
#2775=CARTESIAN_POINT('Ctrl Pts',(247.634132041368,-64.9122668434409,-15.3212715254884));
#2776=CARTESIAN_POINT('Ctrl Pts',(247.528077841553,-65.3142123289379,-14.7381460924844));
#2777=CARTESIAN_POINT('Ctrl Pts',(247.392217725988,-65.8265855296499,-13.6459181822779));
#2778=CARTESIAN_POINT('Ctrl Pts',(247.349418531546,-65.9869494645789,-13.1646454993932));
#2779=CARTESIAN_POINT('Ctrl Pts',(247.291606794998,-66.2032773554521,-12.1699738042919));
#2780=CARTESIAN_POINT('Ctrl Pts',(247.277011530002,-66.2576755462453,-11.6560213285087));
#2781=CARTESIAN_POINT('Ctrl Pts',(247.277011530002,-66.2576755462453,-11.142337057268));
#2782=CARTESIAN_POINT('Ctrl Pts',(248.536654288066,-61.3639264971075,-17.1014745063995));
#2783=CARTESIAN_POINT('Ctrl Pts',(254.654999582754,-63.0047044797109,-13.0676886934939));
#2784=CARTESIAN_POINT('Ctrl Pts',(260.773341981871,-64.645379272046,-9.03386113504897));
#2785=CARTESIAN_POINT('Ctrl Pts',(266.891682213706,-66.2859711030965,-5.0000000000669));
#2786=CARTESIAN_POINT('Origin',(0.,0.,-11.0507372531051));
#2787=CARTESIAN_POINT('',(256.,4.81431207093172E-15,-17.1014745062101));
#2788=CARTESIAN_POINT('Origin',(-2.98767587903994E-31,2.43962249451838E-15,
-17.1014745062101));
#2789=CARTESIAN_POINT('',(248.53665428812,61.3639264971172,-17.1014745065184));
#2790=CARTESIAN_POINT('Origin',(-2.98767587903994E-31,2.43962249451838E-15,
-17.1014745062101));
#2791=CARTESIAN_POINT('',(266.891682213729,66.285971103101,-5.00000000010425));
#2792=CARTESIAN_POINT('Ctrl Pts',(266.891682213705,66.2859711030964,-5.00000000006718));
#2793=CARTESIAN_POINT('Ctrl Pts',(260.773341981866,64.6453792720309,-9.03386113504681));
#2794=CARTESIAN_POINT('Ctrl Pts',(254.654999582745,63.0047044797084,-13.0676886935002));
#2795=CARTESIAN_POINT('Ctrl Pts',(248.536654288051,61.3639264971037,-17.1014745064088));
#2796=CARTESIAN_POINT('Origin',(0.,0.,-5.));
#2797=CARTESIAN_POINT('Ctrl Pts',(266.894434395887,66.286709082254,-4.99818546862039));
#2798=CARTESIAN_POINT('Ctrl Pts',(260.775176770637,64.6458712830161,-9.03265145748522));
#2799=CARTESIAN_POINT('Ctrl Pts',(254.655916977564,63.0049505006746,-13.0670838609793));
#2800=CARTESIAN_POINT('Ctrl Pts',(248.536654288051,61.3639264971037,-17.1014745064088));
#2801=CARTESIAN_POINT('Ctrl Pts',(266.703484053266,67.0147537182901,-5.00444783157795));
#2802=CARTESIAN_POINT('Ctrl Pts',(260.584288968066,65.3740440571918,-9.03906081573759));
#2803=CARTESIAN_POINT('Ctrl Pts',(254.465095342454,63.7332599437684,-13.0736491744211));
#2804=CARTESIAN_POINT('Ctrl Pts',(248.345905056539,62.092383902124,-17.1082098555975));
#2805=CARTESIAN_POINT('Ctrl Pts',(266.141639114666,68.4226487161512,-4.72444305444393));
#2806=CARTESIAN_POINT('Ctrl Pts',(260.022496151068,66.7822580404578,-8.75926254655027));
#2807=CARTESIAN_POINT('Ctrl Pts',(253.903359033631,65.1418113953119,-12.7940713534223));
#2808=CARTESIAN_POINT('Ctrl Pts',(247.78422928943,63.5013039410639,-16.8288709545656));
#2809=CARTESIAN_POINT('Ctrl Pts',(264.723950065899,70.2439835013443,-3.31431596024969));
#2810=CARTESIAN_POINT('Ctrl Pts',(258.604683265846,68.6041232510641,-7.34915213104071));
#2811=CARTESIAN_POINT('Ctrl Pts',(252.485413789588,66.9642469461492,-11.3839797758292));
#2812=CARTESIAN_POINT('Ctrl Pts',(246.366141526685,65.3243527822389,-15.4187987161986));
#2813=CARTESIAN_POINT('Ctrl Pts',(263.579285415215,70.6258566685793,-1.73327703363527));
#2814=CARTESIAN_POINT('Ctrl Pts',(257.459832697652,68.986157857071,-5.76788442064991));
#2815=CARTESIAN_POINT('Ctrl Pts',(251.340365801153,67.3464438730683,-9.80246487728635));
#2816=CARTESIAN_POINT('Ctrl Pts',(245.220879132823,65.7067365308898,-13.8370191211456));
#2817=CARTESIAN_POINT('Ctrl Pts',(262.993490402513,70.4688933679954,-0.780940553599538));
#2818=CARTESIAN_POINT('Ctrl Pts',(256.873956211451,68.829169123446,-4.81540654246437));
#2819=CARTESIAN_POINT('Ctrl Pts',(250.754401361543,67.189439343375,-8.84983894595844));
#2820=CARTESIAN_POINT('Ctrl Pts',(244.634820826328,65.549702680947,-12.8842295913879));
#2821=CARTESIAN_POINT('',(247.277011529853,66.2576755462056,-11.1423370574635));
#2822=CARTESIAN_POINT('Ctrl Pts',(247.277011530001,66.2576755462453,-11.142337057268));
#2823=CARTESIAN_POINT('Ctrl Pts',(247.277011530001,66.2576755462453,-12.0475492732882));
#2824=CARTESIAN_POINT('Ctrl Pts',(247.322452302306,66.0887825231022,-12.9536102516014));
#2825=CARTESIAN_POINT('Ctrl Pts',(247.489896272035,65.4587071209589,-14.5052020096447));
#2826=CARTESIAN_POINT('Ctrl Pts',(247.600185455996,65.0419417504194,-15.1665491650608));
#2827=CARTESIAN_POINT('Ctrl Pts',(247.850144085375,64.081967911436,-16.1447946613982));
#2828=CARTESIAN_POINT('Ctrl Pts',(247.977444568958,63.5885711994024,-16.4981462566053));
#2829=CARTESIAN_POINT('Ctrl Pts',(248.184119485351,62.7751382141816,-16.8589297635772));
#2830=CARTESIAN_POINT('Ctrl Pts',(248.253765076782,62.4992272974976,-16.9495868993376));
#2831=CARTESIAN_POINT('Ctrl Pts',(248.394973822593,61.9356157287083,-17.0708169157759));
#2832=CARTESIAN_POINT('Ctrl Pts',(248.465895237638,61.650515356943,-17.1014745062106));
#2833=CARTESIAN_POINT('Ctrl Pts',(248.536654288354,61.3639264971785,-17.1014745062101));
#2834=CARTESIAN_POINT('',(256.593935381019,68.7541377680678,-4.99999999999997));
#2835=CARTESIAN_POINT('Ctrl Pts',(247.277011535473,66.2576755477114,-11.1423370666023));
#2836=CARTESIAN_POINT('Ctrl Pts',(250.382659033449,67.0898312867699,-9.09490148357848));
#2837=CARTESIAN_POINT('Ctrl Pts',(253.488300102482,67.9219853031981,-7.04745544868745));
#2838=CARTESIAN_POINT('Ctrl Pts',(256.593935399555,68.7541377730343,-5.00000003014333));
#2839=CARTESIAN_POINT('Ctrl Pts',(266.891682213807,66.2859711031237,-5.));
#2840=CARTESIAN_POINT('Ctrl Pts',(266.805753240956,66.6319527299069,-5.));
#2841=CARTESIAN_POINT('Ctrl Pts',(266.653402624756,66.9512149189962,-5.));
#2842=CARTESIAN_POINT('Ctrl Pts',(266.199897789896,67.5849851447337,-5.));
#2843=CARTESIAN_POINT('Ctrl Pts',(265.885924430978,67.8747497300374,-5.00000000000035));
#2844=CARTESIAN_POINT('Ctrl Pts',(265.016539972306,68.478200886354,-5.00000000000035));
#2845=CARTESIAN_POINT('Ctrl Pts',(264.411572061374,68.7372058811027,-5.00000000009784));
#2846=CARTESIAN_POINT('Ctrl Pts',(262.827219936341,69.2074282102972,-5.00000000009784));
#2847=CARTESIAN_POINT('Ctrl Pts',(261.687509596812,69.344022298414,-5.));
#2848=CARTESIAN_POINT('Ctrl Pts',(259.164097571073,69.2921964629342,-5.));
#2849=CARTESIAN_POINT('Ctrl Pts',(257.846208895209,69.0896834448979,-5.));
#2850=CARTESIAN_POINT('Ctrl Pts',(256.593935381019,68.7541377680677,-5.));
#2851=CARTESIAN_POINT('Origin',(256.453306879748,68.7164564747193,-11.0507372531051));
#2852=CARTESIAN_POINT('',(247.277011530002,66.2576755462453,-10.3231982703643));
#2853=CARTESIAN_POINT('',(247.277011530002,66.2576755462453,-27.6626659984828));
#2854=CARTESIAN_POINT('',(250.128521403044,67.0217353139364,-5.));
#2855=CARTESIAN_POINT('',(248.702766466523,66.6397054300909,-7.66159913518216));
#2856=CARTESIAN_POINT('',(128.226653439874,34.3582282373596,-5.));
#2857=CARTESIAN_POINT('Origin',(256.453306879748,-68.7164564747193,-11.0507372531051));
#2858=CARTESIAN_POINT('',(247.277011530002,-66.2576755462453,-27.6626659984828));
#2859=CARTESIAN_POINT('Origin',(-116.344670994239,231.710774676799,-7.));
#2860=CARTESIAN_POINT('',(-117.694670994239,231.710774676799,0.));
#2861=CARTESIAN_POINT('Origin',(-116.344670994239,231.710774676799,0.));
#2862=CARTESIAN_POINT('',(-117.694670994239,231.710774676799,-7.));
#2863=CARTESIAN_POINT('Origin',(-125.004925032084,226.710774676799,-7.));
#2864=CARTESIAN_POINT('',(-126.354925032084,226.710774676799,0.));
#2865=CARTESIAN_POINT('Origin',(-125.004925032084,226.710774676799,0.));
#2866=CARTESIAN_POINT('',(-126.354925032084,226.710774676799,-7.));
#2867=CARTESIAN_POINT('Origin',(0.,0.,-5.));
#2868=CARTESIAN_POINT('',(275.,275.,-5.));
#2869=CARTESIAN_POINT('',(275.,275.,-5.));
#2870=CARTESIAN_POINT('',(275.,-275.,-5.));
#2871=CARTESIAN_POINT('Origin',(-2.98767587903994E-31,2.43962249451838E-15,
-5.));
#2872=CARTESIAN_POINT('',(143.25,265.,-5.));
#2873=CARTESIAN_POINT('Origin',(145.,265.,-5.));
#2874=CARTESIAN_POINT('',(263.25,145.,-5.));
#2875=CARTESIAN_POINT('Origin',(265.,145.,-5.));
#2876=CARTESIAN_POINT('Origin',(194.454364826218,194.454364826383,-51.8244291016937));
#2877=CARTESIAN_POINT('',(184.244230083162,183.391901503258,-51.2217417829277));
#2878=CARTESIAN_POINT('',(184.089807875351,184.089807875516,-51.8244291016937));
#2879=CARTESIAN_POINT('Origin',(-196.964036268171,196.964036268171,-330.37364049177));
#2880=CARTESIAN_POINT('',(183.918473786539,183.918473786704,-51.8244291016937));
#2881=CARTESIAN_POINT('',(194.454364826218,194.454364826383,-51.8244291016937));
#2882=CARTESIAN_POINT('Origin',(182.963879632019,182.963879632019,-51.8244291015771));
#2883=CARTESIAN_POINT('Origin',(194.028200535598,194.880529117004,-51.2217417820992));
#2884=CARTESIAN_POINT('',(183.391901502132,184.244230083538,-51.2217417820992));
#2885=CARTESIAN_POINT('Origin',(196.964036268284,-196.964036268284,-330.373640492162));
#2886=CARTESIAN_POINT('Origin',(182.963879632019,182.963879632019,-51.8244291018104));
#2887=CARTESIAN_POINT('Origin',(182.963879632019,182.963879632019,-47.7205));
#2888=CARTESIAN_POINT('',(184.313879632019,182.963879632019,-56.));
#2889=CARTESIAN_POINT('Origin',(182.963879632019,182.963879632019,-56.));
#2890=CARTESIAN_POINT('',(184.313879632019,182.963879632019,-50.8252659651168));
#2891=CARTESIAN_POINT('',(184.313879632019,182.963879632019,-47.7205));
#2892=CARTESIAN_POINT('Ctrl Pts',(184.244230083162,183.391901503258,-51.2217417829277));
#2893=CARTESIAN_POINT('Ctrl Pts',(184.294868610982,183.24042545426,-51.1102369838526));
#2894=CARTESIAN_POINT('Ctrl Pts',(184.313879632019,183.088012356146,-50.9626636690822));
#2895=CARTESIAN_POINT('Ctrl Pts',(184.313879632019,182.963879632019,-50.8252659651168));
#2896=CARTESIAN_POINT('Ctrl Pts',(184.313879632019,182.963879632019,-50.8252659651168));
#2897=CARTESIAN_POINT('Ctrl Pts',(184.313879632019,182.962703262576,-50.8239638873474));
#2898=CARTESIAN_POINT('Ctrl Pts',(184.313878094405,182.961529338787,-50.8226628084202));
#2899=CARTESIAN_POINT('Ctrl Pts',(184.312858222815,182.570581223257,-50.3888044763814));
#2900=CARTESIAN_POINT('Ctrl Pts',(184.135705858147,182.224236663381,-49.8083987509855));
#2901=CARTESIAN_POINT('Ctrl Pts',(183.913480302705,182.00431797885,-49.3171909226378));
#2902=CARTESIAN_POINT('Ctrl Pts',(183.788435737342,181.880571471534,-49.0407921561842));
#2903=CARTESIAN_POINT('Ctrl Pts',(183.627157446261,181.770884964492,-48.7394513981569));
#2904=CARTESIAN_POINT('Ctrl Pts',(183.249454402618,181.629092904787,-48.1610759357487));
#2905=CARTESIAN_POINT('Ctrl Pts',(183.034237991137,181.595414463003,-47.8836395078016));
#2906=CARTESIAN_POINT('Ctrl Pts',(182.681740479408,181.638225698598,-47.5381757681737));
#2907=CARTESIAN_POINT('Ctrl Pts',(182.543531107037,181.672007992062,-47.4216258402745));
#2908=CARTESIAN_POINT('Ctrl Pts',(182.335882416817,181.766423585361,-47.2952119034051));
#2909=CARTESIAN_POINT('Ctrl Pts',(182.26653293393,181.80508955856,-47.2609501369679));
#2910=CARTESIAN_POINT('Ctrl Pts',(182.132894167274,181.896866290903,-47.2142036851621));
#2911=CARTESIAN_POINT('Ctrl Pts',(182.06860290622,181.949968048614,-47.2017069812809));
#2912=CARTESIAN_POINT('Ctrl Pts',(181.949968048614,182.06860290622,-47.2017069812809));
#2913=CARTESIAN_POINT('Ctrl Pts',(181.896866290903,182.132894167274,-47.214203685162));
#2914=CARTESIAN_POINT('Ctrl Pts',(181.80508955856,182.26653293393,-47.2609501369678));
#2915=CARTESIAN_POINT('Ctrl Pts',(181.766423585361,182.335882416817,-47.2952119034052));
#2916=CARTESIAN_POINT('Ctrl Pts',(181.672007992062,182.543531107037,-47.4216258402746));
#2917=CARTESIAN_POINT('Ctrl Pts',(181.638225698597,182.681740479408,-47.5381757681738));
#2918=CARTESIAN_POINT('Ctrl Pts',(181.595414463003,183.034237991137,-47.8836395078016));
#2919=CARTESIAN_POINT('Ctrl Pts',(181.629092904788,183.249454402618,-48.1610759357488));
#2920=CARTESIAN_POINT('Ctrl Pts',(181.770884964492,183.627157446261,-48.739451398157));
#2921=CARTESIAN_POINT('Ctrl Pts',(181.880571471534,183.788435737342,-49.0407921561842));
#2922=CARTESIAN_POINT('Ctrl Pts',(182.224236663381,184.135705858147,-49.8083987509855));
#2923=CARTESIAN_POINT('Ctrl Pts',(182.570581223257,184.312858222815,-50.3888044763814));
#2924=CARTESIAN_POINT('Ctrl Pts',(183.085143785336,184.314200569069,-50.9598450980003));
#2925=CARTESIAN_POINT('Ctrl Pts',(183.238989959381,184.295348497573,-51.1091802848291));
#2926=CARTESIAN_POINT('Ctrl Pts',(183.391901502132,184.244230083538,-51.2217417820992));
#2927=CARTESIAN_POINT('Origin',(-2.98767587903994E-31,2.43962249451838E-15,
-50.5010668633006));
#2928=CARTESIAN_POINT('',(256.,4.81431207093172E-15,-45.0021337266011));
#2929=CARTESIAN_POINT('Origin',(-2.98767587903994E-31,2.43962249451838E-15,
-45.0021337266012));
#2930=CARTESIAN_POINT('',(257.4,-2.63090346262096E-14,-47.201706981281));
#2931=CARTESIAN_POINT('',(259.5,4.84677852998425E-15,-50.5010668633006));
#2932=CARTESIAN_POINT('',(259.958001653417,0.602687319711229,-51.2217417820992));
#2933=CARTESIAN_POINT('Ctrl Pts',(257.4,-5.7445367906972E-14,-47.201706981281));
#2934=CARTESIAN_POINT('Ctrl Pts',(257.4,0.0838875122982542,-47.201706981281));
#2935=CARTESIAN_POINT('Ctrl Pts',(257.407912173692,0.166896911930901,-47.2142036851621));
#2936=CARTESIAN_POINT('Ctrl Pts',(257.437513102029,0.326289739857673,-47.2609501369679));
#2937=CARTESIAN_POINT('Ctrl Pts',(257.4592096198,0.40266820132914,-47.2952119034052));
#2938=CARTESIAN_POINT('Ctrl Pts',(257.539277510487,0.616259904560169,-47.4216258402746));
#2939=CARTESIAN_POINT('Ctrl Pts',(257.613118606121,0.737876377779151,-47.5381757681738));
#2940=CARTESIAN_POINT('Ctrl Pts',(257.832099872016,1.01740187367439,-47.8836395078017));
#2941=CARTESIAN_POINT('Ctrl Pts',(258.008095110563,1.14576860308919,-48.1610759357489));
#2942=CARTESIAN_POINT('Ctrl Pts',(258.375433620933,1.31258285958923,-48.7394513981571));
#2943=CARTESIAN_POINT('Ctrl Pts',(258.567034667149,1.34906375993663,-49.0407921561843));
#2944=CARTESIAN_POINT('Ctrl Pts',(259.055599712087,1.35161282964826,-49.8083987509856));
#2945=CARTESIAN_POINT('Ctrl Pts',(259.425767937362,1.231975881093,-50.3888044763816));
#2946=CARTESIAN_POINT('Ctrl Pts',(259.790567796491,0.869074386241232,-50.9598450980004));
#2947=CARTESIAN_POINT('Ctrl Pts',(259.886023041824,0.746958285719396,-51.1091802848292));
#2948=CARTESIAN_POINT('Ctrl Pts',(259.958001653417,0.602687319711271,-51.2217417820992));
#2949=CARTESIAN_POINT('',(260.342302992096,1.16667424471831E-10,-51.8244291016937));
#2950=CARTESIAN_POINT('Origin',(1.77635683940025E-14,-278.549211390353,
-330.373640492162));
#2951=CARTESIAN_POINT('',(263.,4.87924498903677E-15,-56.0000000000001));
#2952=CARTESIAN_POINT('',(259.5,4.84677852998425E-15,-50.5010668633006));
#2953=CARTESIAN_POINT('Origin',(0.,0.,-56.));
#2954=CARTESIAN_POINT('',(259.958001653947,-0.602687318649418,-51.2217417829277));
#2955=CARTESIAN_POINT('Origin',(1.4210854715202E-13,278.549211390194,-330.373640491769));
#2956=CARTESIAN_POINT('Ctrl Pts',(259.958001653947,-0.602687318649513,-51.2217417829277));
#2957=CARTESIAN_POINT('Ctrl Pts',(259.886023042287,-0.746958285108668,-51.1091802855537));
#2958=CARTESIAN_POINT('Ctrl Pts',(259.790567796708,-0.869074386025583,-50.95984509834));
#2959=CARTESIAN_POINT('Ctrl Pts',(259.425767937362,-1.23197588109311,-50.3888044763816));
#2960=CARTESIAN_POINT('Ctrl Pts',(259.055599712087,-1.35161282964837,-49.8083987509856));
#2961=CARTESIAN_POINT('Ctrl Pts',(258.742956521739,-1.3499816255839,-49.3171909226379));
#2962=CARTESIAN_POINT('Ctrl Pts',(258.567034667149,-1.34906375993674,-49.0407921561843));
#2963=CARTESIAN_POINT('Ctrl Pts',(258.375433620933,-1.31258285958935,-48.7394513981571));
#2964=CARTESIAN_POINT('Ctrl Pts',(258.008095110563,-1.14576860308931,-48.1610759357489));
#2965=CARTESIAN_POINT('Ctrl Pts',(257.832099872016,-1.0174018736745,-47.8836395078017));
#2966=CARTESIAN_POINT('Ctrl Pts',(257.613118606121,-0.737876377779266,-47.5381757681738));
#2967=CARTESIAN_POINT('Ctrl Pts',(257.539277510487,-0.616259904560306,-47.4216258402746));
#2968=CARTESIAN_POINT('Ctrl Pts',(257.4592096198,-0.402668201329279,-47.2952119034052));
#2969=CARTESIAN_POINT('Ctrl Pts',(257.437513102029,-0.326289739857818,-47.2609501369679));
#2970=CARTESIAN_POINT('Ctrl Pts',(257.407912173692,-0.166896911931036,-47.2142036851621));
#2971=CARTESIAN_POINT('Ctrl Pts',(257.4,-0.0838875122983691,-47.201706981281));
#2972=CARTESIAN_POINT('Ctrl Pts',(257.4,-5.7445367906972E-14,-47.201706981281));
#2973=CARTESIAN_POINT('',(-184.089807875516,184.089807875351,-51.8244291016937));
#2974=CARTESIAN_POINT('',(-184.244230083538,183.391901502132,-51.2217417820992));
#2975=CARTESIAN_POINT('Origin',(196.964036268283,196.964036268284,-330.373640492162));
#2976=CARTESIAN_POINT('',(-183.391901503258,184.244230083162,-51.2217417829277));
#2977=CARTESIAN_POINT('Origin',(-196.964036268171,-196.964036268171,-330.37364049177));
#2978=CARTESIAN_POINT('',(-181.613879632019,182.963879631445,-47.8257152746727));
#2979=CARTESIAN_POINT('Ctrl Pts',(-183.391901503258,184.244230083162,-51.2217417829277));
#2980=CARTESIAN_POINT('Ctrl Pts',(-183.238989960141,184.295348497468,-51.1091802855536));
#2981=CARTESIAN_POINT('Ctrl Pts',(-183.085143785642,184.31420056907,-50.9598450983399));
#2982=CARTESIAN_POINT('Ctrl Pts',(-182.570581223257,184.312858222815,-50.3888044763815));
#2983=CARTESIAN_POINT('Ctrl Pts',(-182.224236663381,184.135705858147,-49.8083987509855));
#2984=CARTESIAN_POINT('Ctrl Pts',(-182.00431797885,183.913480302705,-49.3171909226378));
#2985=CARTESIAN_POINT('Ctrl Pts',(-181.880571471534,183.788435737342,-49.0407921561842));
#2986=CARTESIAN_POINT('Ctrl Pts',(-181.770884964492,183.627157446261,-48.7394513981569));
#2987=CARTESIAN_POINT('Ctrl Pts',(-181.645920229531,183.294278716372,-48.2297152640018));
#2988=CARTESIAN_POINT('Ctrl Pts',(-181.613879631874,183.134703376372,-48.0161937227354));
#2989=CARTESIAN_POINT('Ctrl Pts',(-181.613879632019,182.963879630872,-47.8257152746727));
#2990=CARTESIAN_POINT('Ctrl Pts',(-181.613879632019,182.963879630872,-47.8257152746727));
#2991=CARTESIAN_POINT('Ctrl Pts',(-181.613879632064,182.910715667841,-47.7664343524498));
#2992=CARTESIAN_POINT('Ctrl Pts',(-181.617007212653,182.856448436194,-47.7093975841747));
#2993=CARTESIAN_POINT('Ctrl Pts',(-181.638225698598,182.681740479408,-47.5381757681737));
#2994=CARTESIAN_POINT('Ctrl Pts',(-181.672007992062,182.543531107037,-47.4216258402745));
#2995=CARTESIAN_POINT('Ctrl Pts',(-181.766423585361,182.335882416817,-47.2952119034052));
#2996=CARTESIAN_POINT('Ctrl Pts',(-181.80508955856,182.26653293393,-47.2609501369679));
#2997=CARTESIAN_POINT('Ctrl Pts',(-181.896866290903,182.132894167274,-47.2142036851621));
#2998=CARTESIAN_POINT('Ctrl Pts',(-181.949968048614,182.06860290622,-47.2017069812809));
#2999=CARTESIAN_POINT('Ctrl Pts',(-182.06860290622,181.949968048614,-47.2017069812809));
#3000=CARTESIAN_POINT('Ctrl Pts',(-182.132894167274,181.896866290903,-47.2142036851621));
#3001=CARTESIAN_POINT('Ctrl Pts',(-182.26653293393,181.80508955856,-47.2609501369678));
#3002=CARTESIAN_POINT('Ctrl Pts',(-182.335882416817,181.766423585361,-47.2952119034052));
#3003=CARTESIAN_POINT('Ctrl Pts',(-182.543531107038,181.672007992062,-47.4216258402745));
#3004=CARTESIAN_POINT('Ctrl Pts',(-182.681740479408,181.638225698597,-47.5381757681737));
#3005=CARTESIAN_POINT('Ctrl Pts',(-183.034237991137,181.595414463003,-47.8836395078016));
#3006=CARTESIAN_POINT('Ctrl Pts',(-183.249454402618,181.629092904787,-48.1610759357488));
#3007=CARTESIAN_POINT('Ctrl Pts',(-183.627157446261,181.770884964492,-48.739451398157));
#3008=CARTESIAN_POINT('Ctrl Pts',(-183.788435737342,181.880571471534,-49.0407921561842));
#3009=CARTESIAN_POINT('Ctrl Pts',(-184.135705858147,182.224236663381,-49.8083987509855));
#3010=CARTESIAN_POINT('Ctrl Pts',(-184.312858222815,182.570581223257,-50.3888044763814));
#3011=CARTESIAN_POINT('Ctrl Pts',(-184.314200569069,183.085143785335,-50.9598450980003));
#3012=CARTESIAN_POINT('Ctrl Pts',(-184.295348497573,183.238989959381,-51.1091802848291));
#3013=CARTESIAN_POINT('Ctrl Pts',(-184.244230083538,183.391901502132,-51.2217417820992));
#3014=CARTESIAN_POINT('',(-184.089807875351,-184.089807875516,-51.8244291016937));
#3015=CARTESIAN_POINT('',(-183.391901502132,-184.244230083538,-51.2217417820992));
#3016=CARTESIAN_POINT('Origin',(-196.964036268284,196.964036268284,-330.373640492162));
#3017=CARTESIAN_POINT('',(-184.244230083162,-183.391901503258,-51.2217417829277));
#3018=CARTESIAN_POINT('Origin',(196.964036268172,-196.964036268172,-330.37364049177));
#3019=CARTESIAN_POINT('',(-181.613879632019,-182.963879631445,-47.8257152746726));
#3020=CARTESIAN_POINT('Ctrl Pts',(-184.244230083162,-183.391901503258,-51.2217417829277));
#3021=CARTESIAN_POINT('Ctrl Pts',(-184.295348497468,-183.238989960141,-51.1091802855536));
#3022=CARTESIAN_POINT('Ctrl Pts',(-184.31420056907,-183.085143785641,-50.9598450983399));
#3023=CARTESIAN_POINT('Ctrl Pts',(-184.312858222815,-182.570581223257,-50.3888044763814));
#3024=CARTESIAN_POINT('Ctrl Pts',(-184.135705858147,-182.224236663381,-49.8083987509855));
#3025=CARTESIAN_POINT('Ctrl Pts',(-183.913480302705,-182.00431797885,-49.3171909226378));
#3026=CARTESIAN_POINT('Ctrl Pts',(-183.788435737342,-181.880571471534,-49.0407921561842));
#3027=CARTESIAN_POINT('Ctrl Pts',(-183.627157446261,-181.770884964492,-48.739451398157));
#3028=CARTESIAN_POINT('Ctrl Pts',(-183.249454402618,-181.629092904787,-48.1610759357488));
#3029=CARTESIAN_POINT('Ctrl Pts',(-183.034237991137,-181.595414463003,-47.8836395078016));
#3030=CARTESIAN_POINT('Ctrl Pts',(-182.681740479408,-181.638225698598,-47.5381757681737));
#3031=CARTESIAN_POINT('Ctrl Pts',(-182.543531107037,-181.672007992062,-47.4216258402744));
#3032=CARTESIAN_POINT('Ctrl Pts',(-182.335882416817,-181.766423585361,-47.2952119034051));
#3033=CARTESIAN_POINT('Ctrl Pts',(-182.26653293393,-181.80508955856,-47.2609501369678));
#3034=CARTESIAN_POINT('Ctrl Pts',(-182.132894167274,-181.896866290903,-47.214203685162));
#3035=CARTESIAN_POINT('Ctrl Pts',(-182.06860290622,-181.949968048614,-47.2017069812809));
#3036=CARTESIAN_POINT('Ctrl Pts',(-181.949968048614,-182.06860290622,-47.2017069812809));
#3037=CARTESIAN_POINT('Ctrl Pts',(-181.896866290903,-182.132894167274,-47.2142036851621));
#3038=CARTESIAN_POINT('Ctrl Pts',(-181.80508955856,-182.26653293393,-47.2609501369679));
#3039=CARTESIAN_POINT('Ctrl Pts',(-181.766423585361,-182.335882416817,-47.2952119034052));
#3040=CARTESIAN_POINT('Ctrl Pts',(-181.672007992062,-182.543531107037,-47.4216258402745));
#3041=CARTESIAN_POINT('Ctrl Pts',(-181.638225698597,-182.681740479408,-47.5381757681737));
#3042=CARTESIAN_POINT('Ctrl Pts',(-181.617007212653,-182.856448436194,-47.7093975841747));
#3043=CARTESIAN_POINT('Ctrl Pts',(-181.613879632064,-182.910715667841,-47.7664343524498));
#3044=CARTESIAN_POINT('Ctrl Pts',(-181.613879632019,-182.963879630872,-47.8257152746727));
#3045=CARTESIAN_POINT('Ctrl Pts',(-181.613879632019,-182.963879630872,-47.8257152746726));
#3046=CARTESIAN_POINT('Ctrl Pts',(-181.613879631874,-183.134703376372,-48.0161937227353));
#3047=CARTESIAN_POINT('Ctrl Pts',(-181.645920229531,-183.294278716372,-48.2297152640018));
#3048=CARTESIAN_POINT('Ctrl Pts',(-181.770884964492,-183.627157446261,-48.7394513981569));
#3049=CARTESIAN_POINT('Ctrl Pts',(-181.880571471534,-183.788435737342,-49.0407921561841));
#3050=CARTESIAN_POINT('Ctrl Pts',(-182.224236663381,-184.135705858147,-49.8083987509855));
#3051=CARTESIAN_POINT('Ctrl Pts',(-182.570581223257,-184.312858222815,-50.3888044763814));
#3052=CARTESIAN_POINT('Ctrl Pts',(-183.085143785336,-184.314200569069,-50.9598450980003));
#3053=CARTESIAN_POINT('Ctrl Pts',(-183.238989959381,-184.295348497573,-51.1091802848291));
#3054=CARTESIAN_POINT('Ctrl Pts',(-183.391901502132,-184.244230083538,-51.2217417820992));
#3055=CARTESIAN_POINT('',(184.089807875516,-184.089807875351,-51.8244291016937));
#3056=CARTESIAN_POINT('',(184.244230083538,-183.391901502132,-51.2217417820992));
#3057=CARTESIAN_POINT('Origin',(-196.964036268284,-196.964036268284,-330.373640492162));
#3058=CARTESIAN_POINT('',(183.391901503258,-184.244230083162,-51.2217417829277));
#3059=CARTESIAN_POINT('Origin',(196.964036268171,196.964036268171,-330.37364049177));
#3060=CARTESIAN_POINT('',(184.313879632019,-182.963879632019,-50.8252659651168));
#3061=CARTESIAN_POINT('Ctrl Pts',(183.391901503258,-184.244230083162,-51.2217417829277));
#3062=CARTESIAN_POINT('Ctrl Pts',(183.238989960141,-184.295348497468,-51.1091802855536));
#3063=CARTESIAN_POINT('Ctrl Pts',(183.085143785642,-184.31420056907,-50.9598450983399));
#3064=CARTESIAN_POINT('Ctrl Pts',(182.570581223257,-184.312858222815,-50.3888044763816));
#3065=CARTESIAN_POINT('Ctrl Pts',(182.224236663381,-184.135705858147,-49.8083987509856));
#3066=CARTESIAN_POINT('Ctrl Pts',(182.00431797885,-183.913480302705,-49.3171909226379));
#3067=CARTESIAN_POINT('Ctrl Pts',(181.880571471534,-183.788435737342,-49.0407921561843));
#3068=CARTESIAN_POINT('Ctrl Pts',(181.770884964492,-183.627157446261,-48.739451398157));
#3069=CARTESIAN_POINT('Ctrl Pts',(181.629092904788,-183.249454402618,-48.1610759357488));
#3070=CARTESIAN_POINT('Ctrl Pts',(181.595414463003,-183.034237991137,-47.8836395078016));
#3071=CARTESIAN_POINT('Ctrl Pts',(181.638225698598,-182.681740479408,-47.5381757681738));
#3072=CARTESIAN_POINT('Ctrl Pts',(181.672007992062,-182.543531107037,-47.4216258402745));
#3073=CARTESIAN_POINT('Ctrl Pts',(181.766423585361,-182.335882416817,-47.2952119034052));
#3074=CARTESIAN_POINT('Ctrl Pts',(181.80508955856,-182.26653293393,-47.2609501369679));
#3075=CARTESIAN_POINT('Ctrl Pts',(181.896866290903,-182.132894167274,-47.2142036851621));
#3076=CARTESIAN_POINT('Ctrl Pts',(181.949968048614,-182.06860290622,-47.2017069812809));
#3077=CARTESIAN_POINT('Ctrl Pts',(182.06860290622,-181.949968048614,-47.2017069812809));
#3078=CARTESIAN_POINT('Ctrl Pts',(182.132894167274,-181.896866290903,-47.2142036851621));
#3079=CARTESIAN_POINT('Ctrl Pts',(182.26653293393,-181.80508955856,-47.2609501369679));
#3080=CARTESIAN_POINT('Ctrl Pts',(182.335882416817,-181.766423585361,-47.2952119034052));
#3081=CARTESIAN_POINT('Ctrl Pts',(182.543531107038,-181.672007992062,-47.4216258402746));
#3082=CARTESIAN_POINT('Ctrl Pts',(182.681740479408,-181.638225698597,-47.5381757681738));
#3083=CARTESIAN_POINT('Ctrl Pts',(183.034237991137,-181.595414463003,-47.8836395078017));
#3084=CARTESIAN_POINT('Ctrl Pts',(183.249454402618,-181.629092904787,-48.1610759357488));
#3085=CARTESIAN_POINT('Ctrl Pts',(183.627157446261,-181.770884964492,-48.739451398157));
#3086=CARTESIAN_POINT('Ctrl Pts',(183.788435737342,-181.880571471534,-49.0407921561843));
#3087=CARTESIAN_POINT('Ctrl Pts',(184.135705858147,-182.224236663381,-49.8083987509856));
#3088=CARTESIAN_POINT('Ctrl Pts',(184.312858222816,-182.570581223257,-50.3888044763815));
#3089=CARTESIAN_POINT('Ctrl Pts',(184.313878094405,-182.961529338787,-50.8226628084203));
#3090=CARTESIAN_POINT('Ctrl Pts',(184.313879632019,-182.962703262576,-50.8239638873474));
#3091=CARTESIAN_POINT('Ctrl Pts',(184.313879632019,-182.963879632019,-50.8252659651168));
#3092=CARTESIAN_POINT('Ctrl Pts',(184.313879632019,-182.963879632019,-50.8252659651168));
#3093=CARTESIAN_POINT('Ctrl Pts',(184.313879632019,-183.088012355838,-50.9626636687422));
#3094=CARTESIAN_POINT('Ctrl Pts',(184.294868611088,-183.2404254535,-51.1102369831297));
#3095=CARTESIAN_POINT('Ctrl Pts',(184.244230083538,-183.391901502132,-51.2217417820992));
#3096=CARTESIAN_POINT('',(1.16683365840233E-10,-260.342302992096,-51.8244291016937));
#3097=CARTESIAN_POINT('',(0.602687319711245,-259.958001653417,-51.2217417820992));
#3098=CARTESIAN_POINT('Origin',(-278.549211390353,0.,-330.373640492162));
#3099=CARTESIAN_POINT('',(-0.602687318649402,-259.958001653947,-51.2217417829277));
#3100=CARTESIAN_POINT('Origin',(278.549211390194,-1.24344978758018E-13,
-330.37364049177));
#3101=CARTESIAN_POINT('',(1.35000000000003,-258.749999989008,-49.3282570641011));
#3102=CARTESIAN_POINT('Ctrl Pts',(-0.602687318649374,-259.958001653947,
-51.2217417829277));
#3103=CARTESIAN_POINT('Ctrl Pts',(-0.746958285108556,-259.886023042287,
-51.1091802855536));
#3104=CARTESIAN_POINT('Ctrl Pts',(-0.869074386025485,-259.790567796708,
-50.9598450983399));
#3105=CARTESIAN_POINT('Ctrl Pts',(-1.23197588109302,-259.425767937362,-50.3888044763815));
#3106=CARTESIAN_POINT('Ctrl Pts',(-1.35161282964829,-259.055599712087,-49.8083987509856));
#3107=CARTESIAN_POINT('Ctrl Pts',(-1.34998162558381,-258.742956521739,-49.3171909226379));
#3108=CARTESIAN_POINT('Ctrl Pts',(-1.34906375993665,-258.567034667149,-49.0407921561843));
#3109=CARTESIAN_POINT('Ctrl Pts',(-1.31258285958926,-258.375433620933,-48.739451398157));
#3110=CARTESIAN_POINT('Ctrl Pts',(-1.14576860308922,-258.008095110563,-48.1610759357488));
#3111=CARTESIAN_POINT('Ctrl Pts',(-1.01740187367442,-257.832099872016,-47.8836395078016));
#3112=CARTESIAN_POINT('Ctrl Pts',(-0.737876377779174,-257.613118606121,
-47.5381757681737));
#3113=CARTESIAN_POINT('Ctrl Pts',(-0.616259904560214,-257.539277510487,
-47.4216258402745));
#3114=CARTESIAN_POINT('Ctrl Pts',(-0.402668201329187,-257.459209619799,
-47.2952119034051));
#3115=CARTESIAN_POINT('Ctrl Pts',(-0.326289739857705,-257.437513102029,
-47.2609501369678));
#3116=CARTESIAN_POINT('Ctrl Pts',(-0.166896911930933,-257.407912173692,
-47.214203685162));
#3117=CARTESIAN_POINT('Ctrl Pts',(-0.0838875122982798,-257.4,-47.2017069812809));
#3118=CARTESIAN_POINT('Ctrl Pts',(0.083887512298343,-257.4,-47.2017069812809));
#3119=CARTESIAN_POINT('Ctrl Pts',(0.166896911931004,-257.407912173692,-47.214203685162));
#3120=CARTESIAN_POINT('Ctrl Pts',(0.326289739857788,-257.437513102029,-47.2609501369678));
#3121=CARTESIAN_POINT('Ctrl Pts',(0.402668201329248,-257.459209619799,-47.2952119034051));
#3122=CARTESIAN_POINT('Ctrl Pts',(0.616259904560273,-257.539277510487,-47.4216258402745));
#3123=CARTESIAN_POINT('Ctrl Pts',(0.737876377779237,-257.613118606121,-47.5381757681737));
#3124=CARTESIAN_POINT('Ctrl Pts',(1.01740187367448,-257.832099872016,-47.8836395078016));
#3125=CARTESIAN_POINT('Ctrl Pts',(1.14576860308928,-258.008095110563,-48.1610759357488));
#3126=CARTESIAN_POINT('Ctrl Pts',(1.31258285958932,-258.375433620933,-48.739451398157));
#3127=CARTESIAN_POINT('Ctrl Pts',(1.34906375993671,-258.567034667149,-49.0407921561843));
#3128=CARTESIAN_POINT('Ctrl Pts',(1.34999385850886,-258.745301133782,-49.3208746484488));
#3129=CARTESIAN_POINT('Ctrl Pts',(1.34999999996175,-258.747648973836,-49.3245633958631));
#3130=CARTESIAN_POINT('Ctrl Pts',(1.35000000000003,-258.749999978016,-49.3282570641011));
#3131=CARTESIAN_POINT('Ctrl Pts',(1.35000000000003,-258.749999978016,-49.3282570641011));
#3132=CARTESIAN_POINT('Ctrl Pts',(1.35000000506691,-259.061144526066,-49.8170970009541));
#3133=CARTESIAN_POINT('Ctrl Pts',(1.22991435699065,-259.427840245448,-50.3920483704454));
#3134=CARTESIAN_POINT('Ctrl Pts',(0.869074386241298,-259.790567796491,-50.9598450980004));
#3135=CARTESIAN_POINT('Ctrl Pts',(0.746958285719429,-259.886023041824,-51.1091802848291));
#3136=CARTESIAN_POINT('Ctrl Pts',(0.602687319711242,-259.958001653417,-51.2217417820992));
#3137=CARTESIAN_POINT('',(-260.342302992096,-1.16699307208635E-10,-51.8244291016937));
#3138=CARTESIAN_POINT('',(-259.958001653417,-0.602687319711261,-51.2217417820992));
#3139=CARTESIAN_POINT('Origin',(-1.4210854715202E-13,278.549211390353,-330.373640492162));
#3140=CARTESIAN_POINT('',(-259.958001653947,0.602687318649386,-51.2217417829277));
#3141=CARTESIAN_POINT('Origin',(2.1316282072803E-13,-278.549211390195,-330.373640491771));
#3142=CARTESIAN_POINT('',(-257.4,-5.7288714206467E-14,-47.2017069812809));
#3143=CARTESIAN_POINT('Ctrl Pts',(-259.958001653947,0.602687318649335,-51.2217417829277));
#3144=CARTESIAN_POINT('Ctrl Pts',(-259.886023042287,0.74695828510852,-51.1091802855536));
#3145=CARTESIAN_POINT('Ctrl Pts',(-259.790567796708,0.869074386025458,-50.9598450983399));
#3146=CARTESIAN_POINT('Ctrl Pts',(-259.425767937362,1.231975881093,-50.3888044763815));
#3147=CARTESIAN_POINT('Ctrl Pts',(-259.055599712087,1.35161282964826,-49.8083987509855));
#3148=CARTESIAN_POINT('Ctrl Pts',(-258.742956521739,1.34998162558378,-49.3171909226378));
#3149=CARTESIAN_POINT('Ctrl Pts',(-258.567034667149,1.34906375993663,-49.0407921561842));
#3150=CARTESIAN_POINT('Ctrl Pts',(-258.375433620933,1.31258285958923,-48.739451398157));
#3151=CARTESIAN_POINT('Ctrl Pts',(-258.008095110563,1.14576860308919,-48.1610759357488));
#3152=CARTESIAN_POINT('Ctrl Pts',(-257.832099872016,1.01740187367439,-47.8836395078016));
#3153=CARTESIAN_POINT('Ctrl Pts',(-257.613118606121,0.737876377779151,-47.5381757681737));
#3154=CARTESIAN_POINT('Ctrl Pts',(-257.539277510487,0.616259904560188,-47.4216258402745));
#3155=CARTESIAN_POINT('Ctrl Pts',(-257.459209619799,0.402668201329162,-47.2952119034051));
#3156=CARTESIAN_POINT('Ctrl Pts',(-257.437513102029,0.326289739857698,-47.2609501369678));
#3157=CARTESIAN_POINT('Ctrl Pts',(-257.407912173692,0.166896911930913,-47.214203685162));
#3158=CARTESIAN_POINT('Ctrl Pts',(-257.4,0.0838875122982543,-47.2017069812809));
#3159=CARTESIAN_POINT('Ctrl Pts',(-257.4,-5.70984232117766E-14,-47.2017069812809));
#3160=CARTESIAN_POINT('Ctrl Pts',(-257.4,-5.70984232117766E-14,-47.2017069812809));
#3161=CARTESIAN_POINT('Ctrl Pts',(-257.4,-0.0838875122983689,-47.2017069812809));
#3162=CARTESIAN_POINT('Ctrl Pts',(-257.407912173692,-0.166896911931028,
-47.214203685162));
#3163=CARTESIAN_POINT('Ctrl Pts',(-257.437513102029,-0.326289739857813,
-47.2609501369678));
#3164=CARTESIAN_POINT('Ctrl Pts',(-257.459209619799,-0.402668201329276,
-47.2952119034051));
#3165=CARTESIAN_POINT('Ctrl Pts',(-257.539277510487,-0.616259904560303,
-47.4216258402745));
#3166=CARTESIAN_POINT('Ctrl Pts',(-257.613118606121,-0.737876377779266,
-47.5381757681737));
#3167=CARTESIAN_POINT('Ctrl Pts',(-257.832099872016,-1.0174018736745,-47.8836395078016));
#3168=CARTESIAN_POINT('Ctrl Pts',(-258.008095110563,-1.14576860308931,-48.1610759357488));
#3169=CARTESIAN_POINT('Ctrl Pts',(-258.375433620933,-1.31258285958935,-48.739451398157));
#3170=CARTESIAN_POINT('Ctrl Pts',(-258.567034667149,-1.34906375993674,-49.0407921561842));
#3171=CARTESIAN_POINT('Ctrl Pts',(-259.055599712087,-1.35161282964837,-49.8083987509855));
#3172=CARTESIAN_POINT('Ctrl Pts',(-259.425767937362,-1.23197588109311,-50.3888044763815));
#3173=CARTESIAN_POINT('Ctrl Pts',(-259.790567796491,-0.869074386241329,
-50.9598450980003));
#3174=CARTESIAN_POINT('Ctrl Pts',(-259.886023041824,-0.746958285719461,
-51.1091802848291));
#3175=CARTESIAN_POINT('Ctrl Pts',(-259.958001653417,-0.602687319711299,
-51.2217417820992));
#3176=CARTESIAN_POINT('',(-1.16715248577037E-10,260.342302992096,-51.8244291016937));
#3177=CARTESIAN_POINT('',(0.60268731864937,259.958001653947,-51.2217417829277));
#3178=CARTESIAN_POINT('Origin',(-278.549211390194,0.,-330.37364049177));
#3179=CARTESIAN_POINT('',(1.35,258.749999994723,-49.3282570820594));
#3180=CARTESIAN_POINT('Ctrl Pts',(0.602687318649529,259.958001653947,-51.2217417829276));
#3181=CARTESIAN_POINT('Ctrl Pts',(0.639661985920114,259.939554524341,-51.1928938170823));
#3182=CARTESIAN_POINT('Ctrl Pts',(0.674616179471643,259.919994074109,-51.1623017227558));
#3183=CARTESIAN_POINT('Ctrl Pts',(0.861017077146672,259.805287247961,-50.9828810182059));
#3184=CARTESIAN_POINT('Ctrl Pts',(0.979669287697971,259.690098735934,-50.8026147015098));
#3185=CARTESIAN_POINT('Ctrl Pts',(1.26458936366335,259.321280642509,-50.2250031092928));
#3186=CARTESIAN_POINT('Ctrl Pts',(1.3500000021488,259.024860897639,-49.7600917063223));
#3187=CARTESIAN_POINT('Ctrl Pts',(1.35,258.749999989446,-49.3282570820594));
#3188=CARTESIAN_POINT('',(-0.602687319711277,259.958001653417,-51.2217417820992));
#3189=CARTESIAN_POINT('Ctrl Pts',(1.35,258.749999989446,-49.3282570820594));
#3190=CARTESIAN_POINT('Ctrl Pts',(1.34999999998163,258.747650582016,-49.324565922478));
#3191=CARTESIAN_POINT('Ctrl Pts',(1.34999386692152,258.745302746194,-49.3208771817819));
#3192=CARTESIAN_POINT('Ctrl Pts',(1.34998162558384,258.742956521739,-49.3171909226378));
#3193=CARTESIAN_POINT('Ctrl Pts',(1.34906375993668,258.567034667149,-49.0407921561842));
#3194=CARTESIAN_POINT('Ctrl Pts',(1.31258285958929,258.375433620933,-48.739451398157));
#3195=CARTESIAN_POINT('Ctrl Pts',(1.14576860308925,258.008095110563,-48.1610759357488));
#3196=CARTESIAN_POINT('Ctrl Pts',(1.01740187367445,257.832099872016,-47.8836395078015));
#3197=CARTESIAN_POINT('Ctrl Pts',(0.737876377779211,257.613118606121,-47.5381757681737));
#3198=CARTESIAN_POINT('Ctrl Pts',(0.616259904560234,257.539277510487,-47.4216258402744));
#3199=CARTESIAN_POINT('Ctrl Pts',(0.402668201329214,257.459209619799,-47.2952119034051));
#3200=CARTESIAN_POINT('Ctrl Pts',(0.326289739857737,257.437513102029,-47.2609501369678));
#3201=CARTESIAN_POINT('Ctrl Pts',(0.166896911930954,257.407912173692,-47.214203685162));
#3202=CARTESIAN_POINT('Ctrl Pts',(0.083887512298309,257.4,-47.2017069812809));
#3203=CARTESIAN_POINT('Ctrl Pts',(-0.0838875122983091,257.4,-47.2017069812809));
#3204=CARTESIAN_POINT('Ctrl Pts',(-0.166896911930975,257.407912173692,-47.214203685162));
#3205=CARTESIAN_POINT('Ctrl Pts',(-0.326289739857751,257.437513102029,-47.2609501369678));
#3206=CARTESIAN_POINT('Ctrl Pts',(-0.402668201329199,257.459209619799,-47.2952119034051));
#3207=CARTESIAN_POINT('Ctrl Pts',(-0.616259904560222,257.539277510487,-47.4216258402745));
#3208=CARTESIAN_POINT('Ctrl Pts',(-0.737876377779211,257.613118606121,-47.5381757681737));
#3209=CARTESIAN_POINT('Ctrl Pts',(-1.01740187367445,257.832099872016,-47.8836395078015));
#3210=CARTESIAN_POINT('Ctrl Pts',(-1.14576860308925,258.008095110563,-48.1610759357488));
#3211=CARTESIAN_POINT('Ctrl Pts',(-1.31258285958929,258.375433620933,-48.739451398157));
#3212=CARTESIAN_POINT('Ctrl Pts',(-1.34906375993668,258.567034667149,-49.0407921561842));
#3213=CARTESIAN_POINT('Ctrl Pts',(-1.35161282964832,259.055599712087,-49.8083987509855));
#3214=CARTESIAN_POINT('Ctrl Pts',(-1.23197588109305,259.425767937362,-50.3888044763815));
#3215=CARTESIAN_POINT('Ctrl Pts',(-0.86907438624066,259.790567796492,-50.9598450980013));
#3216=CARTESIAN_POINT('Ctrl Pts',(-0.746958285717669,259.886023041825,-51.1091802848312));
#3217=CARTESIAN_POINT('Ctrl Pts',(-0.602687319708229,259.958001653419,-51.2217417821015));
#3218=CARTESIAN_POINT('Origin',(278.549211390353,-1.24344978758018E-13,
-330.373640492162));
#3219=CARTESIAN_POINT('Origin',(275.,1.16664731896572E-10,-51.8244291016937));
#3220=CARTESIAN_POINT('',(260.1,1.16667468982169E-10,-51.8244291016937));
#3221=CARTESIAN_POINT('',(275.,1.16664731896572E-10,-51.8244291016937));
#3222=CARTESIAN_POINT('Origin',(258.75,-5.74540415243519E-14,-51.824429101577));
#3223=CARTESIAN_POINT('Origin',(275.,0.602687319711224,-51.2217417820992));
#3224=CARTESIAN_POINT('Origin',(258.75,-5.74540415243519E-14,-51.8244291018105));
#3225=CARTESIAN_POINT('Origin',(258.75,-5.74540415243519E-14,-47.7205));
#3226=CARTESIAN_POINT('',(260.1,-5.7288714206467E-14,-56.));
#3227=CARTESIAN_POINT('Origin',(258.75,-5.74540415243519E-14,-56.));
#3228=CARTESIAN_POINT('',(260.1,-5.7288714206467E-14,-47.7205));
#3229=CARTESIAN_POINT('Origin',(194.454364826383,-194.454364826218,-51.8244291016937));
#3230=CARTESIAN_POINT('',(183.918473786704,-183.918473786539,-51.8244291016937));
#3231=CARTESIAN_POINT('',(194.454364826383,-194.454364826218,-51.8244291016937));
#3232=CARTESIAN_POINT('Origin',(182.963879632019,-182.963879632019,-51.8244291015771));
#3233=CARTESIAN_POINT('Origin',(194.880529117004,-194.028200535598,-51.2217417820992));
#3234=CARTESIAN_POINT('Origin',(182.963879632019,-182.963879632019,-51.8244291018104));
#3235=CARTESIAN_POINT('Origin',(182.963879632019,-182.963879632019,-47.7205));
#3236=CARTESIAN_POINT('',(184.313879632019,-182.963879632019,-56.));
#3237=CARTESIAN_POINT('Origin',(182.963879632019,-182.963879632019,-56.));
#3238=CARTESIAN_POINT('',(184.313879632019,-182.963879632019,-47.7205));
#3239=CARTESIAN_POINT('Origin',(1.16681570790061E-10,-275.,-51.8244291016937));
#3240=CARTESIAN_POINT('',(1.16683395513791E-10,-260.1,-51.8244291016937));
#3241=CARTESIAN_POINT('',(1.16681570790061E-10,-275.,-51.8244291016937));
#3242=CARTESIAN_POINT('Origin',(3.16877359279378E-14,-258.75,-51.8244291015771));
#3243=CARTESIAN_POINT('Origin',(0.602687319711241,-275.,-51.2217417820992));
#3244=CARTESIAN_POINT('Origin',(3.16877359279378E-14,-258.75,-51.8244291018104));
#3245=CARTESIAN_POINT('Origin',(3.16877359279378E-14,-258.75,-47.7205));
#3246=CARTESIAN_POINT('',(1.35000000000003,-258.75,-56.));
#3247=CARTESIAN_POINT('Origin',(3.16877359279378E-14,-258.75,-56.));
#3248=CARTESIAN_POINT('',(1.35000000000003,-258.75,-47.7205));
#3249=CARTESIAN_POINT('Origin',(-194.454364826218,-194.454364826383,-51.8244291016937));
#3250=CARTESIAN_POINT('',(-183.918473786538,-183.918473786704,-51.8244291016937));
#3251=CARTESIAN_POINT('',(-194.454364826218,-194.454364826383,-51.8244291016937));
#3252=CARTESIAN_POINT('Origin',(-182.963879632019,-182.963879632019,-51.824429101577));
#3253=CARTESIAN_POINT('Origin',(-194.028200535598,-194.880529117004,-51.2217417820992));
#3254=CARTESIAN_POINT('Origin',(-182.963879632019,-182.963879632019,-51.8244291018104));
#3255=CARTESIAN_POINT('Origin',(-182.963879632019,-182.963879632019,-47.7205));
#3256=CARTESIAN_POINT('',(-181.613879632019,-182.963879632019,-56.));
#3257=CARTESIAN_POINT('Origin',(-182.963879632019,-182.963879632019,-56.));
#3258=CARTESIAN_POINT('',(-181.613879632019,-182.963879632019,-47.7205));
#3259=CARTESIAN_POINT('Origin',(-275.,-1.16698409683549E-10,-51.8244291016937));
#3260=CARTESIAN_POINT('',(-260.1,-1.16699322045414E-10,-51.8244291016937));
#3261=CARTESIAN_POINT('',(-275.,-1.16698409683549E-10,-51.8244291016937));
#3262=CARTESIAN_POINT('Origin',(-258.75,-5.74540415243519E-14,-51.8244291015771));
#3263=CARTESIAN_POINT('Origin',(-275.,-0.602687319711258,-51.2217417820992));
#3264=CARTESIAN_POINT('Origin',(-258.75,-5.74540415243519E-14,-51.8244291018104));
#3265=CARTESIAN_POINT('Origin',(-258.75,-5.74540415243519E-14,-47.7205));
#3266=CARTESIAN_POINT('',(-257.4,-5.7288714206467E-14,-56.));
#3267=CARTESIAN_POINT('Origin',(-258.75,-5.74540415243519E-14,-56.));
#3268=CARTESIAN_POINT('',(-257.4,-5.7288714206467E-14,-47.7205));
#3269=CARTESIAN_POINT('Origin',(-194.454364826383,194.454364826218,-51.8244291016937));
#3270=CARTESIAN_POINT('',(-183.918473786704,183.918473786538,-51.8244291016937));
#3271=CARTESIAN_POINT('',(-194.454364826383,194.454364826218,-51.8244291016937));
#3272=CARTESIAN_POINT('Origin',(-182.963879632019,182.963879632019,-51.8244291015771));
#3273=CARTESIAN_POINT('Origin',(-194.880529117004,194.028200535598,-51.2217417820992));
#3274=CARTESIAN_POINT('Origin',(-182.963879632019,182.963879632019,-51.8244291018104));
#3275=CARTESIAN_POINT('Origin',(-1.16715248577037E-10,275.,-51.8244291016937));
#3276=CARTESIAN_POINT('',(-1.16715248577037E-10,260.1,-51.8244291016937));
#3277=CARTESIAN_POINT('',(-1.16715248577037E-10,275.,-51.8244291016937));
#3278=CARTESIAN_POINT('Origin',(0.,258.75,-51.824429101577));
#3279=CARTESIAN_POINT('Origin',(-0.602687319711275,275.,-51.2217417820992));
#3280=CARTESIAN_POINT('Origin',(0.,258.75,-51.8244291018105));
#3281=CARTESIAN_POINT('Origin',(0.,258.75,-47.7205));
#3282=CARTESIAN_POINT('',(1.35,258.75,-56.));
#3283=CARTESIAN_POINT('Origin',(0.,258.75,-56.));
#3284=CARTESIAN_POINT('',(1.35,258.75,-47.7205));
#3285=CARTESIAN_POINT('Origin',(-182.963879632019,182.963879632019,-47.7205));
#3286=CARTESIAN_POINT('',(-181.613879632019,182.963879632019,-56.));
#3287=CARTESIAN_POINT('Origin',(-182.963879632019,182.963879632019,-56.));
#3288=CARTESIAN_POINT('',(-181.613879632019,182.963879632019,-47.7205));
#3289=CARTESIAN_POINT('Origin',(-2.98767587903994E-31,2.43962249451838E-15,
-27.6626659984828));
#3290=CARTESIAN_POINT('Origin',(-2.98767587903994E-31,2.43962249451838E-15,
-10.3231982703643));
#3291=CARTESIAN_POINT('',(256.,4.81431207093172E-15,-27.6626659984828));
#3292=CARTESIAN_POINT('Origin',(-2.98767587903994E-31,2.43962249451838E-15,
-7.66159913518216));
#3293=CARTESIAN_POINT('Origin',(-265.,-145.,-15.));
#3294=CARTESIAN_POINT('',(-266.75,-145.,0.));
#3295=CARTESIAN_POINT('Origin',(-265.,-145.,0.));
#3296=CARTESIAN_POINT('',(-266.75,-145.,-15.));
#3297=CARTESIAN_POINT('Origin',(-145.,265.,-15.));
#3298=CARTESIAN_POINT('',(-146.75,265.,0.));
#3299=CARTESIAN_POINT('Origin',(-145.,265.,0.));
#3300=CARTESIAN_POINT('',(-146.75,265.,-15.));
#3301=CARTESIAN_POINT('Origin',(265.,145.,-15.));
#3302=CARTESIAN_POINT('',(263.25,145.,0.));
#3303=CARTESIAN_POINT('Origin',(265.,145.,0.));
#3304=CARTESIAN_POINT('',(263.25,145.,-15.));
#3305=CARTESIAN_POINT('Origin',(145.,-265.,-15.));
#3306=CARTESIAN_POINT('',(143.25,-265.,0.));
#3307=CARTESIAN_POINT('Origin',(145.,-265.,0.));
#3308=CARTESIAN_POINT('',(143.25,-265.,-15.));
#3309=CARTESIAN_POINT('Origin',(265.,-265.,-15.));
#3310=CARTESIAN_POINT('',(263.25,-265.,0.));
#3311=CARTESIAN_POINT('Origin',(265.,-265.,0.));
#3312=CARTESIAN_POINT('',(263.25,-265.,-15.));
#3313=CARTESIAN_POINT('Origin',(265.,-145.,-15.));
#3314=CARTESIAN_POINT('',(263.25,-145.,0.));
#3315=CARTESIAN_POINT('Origin',(265.,-145.,0.));
#3316=CARTESIAN_POINT('',(263.25,-145.,-15.));
#3317=CARTESIAN_POINT('Origin',(145.,265.,-15.));
#3318=CARTESIAN_POINT('',(143.25,265.,0.));
#3319=CARTESIAN_POINT('Origin',(145.,265.,0.));
#3320=CARTESIAN_POINT('',(143.25,265.,-15.));
#3321=CARTESIAN_POINT('Origin',(-265.,145.,-15.));
#3322=CARTESIAN_POINT('',(-266.75,145.,0.));
#3323=CARTESIAN_POINT('Origin',(-265.,145.,0.));
#3324=CARTESIAN_POINT('',(-266.75,145.,-15.));
#3325=CARTESIAN_POINT('Origin',(-145.,-265.,-15.));
#3326=CARTESIAN_POINT('',(-146.75,-265.,0.));
#3327=CARTESIAN_POINT('Origin',(-145.,-265.,0.));
#3328=CARTESIAN_POINT('',(-146.75,-265.,-15.));
#3329=CARTESIAN_POINT('Origin',(275.,-275.,0.));
#3330=CARTESIAN_POINT('',(-275.,-275.,0.));
#3331=CARTESIAN_POINT('',(275.,-275.,0.));
#3332=CARTESIAN_POINT('',(-275.,-275.,0.));
#3333=CARTESIAN_POINT('',(-275.,-275.,0.));
#3334=CARTESIAN_POINT('',(275.,-275.,0.));
#3335=CARTESIAN_POINT('Origin',(275.,275.,0.));
#3336=CARTESIAN_POINT('',(275.,275.,0.));
#3337=CARTESIAN_POINT('',(275.,-275.,0.));
#3338=CARTESIAN_POINT('',(275.,275.,0.));
#3339=CARTESIAN_POINT('Origin',(-275.,275.,0.));
#3340=CARTESIAN_POINT('',(-275.,275.,0.));
#3341=CARTESIAN_POINT('',(275.,275.,0.));
#3342=CARTESIAN_POINT('',(-275.,275.,0.));
#3343=CARTESIAN_POINT('Origin',(-275.,-275.,0.));
#3344=CARTESIAN_POINT('',(-275.,275.,0.));
#3345=CARTESIAN_POINT('Origin',(0.,0.,0.));
#3346=CARTESIAN_POINT('',(-253.,-3.0983564018428E-14,0.));
#3347=CARTESIAN_POINT('Origin',(0.,0.,0.));
#3348=CARTESIAN_POINT('',(-253.,-3.0983564018428E-14,-56.));
#3349=CARTESIAN_POINT('',(-253.,3.0983564018428E-14,0.));
#3350=CARTESIAN_POINT('Origin',(0.,0.,-56.));
#3351=CARTESIAN_POINT('Origin',(0.,0.,0.));
#3352=CARTESIAN_POINT('Origin',(0.,0.,-56.));
#3353=CARTESIAN_POINT('',(0.,0.,0.));
#3354=UNCERTAINTY_MEASURE_WITH_UNIT(LENGTH_MEASURE(0.01),#3360,
'DISTANCE_ACCURACY_VALUE',
'Maximum model space distance between geometric entities at asserted c
onnectivities');
#3355=UNCERTAINTY_MEASURE_WITH_UNIT(LENGTH_MEASURE(0.01),#3360,
'DISTANCE_ACCURACY_VALUE',
'Maximum model space distance between geometric entities at asserted c
onnectivities');
#3356=UNCERTAINTY_MEASURE_WITH_UNIT(LENGTH_MEASURE(0.01),#3360,
'DISTANCE_ACCURACY_VALUE',
'Maximum model space distance between geometric entities at asserted c
onnectivities');
#3357=(
GEOMETRIC_REPRESENTATION_CONTEXT(3)
GLOBAL_UNCERTAINTY_ASSIGNED_CONTEXT((#3354))
GLOBAL_UNIT_ASSIGNED_CONTEXT((#3360,#3362,#3363))
REPRESENTATION_CONTEXT('','3D')
);
#3358=(
GEOMETRIC_REPRESENTATION_CONTEXT(3)
GLOBAL_UNCERTAINTY_ASSIGNED_CONTEXT((#3355))
GLOBAL_UNIT_ASSIGNED_CONTEXT((#3360,#3362,#3363))
REPRESENTATION_CONTEXT('','3D')
);
#3359=(
GEOMETRIC_REPRESENTATION_CONTEXT(3)
GLOBAL_UNCERTAINTY_ASSIGNED_CONTEXT((#3356))
GLOBAL_UNIT_ASSIGNED_CONTEXT((#3360,#3362,#3363))
REPRESENTATION_CONTEXT('','3D')
);
#3360=(
LENGTH_UNIT()
NAMED_UNIT(*)
SI_UNIT(.MILLI.,.METRE.)
);
#3361=(
LENGTH_UNIT()
NAMED_UNIT(*)
SI_UNIT($,.METRE.)
);
#3362=(
NAMED_UNIT(*)
PLANE_ANGLE_UNIT()
SI_UNIT($,.RADIAN.)
);
#3363=(
NAMED_UNIT(*)
SI_UNIT($,.STERADIAN.)
SOLID_ANGLE_UNIT()
);
#3364=SHAPE_DEFINITION_REPRESENTATION(#3366,#3369);
#3365=SHAPE_DEFINITION_REPRESENTATION(#3367,#3370);
#3366=PRODUCT_DEFINITION_SHAPE('',$,#3372);
#3367=PRODUCT_DEFINITION_SHAPE('',$,#3373);
#3368=PRODUCT_DEFINITION_SHAPE($,$,#14);
#3369=SHAPE_REPRESENTATION('',(#1586,#1753),#3357);
#3370=SHAPE_REPRESENTATION('',(#1587),#3358);
#3371=PRODUCT_DEFINITION_CONTEXT('part definition',#3379,'design');
#3372=PRODUCT_DEFINITION('bqap_bqfb_num_8 (v3~recovered)',
'bqap_bqfb_num_8 (v3~recovered)',#3374,#3371);
#3373=PRODUCT_DEFINITION('1','v6 frame v1',#3375,#3371);
#3374=PRODUCT_DEFINITION_FORMATION('',$,#3381);
#3375=PRODUCT_DEFINITION_FORMATION('',$,#3382);
#3376=PRODUCT_RELATED_PRODUCT_CATEGORY('bqap_bqfb_num_8 (v3~recovered)',
'bqap_bqfb_num_8 (v3~recovered)',(#3381));
#3377=PRODUCT_RELATED_PRODUCT_CATEGORY('v6 frame v1','v6 frame v1',(#3382));
#3378=APPLICATION_PROTOCOL_DEFINITION('international standard',
'automotive_design',2009,#3379);
#3379=APPLICATION_CONTEXT(
'Core Data for Automotive Mechanical Design Process');
#3380=PRODUCT_CONTEXT('part definition',#3379,'mechanical');
#3381=PRODUCT('bqap_bqfb_num_8 (v3~recovered)',
'bqap_bqfb_num_8 (v3~recovered)',$,(#3380));
#3382=PRODUCT('1','v6 frame v1','STEP AP214',(#3380));
#3383=PRESENTATION_STYLE_ASSIGNMENT((#3389));
#3384=PRESENTATION_STYLE_ASSIGNMENT((#3390));
#3385=PRESENTATION_STYLE_ASSIGNMENT((#3391));
#3386=PRESENTATION_STYLE_ASSIGNMENT((#3392));
#3387=PRESENTATION_STYLE_ASSIGNMENT((#3393));
#3388=PRESENTATION_STYLE_ASSIGNMENT((#3394));
#3389=SURFACE_STYLE_USAGE(.BOTH.,#3395);
#3390=SURFACE_STYLE_USAGE(.BOTH.,#3396);
#3391=SURFACE_STYLE_USAGE(.BOTH.,#3397);
#3392=SURFACE_STYLE_USAGE(.BOTH.,#3398);
#3393=SURFACE_STYLE_USAGE(.BOTH.,#3399);
#3394=SURFACE_STYLE_USAGE(.BOTH.,#3400);
#3395=SURFACE_SIDE_STYLE('',(#3401));
#3396=SURFACE_SIDE_STYLE('',(#3402));
#3397=SURFACE_SIDE_STYLE('',(#3403));
#3398=SURFACE_SIDE_STYLE('',(#3404));
#3399=SURFACE_SIDE_STYLE('',(#3405));
#3400=SURFACE_SIDE_STYLE('',(#3406));
#3401=SURFACE_STYLE_FILL_AREA(#3407);
#3402=SURFACE_STYLE_FILL_AREA(#3408);
#3403=SURFACE_STYLE_FILL_AREA(#3409);
#3404=SURFACE_STYLE_FILL_AREA(#3410);
#3405=SURFACE_STYLE_FILL_AREA(#3411);
#3406=SURFACE_STYLE_FILL_AREA(#3412);
#3407=FILL_AREA_STYLE('Steel - Satin',(#3413));
#3408=FILL_AREA_STYLE('Opaque(160,160,160) (1)',(#3414));
#3409=FILL_AREA_STYLE('3D Cherry - Glossy',(#3415));
#3410=FILL_AREA_STYLE('Opaque(160,160,160)',(#3416));
#3411=FILL_AREA_STYLE('ABS (White)',(#3417));
#3412=FILL_AREA_STYLE('Opaque(160,160,160) (2)',(#3418));
#3413=FILL_AREA_STYLE_COLOUR('Steel - Satin',#3419);
#3414=FILL_AREA_STYLE_COLOUR('Opaque(160,160,160) (1)',#3420);
#3415=FILL_AREA_STYLE_COLOUR('3D Cherry - Glossy',#3421);
#3416=FILL_AREA_STYLE_COLOUR('Opaque(160,160,160)',#3422);
#3417=FILL_AREA_STYLE_COLOUR('ABS (White)',#3423);
#3418=FILL_AREA_STYLE_COLOUR('Opaque(160,160,160) (2)',#3424);
#3419=COLOUR_RGB('Steel - Satin',0.627450980392157,0.627450980392157,0.627450980392157);
#3420=COLOUR_RGB('Opaque(160,160,160) (1)',0.,0.,0.);
#3421=COLOUR_RGB('3D Cherry - Glossy',0.67843137254902,0.419607843137255,
0.262745098039216);
#3422=COLOUR_RGB('Opaque(160,160,160)',0.627450980392157,0.627450980392157,
0.627450980392157);
#3423=COLOUR_RGB('ABS (White)',0.964705882352941,0.964705882352941,0.952941176470588);
#3424=COLOUR_RGB('Opaque(160,160,160) (2)',0.627450980392157,0.627450980392157,
0.627450980392157);
ENDSEC;
END-ISO-10303-21;
