ISO-10303-21;
HEADER;
/* Generated by software containing ST-Developer
 * from STEP Tools, Inc. (www.steptools.com) 
 */

FILE_DESCRIPTION(
/* description */ (''),
/* implementation_level */ '2;1');

FILE_NAME(
/* name */ 'motormount_au18_2025.step',
/* time_stamp */ '2025-08-19T15:18:21-04:00',
/* author */ (''),
/* organization */ (''),
/* preprocessor_version */ 'ST-DEVELOPER v20.1',
/* originating_system */ 'Autodesk Translation Framework v14.10.0.0',
/* authorisation */ '');

FILE_SCHEMA (('AUTOMOTIVE_DESIGN { 1 0 10303 214 3 1 1 }'));
ENDSEC;

DATA;
#10=MECHANICAL_DESIGN_GEOMETRIC_PRESENTATION_REPRESENTATION('',(#17),#1993);
#11=ITEM_DEFINED_TRANSFORMATION($,$,#1018,#1132);
#12=(
REPRESENTATION_RELATIONSHIP($,$,#2004,#2003)
REPRESENTATION_RELATIONSHIP_WITH_TRANSFORMATION(#11)
SHAPE_REPRESENTATION_RELATIONSHIP()
);
#13=CONTEXT_DEPENDENT_SHAPE_REPRESENTATION(#12,#2002);
#14=NEXT_ASSEMBLY_USAGE_OCCURRENCE('motor mount 15.34mm thick v1:1',
'motor mount 15.34mm thick v1:1','motor mount 15.34mm thick v1:1',#2006,
#2007,'motor mount 15.34mm thick v1:1');
#15=SHAPE_REPRESENTATION_RELATIONSHIP('SRR','None',#2004,#16);
#16=ADVANCED_BREP_SHAPE_REPRESENTATION('',(#18),#1992);
#17=STYLED_ITEM('',(#2020),#18);
#18=MANIFOLD_SOLID_BREP('motormount_w_wieghtholes',#1004);
#19=CYLINDRICAL_SURFACE('',#1035,1.35);
#20=CYLINDRICAL_SURFACE('',#1037,39.0412060927839);
#21=CYLINDRICAL_SURFACE('',#1056,3.05);
#22=CYLINDRICAL_SURFACE('',#1058,3.05);
#23=CYLINDRICAL_SURFACE('',#1060,3.05);
#24=CYLINDRICAL_SURFACE('',#1078,1.6);
#25=CYLINDRICAL_SURFACE('',#1083,1.6);
#26=CYLINDRICAL_SURFACE('',#1088,1.6);
#27=CYLINDRICAL_SURFACE('',#1093,1.6);
#28=CYLINDRICAL_SURFACE('',#1104,11.3627774676511);
#29=CYLINDRICAL_SURFACE('',#1111,7.63);
#30=CYLINDRICAL_SURFACE('',#1112,7.63);
#31=CYLINDRICAL_SURFACE('',#1113,11.3627774676511);
#32=CYLINDRICAL_SURFACE('',#1114,1.35);
#33=CYLINDRICAL_SURFACE('',#1115,1.35);
#34=CYLINDRICAL_SURFACE('',#1119,7.5);
#35=CYLINDRICAL_SURFACE('',#1122,7.63);
#36=CYLINDRICAL_SURFACE('',#1123,7.5);
#37=CYLINDRICAL_SURFACE('',#1124,7.5);
#38=CYLINDRICAL_SURFACE('',#1125,7.63);
#39=CYLINDRICAL_SURFACE('',#1128,7.63);
#40=CYLINDRICAL_SURFACE('',#1129,11.3627774676511);
#41=CYLINDRICAL_SURFACE('',#1130,11.3627774676511);
#42=CYLINDRICAL_SURFACE('',#1131,7.5);
#43=FACE_BOUND('',#211,.T.);
#44=FACE_BOUND('',#212,.T.);
#45=FACE_BOUND('',#213,.T.);
#46=FACE_BOUND('',#220,.T.);
#47=FACE_BOUND('',#221,.T.);
#48=FACE_BOUND('',#222,.T.);
#49=FACE_BOUND('',#223,.T.);
#50=FACE_BOUND('',#224,.T.);
#51=FACE_BOUND('',#225,.T.);
#52=FACE_BOUND('',#226,.T.);
#53=FACE_BOUND('',#233,.T.);
#54=FACE_BOUND('',#234,.T.);
#55=FACE_BOUND('',#235,.T.);
#56=FACE_BOUND('',#236,.T.);
#57=FACE_BOUND('',#237,.T.);
#58=FACE_BOUND('',#238,.T.);
#59=FACE_BOUND('',#239,.T.);
#60=FACE_BOUND('',#240,.T.);
#61=B_SPLINE_CURVE_WITH_KNOTS('',3,(#1454,#1455,#1456,#1457,#1458,#1459,
#1460,#1461,#1462,#1463,#1464,#1465,#1466,#1467,#1468,#1469,#1470,#1471),
 .UNSPECIFIED.,.F.,.F.,(4,2,2,2,2,2,2,2,4),(-0.708679854575425,-0.707346943859539,
-0.679160844786616,-0.622788646640769,-0.55452947589614,-0.486270305151511,
-0.414291740240915,-0.342313175330319,-0.314645659417687),.UNSPECIFIED.);
#62=B_SPLINE_CURVE_WITH_KNOTS('',3,(#1472,#1473,#1474,#1475,#1476,#1477,
#1478,#1479,#1480,#1481,#1482,#1483,#1484,#1485,#1486,#1487,#1488,#1489,
#1490,#1491,#1492,#1493,#1494,#1495,#1496,#1497,#1498),.UNSPECIFIED.,.F.,
 .F.,(4,2,2,2,2,2,3,2,2,2,2,2,4),(-0.314645659417687,-0.292724163953037,
-0.243135152575756,-0.193546141198474,-0.143957129821193,-0.0719785649105963,
0.,0.0682591707446286,0.136518341489257,0.192890539635104,0.221076638708028,
0.249262737780952,0.27611592613799),.UNSPECIFIED.);
#63=B_SPLINE_CURVE_WITH_KNOTS('',3,(#1511,#1512,#1513,#1514,#1515,#1516),
 .UNSPECIFIED.,.F.,.F.,(4,2,4),(-0.123048850794068,-0.0961772934461396,
-0.00334667225152179),.UNSPECIFIED.);
#64=B_SPLINE_CURVE_WITH_KNOTS('',3,(#1517,#1518,#1519,#1520,#1521,#1522,
#1523,#1524,#1525,#1526,#1527,#1528,#1529,#1530,#1531,#1532,#1533,#1534,
#1535,#1536,#1537,#1538,#1539,#1540,#1541),.UNSPECIFIED.,.F.,.F.,(4,3,2,
2,2,2,2,2,2,2,2,4),(-0.00334667225152179,0.,0.0719851967883384,0.143970393576677,
0.193564938284128,0.24315948299158,0.292754027699031,0.342348572406482,
0.414333769194821,0.486318965983159,0.554571437200586,0.604656145278714),
 .UNSPECIFIED.);
#65=B_SPLINE_CURVE_WITH_KNOTS('',3,(#1542,#1543,#1544,#1545,#1546,#1547,
#1548,#1549,#1550,#1551,#1552,#1553,#1554,#1555,#1556,#1557,#1558,#1559,
#1560,#1561,#1562,#1563,#1564,#1565,#1566,#1567,#1568),.UNSPECIFIED.,.F.,
 .F.,(4,2,3,2,2,2,2,2,2,2,2,2,4),(-0.117177243909008,-0.0682524712174271,
0.,0.0719851967883377,0.143970393576675,0.193564938284127,0.243159482991578,
0.29275402769903,0.342348572406482,0.41433376919482,0.486318965983158,0.554571437200585,
0.60465614527871),.UNSPECIFIED.);
#66=B_SPLINE_CURVE_WITH_KNOTS('',3,(#1719,#1720,#1721,#1722,#1723,#1724),
 .UNSPECIFIED.,.F.,.F.,(4,2,4),(-2.88431618352911,-2.51015766928191,-2.2367356912953),
 .UNSPECIFIED.);
#67=B_SPLINE_CURVE_WITH_KNOTS('',3,(#1728,#1729,#1730,#1731,#1732,#1733,
#1734),.UNSPECIFIED.,.F.,.F.,(4,3,4),(-0.273421977986606,0.,0.414121329728469),
 .UNSPECIFIED.);
#68=B_SPLINE_CURVE_WITH_KNOTS('',3,(#1736,#1737,#1738,#1739),
 .UNSPECIFIED.,.F.,.F.,(4,4),(1.90624245787432,1.9941260950006),
 .UNSPECIFIED.);
#69=B_SPLINE_CURVE_WITH_KNOTS('',3,(#1740,#1741,#1742,#1743,#1744,#1745,
#1746,#1747,#1748,#1749),.UNSPECIFIED.,.F.,.F.,(4,2,2,2,4),(1.9941260950006,
2.14946991578107,2.40514014790536,2.66081038002965,2.82878023606577),
 .UNSPECIFIED.);
#70=B_SPLINE_CURVE_WITH_KNOTS('',3,(#1753,#1754,#1755,#1756,#1757,#1758,
#1759),.UNSPECIFIED.,.F.,.F.,(4,3,4),(-0.273421977986606,0.,0.349788130140763),
 .UNSPECIFIED.);
#71=B_SPLINE_CURVE_WITH_KNOTS('',3,(#1761,#1762,#1763,#1764,#1765,#1766,
#1767,#1768,#1769,#1770,#1771,#1772),.UNSPECIFIED.,.F.,.F.,(4,2,2,2,2,4),
(-2.91664162146827,-2.91597853790334,-2.66833420518498,-2.42068987246662,
-2.17304553974826,-2.00147528959117),.UNSPECIFIED.);
#72=B_SPLINE_CURVE_WITH_KNOTS('',3,(#1774,#1775,#1776,#1777,#1778,#1779),
 .UNSPECIFIED.,.F.,.F.,(4,2,4),(-2.90137741942353,-2.51015766928191,-2.2367356912953),
 .UNSPECIFIED.);
#73=B_SPLINE_CURVE_WITH_KNOTS('',3,(#1784,#1785,#1786,#1787,#1788,#1789,
#1790),.UNSPECIFIED.,.F.,.F.,(4,3,4),(-0.273421977986605,0.,0.377364285884982),
 .UNSPECIFIED.);
#74=B_SPLINE_CURVE_WITH_KNOTS('',3,(#1792,#1793,#1794,#1795,#1796,#1797,
#1798,#1799,#1800,#1801),.UNSPECIFIED.,.F.,.F.,(4,2,2,2,4),(-2.85632878176022,
-2.67047783314506,-2.42505769626979,-2.17963755939453,-1.94359065314363),
 .UNSPECIFIED.);
#75=B_SPLINE_CURVE_WITH_KNOTS('',3,(#1803,#1804,#1805,#1806,#1807,#1808),
 .UNSPECIFIED.,.F.,.F.,(4,2,4),(-2.8602917407073,-2.51015766928191,-2.2367356912953),
 .UNSPECIFIED.);
#76=B_SPLINE_CURVE_WITH_KNOTS('',3,(#1813,#1814,#1815,#1816),
 .UNSPECIFIED.,.F.,.F.,(4,4),(-2.88722111345418,-2.82393556297593),
 .UNSPECIFIED.);
#77=B_SPLINE_CURVE_WITH_KNOTS('',3,(#1818,#1819,#1820,#1821,#1822,#1823),
 .UNSPECIFIED.,.F.,.F.,(4,2,4),(-2.92313887099215,-2.51015766928191,-2.2367356912953),
 .UNSPECIFIED.);
#78=B_SPLINE_CURVE_WITH_KNOTS('',3,(#1827,#1828,#1829,#1830,#1831,#1832,
#1833),.UNSPECIFIED.,.F.,.F.,(4,3,4),(-0.273421977986606,0.,0.387222386296389),
 .UNSPECIFIED.);
#79=B_SPLINE_CURVE_WITH_KNOTS('',3,(#1834,#1835,#1836,#1837,#1838,#1839,
#1840,#1841,#1842,#1843),.UNSPECIFIED.,.F.,.F.,(4,2,2,2,4),(-2.82393556297593,
-2.65858748381164,-2.40082526506413,-2.14306304631662,-1.96314303478381),
 .UNSPECIFIED.);
#80=B_SPLINE_CURVE_WITH_KNOTS('',3,(#1852,#1853,#1854,#1855,#1856,#1857,
#1858,#1859,#1860,#1861),.UNSPECIFIED.,.F.,.F.,(4,2,2,2,4),(0.746659914032809,
0.825419918602095,0.979241490852823,1.13306306310355,1.35824234692507),
 .UNSPECIFIED.);
#81=B_SPLINE_CURVE_WITH_KNOTS('',3,(#1863,#1864,#1865,#1866,#1867,#1868,
#1869,#1870,#1871,#1872),.UNSPECIFIED.,.F.,.F.,(4,2,2,2,4),(0.346246916293052,
0.526867173089903,0.684445565202047,0.84202395731419,0.894243010345326),
 .UNSPECIFIED.);
#82=B_SPLINE_CURVE_WITH_KNOTS('',3,(#1879,#1880,#1881,#1882,#1883,#1884,
#1885,#1886,#1887,#1888),.UNSPECIFIED.,.F.,.F.,(4,2,2,2,4),(0.802183415617457,
0.849005874637254,1.00816545256424,1.16732503049123,1.32794543914582),
 .UNSPECIFIED.);
#83=B_SPLINE_CURVE_WITH_KNOTS('',3,(#1890,#1891,#1892,#1893,#1894,#1895,
#1896,#1897,#1898,#1899),.UNSPECIFIED.,.F.,.F.,(4,2,2,2,4),(0.287790721577768,
0.516929641164157,0.670401605368193,0.823873569572229,0.911444224841267),
 .UNSPECIFIED.);
#84=B_SPLINE_CURVE_WITH_KNOTS('',3,(#1908,#1909,#1910,#1911,#1912,#1913,
#1914,#1915,#1916,#1917),.UNSPECIFIED.,.F.,.F.,(4,2,2,2,4),(0.795767470836991,
0.85766674708907,1.01878883208184,1.17991091707461,1.31449654772181),
 .UNSPECIFIED.);
#85=B_SPLINE_CURVE_WITH_KNOTS('',3,(#1933,#1934,#1935,#1936,#1937,#1938,
#1939,#1940,#1941,#1942),.UNSPECIFIED.,.F.,.F.,(4,2,2,2,4),(0.347850338609586,
0.527128485632004,0.684815006021887,0.84250152641177,0.93067835185333),
 .UNSPECIFIED.);
#86=B_SPLINE_CURVE_WITH_KNOTS('',3,(#1957,#1958,#1959,#1960,#1961,#1962,
#1963,#1964,#1965,#1966),.UNSPECIFIED.,.F.,.F.,(4,2,2,2,4),(0.741600841442561,
0.835257970216689,0.991304879292164,1.14735178836764,1.34660553693297),
 .UNSPECIFIED.);
#87=B_SPLINE_CURVE_WITH_KNOTS('',3,(#1971,#1972,#1973,#1974,#1975,#1976,
#1977,#1978,#1979,#1980),.UNSPECIFIED.,.F.,.F.,(4,2,2,2,4),(0.405522533645027,
0.536124079091503,0.697537039845184,0.858950000598866,0.912122772537723),
 .UNSPECIFIED.);
#88=CIRCLE('',#1027,76.137545425351);
#89=CIRCLE('',#1028,60.5224531203113);
#90=CIRCLE('',#1036,1.35);
#91=CIRCLE('',#1038,39.0412060927839);
#92=CIRCLE('',#1039,39.0412060927839);
#93=CIRCLE('',#1041,7.63);
#94=CIRCLE('',#1042,7.5);
#95=CIRCLE('',#1043,7.63);
#96=CIRCLE('',#1044,7.5);
#97=CIRCLE('',#1045,7.63);
#98=CIRCLE('',#1046,7.5);
#99=CIRCLE('',#1047,7.63);
#100=CIRCLE('',#1048,7.5);
#101=CIRCLE('',#1049,7.63);
#102=CIRCLE('',#1050,1.35);
#103=CIRCLE('',#1051,1.35);
#104=CIRCLE('',#1052,3.05);
#105=CIRCLE('',#1053,3.05);
#106=CIRCLE('',#1054,3.05);
#107=CIRCLE('',#1057,3.05);
#108=CIRCLE('',#1059,3.05);
#109=CIRCLE('',#1061,3.05);
#110=CIRCLE('',#1063,1.6);
#111=CIRCLE('',#1064,2.6);
#112=CIRCLE('',#1066,7.63);
#113=CIRCLE('',#1067,11.3627774676511);
#114=CIRCLE('',#1068,7.63);
#115=CIRCLE('',#1069,11.3627774676511);
#116=CIRCLE('',#1070,7.63);
#117=CIRCLE('',#1071,11.3627774676511);
#118=CIRCLE('',#1072,7.63);
#119=CIRCLE('',#1073,11.3627774676511);
#120=CIRCLE('',#1074,7.63);
#121=CIRCLE('',#1075,2.6);
#122=CIRCLE('',#1076,2.6);
#123=CIRCLE('',#1077,2.6);
#124=CIRCLE('',#1079,1.6);
#125=CIRCLE('',#1080,1.6);
#126=CIRCLE('',#1082,1.6);
#127=CIRCLE('',#1084,1.6);
#128=CIRCLE('',#1085,1.6);
#129=CIRCLE('',#1087,1.6);
#130=CIRCLE('',#1089,1.6);
#131=CIRCLE('',#1090,1.6);
#132=CIRCLE('',#1092,1.6);
#133=CIRCLE('',#1094,1.6);
#134=CIRCLE('',#1095,1.6);
#135=CIRCLE('',#1097,11.3627774676511);
#136=CIRCLE('',#1099,11.3627774676511);
#137=CIRCLE('',#1101,11.3627774676511);
#138=CIRCLE('',#1103,11.3627774676511);
#139=CIRCLE('',#1106,7.5);
#140=CIRCLE('',#1107,7.5);
#141=CIRCLE('',#1109,7.5);
#142=CIRCLE('',#1110,7.5);
#143=CIRCLE('',#1118,7.5);
#144=CIRCLE('',#1127,7.5);
#145=CONICAL_SURFACE('',#1026,65.0017093733586,0.794232025518409);
#146=CONICAL_SURFACE('',#1062,2.1,0.785398163397451);
#147=CONICAL_SURFACE('',#1081,2.1,0.785398163397451);
#148=CONICAL_SURFACE('',#1086,2.1,0.785398163397451);
#149=CONICAL_SURFACE('',#1091,2.1,0.785398163397451);
#150=CONICAL_SURFACE('',#1096,10.9444251012803,0.502930997480291);
#151=CONICAL_SURFACE('',#1098,10.9444251012803,0.502930997480291);
#152=CONICAL_SURFACE('',#1100,10.9444251012803,0.502930997480291);
#153=CONICAL_SURFACE('',#1102,10.9444251012803,0.502930997480291);
#154=CONICAL_SURFACE('',#1105,7.5,0.785398163397448);
#155=CONICAL_SURFACE('',#1108,7.5,0.785398163397448);
#156=CONICAL_SURFACE('',#1117,7.5,0.785398163397448);
#157=CONICAL_SURFACE('',#1126,7.5,0.785398163397448);
#158=FACE_OUTER_BOUND('',#207,.T.);
#159=FACE_OUTER_BOUND('',#208,.T.);
#160=FACE_OUTER_BOUND('',#209,.T.);
#161=FACE_OUTER_BOUND('',#210,.T.);
#162=FACE_OUTER_BOUND('',#214,.T.);
#163=FACE_OUTER_BOUND('',#215,.T.);
#164=FACE_OUTER_BOUND('',#216,.T.);
#165=FACE_OUTER_BOUND('',#217,.T.);
#166=FACE_OUTER_BOUND('',#218,.T.);
#167=FACE_OUTER_BOUND('',#219,.T.);
#168=FACE_OUTER_BOUND('',#227,.T.);
#169=FACE_OUTER_BOUND('',#228,.T.);
#170=FACE_OUTER_BOUND('',#229,.T.);
#171=FACE_OUTER_BOUND('',#230,.T.);
#172=FACE_OUTER_BOUND('',#231,.T.);
#173=FACE_OUTER_BOUND('',#232,.T.);
#174=FACE_OUTER_BOUND('',#241,.T.);
#175=FACE_OUTER_BOUND('',#242,.T.);
#176=FACE_OUTER_BOUND('',#243,.T.);
#177=FACE_OUTER_BOUND('',#244,.T.);
#178=FACE_OUTER_BOUND('',#245,.T.);
#179=FACE_OUTER_BOUND('',#246,.T.);
#180=FACE_OUTER_BOUND('',#247,.T.);
#181=FACE_OUTER_BOUND('',#248,.T.);
#182=FACE_OUTER_BOUND('',#249,.T.);
#183=FACE_OUTER_BOUND('',#250,.T.);
#184=FACE_OUTER_BOUND('',#251,.T.);
#185=FACE_OUTER_BOUND('',#252,.T.);
#186=FACE_OUTER_BOUND('',#253,.T.);
#187=FACE_OUTER_BOUND('',#254,.T.);
#188=FACE_OUTER_BOUND('',#255,.T.);
#189=FACE_OUTER_BOUND('',#256,.T.);
#190=FACE_OUTER_BOUND('',#257,.T.);
#191=FACE_OUTER_BOUND('',#258,.T.);
#192=FACE_OUTER_BOUND('',#259,.T.);
#193=FACE_OUTER_BOUND('',#260,.T.);
#194=FACE_OUTER_BOUND('',#261,.T.);
#195=FACE_OUTER_BOUND('',#262,.T.);
#196=FACE_OUTER_BOUND('',#263,.T.);
#197=FACE_OUTER_BOUND('',#264,.T.);
#198=FACE_OUTER_BOUND('',#265,.T.);
#199=FACE_OUTER_BOUND('',#266,.T.);
#200=FACE_OUTER_BOUND('',#267,.T.);
#201=FACE_OUTER_BOUND('',#268,.T.);
#202=FACE_OUTER_BOUND('',#269,.T.);
#203=FACE_OUTER_BOUND('',#270,.T.);
#204=FACE_OUTER_BOUND('',#271,.T.);
#205=FACE_OUTER_BOUND('',#272,.T.);
#206=FACE_OUTER_BOUND('',#273,.T.);
#207=EDGE_LOOP('',(#643,#644,#645,#646));
#208=EDGE_LOOP('',(#647,#648,#649));
#209=EDGE_LOOP('',(#650,#651,#652,#653));
#210=EDGE_LOOP('',(#654,#655,#656,#657));
#211=EDGE_LOOP('',(#658,#659));
#212=EDGE_LOOP('',(#660,#661,#662,#663,#664));
#213=EDGE_LOOP('',(#665,#666,#667,#668));
#214=EDGE_LOOP('',(#669,#670,#671,#672));
#215=EDGE_LOOP('',(#673,#674,#675));
#216=EDGE_LOOP('',(#676,#677,#678));
#217=EDGE_LOOP('',(#679,#680,#681,#682,#683,#684,#685,#686));
#218=EDGE_LOOP('',(#687,#688,#689,#690));
#219=EDGE_LOOP('',(#691));
#220=EDGE_LOOP('',(#692));
#221=EDGE_LOOP('',(#693,#694,#695,#696,#697,#698,#699,#700,#701,#702,#703,
#704,#705,#706));
#222=EDGE_LOOP('',(#707));
#223=EDGE_LOOP('',(#708));
#224=EDGE_LOOP('',(#709));
#225=EDGE_LOOP('',(#710));
#226=EDGE_LOOP('',(#711));
#227=EDGE_LOOP('',(#712,#713,#714,#715));
#228=EDGE_LOOP('',(#716,#717,#718,#719));
#229=EDGE_LOOP('',(#720,#721,#722,#723));
#230=EDGE_LOOP('',(#724,#725,#726,#727));
#231=EDGE_LOOP('',(#728,#729,#730,#731));
#232=EDGE_LOOP('',(#732));
#233=EDGE_LOOP('',(#733,#734,#735,#736,#737,#738,#739,#740,#741,#742,#743,
#744,#745,#746));
#234=EDGE_LOOP('',(#747));
#235=EDGE_LOOP('',(#748));
#236=EDGE_LOOP('',(#749));
#237=EDGE_LOOP('',(#750));
#238=EDGE_LOOP('',(#751));
#239=EDGE_LOOP('',(#752));
#240=EDGE_LOOP('',(#753));
#241=EDGE_LOOP('',(#754,#755,#756,#757,#758));
#242=EDGE_LOOP('',(#759,#760,#761,#762));
#243=EDGE_LOOP('',(#763,#764,#765,#766,#767));
#244=EDGE_LOOP('',(#768,#769,#770,#771));
#245=EDGE_LOOP('',(#772,#773,#774,#775,#776));
#246=EDGE_LOOP('',(#777,#778,#779,#780));
#247=EDGE_LOOP('',(#781,#782,#783,#784,#785));
#248=EDGE_LOOP('',(#786,#787,#788,#789,#790));
#249=EDGE_LOOP('',(#791,#792,#793,#794));
#250=EDGE_LOOP('',(#795,#796,#797,#798));
#251=EDGE_LOOP('',(#799,#800,#801,#802,#803));
#252=EDGE_LOOP('',(#804,#805,#806,#807));
#253=EDGE_LOOP('',(#808,#809,#810,#811,#812,#813,#814,#815,#816));
#254=EDGE_LOOP('',(#817,#818,#819,#820,#821,#822,#823,#824,#825));
#255=EDGE_LOOP('',(#826,#827,#828,#829,#830,#831,#832,#833,#834,#835));
#256=EDGE_LOOP('',(#836,#837,#838,#839,#840,#841,#842,#843,#844,#845));
#257=EDGE_LOOP('',(#846,#847,#848,#849));
#258=EDGE_LOOP('',(#850,#851,#852,#853,#854,#855,#856,#857));
#259=EDGE_LOOP('',(#858,#859,#860,#861,#862));
#260=EDGE_LOOP('',(#863,#864,#865,#866));
#261=EDGE_LOOP('',(#867,#868,#869,#870,#871,#872,#873,#874,#875));
#262=EDGE_LOOP('',(#876,#877,#878,#879));
#263=EDGE_LOOP('',(#880,#881,#882,#883));
#264=EDGE_LOOP('',(#884,#885,#886,#887));
#265=EDGE_LOOP('',(#888,#889,#890,#891,#892,#893,#894));
#266=EDGE_LOOP('',(#895,#896,#897,#898,#899));
#267=EDGE_LOOP('',(#900,#901,#902,#903,#904));
#268=EDGE_LOOP('',(#905,#906,#907,#908,#909,#910,#911,#912,#913,#914));
#269=EDGE_LOOP('',(#915,#916,#917,#918,#919,#920,#921,#922,#923));
#270=EDGE_LOOP('',(#924,#925,#926,#927,#928,#929,#930));
#271=EDGE_LOOP('',(#931,#932,#933,#934));
#272=EDGE_LOOP('',(#935,#936,#937,#938));
#273=EDGE_LOOP('',(#939,#940,#941,#942));
#274=ELLIPSE('',#1020,2.2254169472461,1.35);
#275=ELLIPSE('',#1022,3.29347906398502,1.35);
#276=ELLIPSE('',#1024,2.2254169472461,1.35);
#277=ELLIPSE('',#1025,2.2254169472461,1.35);
#278=ELLIPSE('',#1030,2.2254169472461,1.35);
#279=ELLIPSE('',#1032,3.29347906398502,1.35);
#280=ELLIPSE('',#1034,2.2254169472461,1.35);
#281=LINE('',#1428,#335);
#282=LINE('',#1431,#336);
#283=LINE('',#1450,#337);
#284=LINE('',#1509,#338);
#285=LINE('',#1571,#339);
#286=LINE('',#1574,#340);
#287=LINE('',#1582,#341);
#288=LINE('',#1586,#342);
#289=LINE('',#1590,#343);
#290=LINE('',#1594,#344);
#291=LINE('',#1596,#345);
#292=LINE('',#1616,#346);
#293=LINE('',#1617,#347);
#294=LINE('',#1630,#348);
#295=LINE('',#1631,#349);
#296=LINE('',#1634,#350);
#297=LINE('',#1638,#351);
#298=LINE('',#1642,#352);
#299=LINE('',#1648,#353);
#300=LINE('',#1652,#354);
#301=LINE('',#1672,#355);
#302=LINE('',#1673,#356);
#303=LINE('',#1684,#357);
#304=LINE('',#1689,#358);
#305=LINE('',#1694,#359);
#306=LINE('',#1699,#360);
#307=LINE('',#1704,#361);
#308=LINE('',#1709,#362);
#309=LINE('',#1714,#363);
#310=LINE('',#1845,#364);
#311=LINE('',#1846,#365);
#312=LINE('',#1849,#366);
#313=LINE('',#1876,#367);
#314=LINE('',#1902,#368);
#315=LINE('',#1903,#369);
#316=LINE('',#1904,#370);
#317=LINE('',#1905,#371);
#318=LINE('',#1918,#372);
#319=LINE('',#1919,#373);
#320=LINE('',#1920,#374);
#321=LINE('',#1922,#375);
#322=LINE('',#1923,#376);
#323=LINE('',#1925,#377);
#324=LINE('',#1927,#378);
#325=LINE('',#1929,#379);
#326=LINE('',#1931,#380);
#327=LINE('',#1945,#381);
#328=LINE('',#1947,#382);
#329=LINE('',#1949,#383);
#330=LINE('',#1951,#384);
#331=LINE('',#1952,#385);
#332=LINE('',#1967,#386);
#333=LINE('',#1969,#387);
#334=LINE('',#1983,#388);
#335=VECTOR('',#1139,10.);
#336=VECTOR('',#1142,10.);
#337=VECTOR('',#1157,65.0017093733586);
#338=VECTOR('',#1160,10.);
#339=VECTOR('',#1163,10.);
#340=VECTOR('',#1166,10.);
#341=VECTOR('',#1179,1.35);
#342=VECTOR('',#1182,10.);
#343=VECTOR('',#1185,10.);
#344=VECTOR('',#1190,10.);
#345=VECTOR('',#1191,10.);
#346=VECTOR('',#1210,10.);
#347=VECTOR('',#1211,10.);
#348=VECTOR('',#1224,10.);
#349=VECTOR('',#1225,10.);
#350=VECTOR('',#1228,3.05);
#351=VECTOR('',#1233,3.05);
#352=VECTOR('',#1238,3.05);
#353=VECTOR('',#1245,2.1);
#354=VECTOR('',#1250,10.);
#355=VECTOR('',#1269,10.);
#356=VECTOR('',#1270,10.);
#357=VECTOR('',#1281,1.6);
#358=VECTOR('',#1288,2.1);
#359=VECTOR('',#1293,1.6);
#360=VECTOR('',#1300,2.1);
#361=VECTOR('',#1305,1.6);
#362=VECTOR('',#1312,2.1);
#363=VECTOR('',#1317,1.6);
#364=VECTOR('',#1338,10.);
#365=VECTOR('',#1339,10.);
#366=VECTOR('',#1342,7.5);
#367=VECTOR('',#1349,7.5);
#368=VECTOR('',#1356,10.);
#369=VECTOR('',#1357,10.);
#370=VECTOR('',#1358,10.);
#371=VECTOR('',#1359,10.);
#372=VECTOR('',#1362,10.);
#373=VECTOR('',#1363,10.);
#374=VECTOR('',#1364,10.);
#375=VECTOR('',#1367,10.);
#376=VECTOR('',#1368,10.);
#377=VECTOR('',#1371,1.35);
#378=VECTOR('',#1374,1.35);
#379=VECTOR('',#1377,10.);
#380=VECTOR('',#1380,7.5);
#381=VECTOR('',#1385,10.);
#382=VECTOR('',#1388,10.);
#383=VECTOR('',#1391,10.);
#384=VECTOR('',#1394,10.);
#385=VECTOR('',#1395,10.);
#386=VECTOR('',#1402,10.);
#387=VECTOR('',#1405,7.5);
#388=VECTOR('',#1410,10.);
#389=(
BOUNDED_CURVE()
B_SPLINE_CURVE(2,(#1424,#1425,#1426),.UNSPECIFIED.,.F.,.F.)
B_SPLINE_CURVE_WITH_KNOTS((3,3),(0.,0.22589671778614),.UNSPECIFIED.)
CURVE()
GEOMETRIC_REPRESENTATION_ITEM()
RATIONAL_B_SPLINE_CURVE((1.,1.00002132270561,1.))
REPRESENTATION_ITEM('')
);
#390=(
BOUNDED_CURVE()
B_SPLINE_CURVE(2,(#1434,#1435,#1436),.UNSPECIFIED.,.F.,.F.)
B_SPLINE_CURVE_WITH_KNOTS((3,3),(1.58098424865815,1.58199886153559),
 .UNSPECIFIED.)
CURVE()
GEOMETRIC_REPRESENTATION_ITEM()
RATIONAL_B_SPLINE_CURVE((1.00000339781267,1.00000169999662,1.))
REPRESENTATION_ITEM('')
);
#391=(
BOUNDED_CURVE()
B_SPLINE_CURVE(2,(#1440,#1441,#1442),.UNSPECIFIED.,.F.,.F.)
B_SPLINE_CURVE_WITH_KNOTS((3,3),(8.66033204600401E-8,0.212219263109703),
 .UNSPECIFIED.)
CURVE()
GEOMETRIC_REPRESENTATION_ITEM()
RATIONAL_B_SPLINE_CURVE((1.00000000016083,1.00019704955242,1.00035147500967))
REPRESENTATION_ITEM('')
);
#392=(
BOUNDED_CURVE()
B_SPLINE_CURVE(2,(#1501,#1502,#1503),.UNSPECIFIED.,.F.,.F.)
B_SPLINE_CURVE_WITH_KNOTS((3,3),(0.,0.226095860803437),.UNSPECIFIED.)
CURVE()
GEOMETRIC_REPRESENTATION_ITEM()
RATIONAL_B_SPLINE_CURVE((1.,1.00002132365701,1.))
REPRESENTATION_ITEM('')
);
#393=(
BOUNDED_CURVE()
B_SPLINE_CURVE(2,(#1505,#1506,#1507),.UNSPECIFIED.,.F.,.F.)
B_SPLINE_CURVE_WITH_KNOTS((3,3),(0.,0.225896717786134),.UNSPECIFIED.)
CURVE()
GEOMETRIC_REPRESENTATION_ITEM()
RATIONAL_B_SPLINE_CURVE((1.,1.00002132270999,1.))
REPRESENTATION_ITEM('')
);
#394=VERTEX_POINT('',#1422);
#395=VERTEX_POINT('',#1423);
#396=VERTEX_POINT('',#1427);
#397=VERTEX_POINT('',#1429);
#398=VERTEX_POINT('',#1433);
#399=VERTEX_POINT('',#1439);
#400=VERTEX_POINT('',#1443);
#401=VERTEX_POINT('',#1447);
#402=VERTEX_POINT('',#1449);
#403=VERTEX_POINT('',#1452);
#404=VERTEX_POINT('',#1453);
#405=VERTEX_POINT('',#1499);
#406=VERTEX_POINT('',#1500);
#407=VERTEX_POINT('',#1504);
#408=VERTEX_POINT('',#1508);
#409=VERTEX_POINT('',#1510);
#410=VERTEX_POINT('',#1570);
#411=VERTEX_POINT('',#1572);
#412=VERTEX_POINT('',#1580);
#413=VERTEX_POINT('',#1584);
#414=VERTEX_POINT('',#1585);
#415=VERTEX_POINT('',#1587);
#416=VERTEX_POINT('',#1589);
#417=VERTEX_POINT('',#1593);
#418=VERTEX_POINT('',#1595);
#419=VERTEX_POINT('',#1597);
#420=VERTEX_POINT('',#1599);
#421=VERTEX_POINT('',#1601);
#422=VERTEX_POINT('',#1603);
#423=VERTEX_POINT('',#1605);
#424=VERTEX_POINT('',#1607);
#425=VERTEX_POINT('',#1609);
#426=VERTEX_POINT('',#1611);
#427=VERTEX_POINT('',#1613);
#428=VERTEX_POINT('',#1615);
#429=VERTEX_POINT('',#1618);
#430=VERTEX_POINT('',#1620);
#431=VERTEX_POINT('',#1622);
#432=VERTEX_POINT('',#1624);
#433=VERTEX_POINT('',#1626);
#434=VERTEX_POINT('',#1629);
#435=VERTEX_POINT('',#1633);
#436=VERTEX_POINT('',#1637);
#437=VERTEX_POINT('',#1641);
#438=VERTEX_POINT('',#1645);
#439=VERTEX_POINT('',#1647);
#440=VERTEX_POINT('',#1651);
#441=VERTEX_POINT('',#1653);
#442=VERTEX_POINT('',#1655);
#443=VERTEX_POINT('',#1657);
#444=VERTEX_POINT('',#1659);
#445=VERTEX_POINT('',#1661);
#446=VERTEX_POINT('',#1663);
#447=VERTEX_POINT('',#1665);
#448=VERTEX_POINT('',#1667);
#449=VERTEX_POINT('',#1669);
#450=VERTEX_POINT('',#1671);
#451=VERTEX_POINT('',#1674);
#452=VERTEX_POINT('',#1676);
#453=VERTEX_POINT('',#1678);
#454=VERTEX_POINT('',#1681);
#455=VERTEX_POINT('',#1682);
#456=VERTEX_POINT('',#1687);
#457=VERTEX_POINT('',#1691);
#458=VERTEX_POINT('',#1692);
#459=VERTEX_POINT('',#1697);
#460=VERTEX_POINT('',#1701);
#461=VERTEX_POINT('',#1702);
#462=VERTEX_POINT('',#1707);
#463=VERTEX_POINT('',#1711);
#464=VERTEX_POINT('',#1712);
#465=VERTEX_POINT('',#1717);
#466=VERTEX_POINT('',#1718);
#467=VERTEX_POINT('',#1725);
#468=VERTEX_POINT('',#1727);
#469=VERTEX_POINT('',#1735);
#470=VERTEX_POINT('',#1751);
#471=VERTEX_POINT('',#1752);
#472=VERTEX_POINT('',#1760);
#473=VERTEX_POINT('',#1773);
#474=VERTEX_POINT('',#1782);
#475=VERTEX_POINT('',#1783);
#476=VERTEX_POINT('',#1791);
#477=VERTEX_POINT('',#1802);
#478=VERTEX_POINT('',#1811);
#479=VERTEX_POINT('',#1812);
#480=VERTEX_POINT('',#1817);
#481=VERTEX_POINT('',#1824);
#482=VERTEX_POINT('',#1826);
#483=VERTEX_POINT('',#1848);
#484=VERTEX_POINT('',#1850);
#485=VERTEX_POINT('',#1862);
#486=VERTEX_POINT('',#1875);
#487=VERTEX_POINT('',#1877);
#488=VERTEX_POINT('',#1889);
#489=VERTEX_POINT('',#1907);
#490=VERTEX_POINT('',#1932);
#491=VERTEX_POINT('',#1956);
#492=VERTEX_POINT('',#1970);
#493=EDGE_CURVE('',#394,#395,#389,.T.);
#494=EDGE_CURVE('',#396,#395,#281,.T.);
#495=EDGE_CURVE('',#396,#397,#274,.T.);
#496=EDGE_CURVE('',#397,#394,#282,.T.);
#497=EDGE_CURVE('',#398,#394,#390,.T.);
#498=EDGE_CURVE('',#397,#398,#275,.T.);
#499=EDGE_CURVE('',#395,#399,#391,.T.);
#500=EDGE_CURVE('',#399,#400,#276,.T.);
#501=EDGE_CURVE('',#400,#396,#277,.T.);
#502=EDGE_CURVE('',#401,#401,#88,.T.);
#503=EDGE_CURVE('',#401,#402,#283,.T.);
#504=EDGE_CURVE('',#402,#402,#89,.F.);
#505=EDGE_CURVE('',#403,#404,#61,.T.);
#506=EDGE_CURVE('',#404,#403,#62,.T.);
#507=EDGE_CURVE('',#405,#406,#392,.T.);
#508=EDGE_CURVE('',#406,#407,#393,.T.);
#509=EDGE_CURVE('',#407,#408,#284,.T.);
#510=EDGE_CURVE('',#408,#409,#63,.T.);
#511=EDGE_CURVE('',#409,#405,#64,.T.);
#512=EDGE_CURVE('',#399,#398,#65,.F.);
#513=EDGE_CURVE('',#410,#406,#285,.T.);
#514=EDGE_CURVE('',#411,#410,#278,.T.);
#515=EDGE_CURVE('',#411,#407,#286,.T.);
#516=EDGE_CURVE('',#408,#411,#279,.T.);
#517=EDGE_CURVE('',#410,#405,#280,.T.);
#518=EDGE_CURVE('',#412,#412,#90,.T.);
#519=EDGE_CURVE('',#412,#409,#287,.T.);
#520=EDGE_CURVE('',#413,#414,#288,.T.);
#521=EDGE_CURVE('',#415,#413,#91,.T.);
#522=EDGE_CURVE('',#416,#415,#289,.T.);
#523=EDGE_CURVE('',#414,#416,#92,.T.);
#524=EDGE_CURVE('',#413,#417,#290,.T.);
#525=EDGE_CURVE('',#417,#418,#291,.T.);
#526=EDGE_CURVE('',#418,#419,#93,.T.);
#527=EDGE_CURVE('',#419,#420,#94,.T.);
#528=EDGE_CURVE('',#420,#421,#95,.T.);
#529=EDGE_CURVE('',#421,#422,#96,.T.);
#530=EDGE_CURVE('',#422,#423,#97,.T.);
#531=EDGE_CURVE('',#423,#424,#98,.T.);
#532=EDGE_CURVE('',#424,#425,#99,.T.);
#533=EDGE_CURVE('',#425,#426,#100,.T.);
#534=EDGE_CURVE('',#426,#427,#101,.T.);
#535=EDGE_CURVE('',#427,#428,#292,.T.);
#536=EDGE_CURVE('',#428,#415,#293,.T.);
#537=EDGE_CURVE('',#429,#429,#102,.T.);
#538=EDGE_CURVE('',#430,#430,#103,.T.);
#539=EDGE_CURVE('',#431,#431,#104,.T.);
#540=EDGE_CURVE('',#432,#432,#105,.T.);
#541=EDGE_CURVE('',#433,#433,#106,.T.);
#542=EDGE_CURVE('',#434,#428,#294,.T.);
#543=EDGE_CURVE('',#416,#434,#295,.T.);
#544=EDGE_CURVE('',#433,#435,#296,.T.);
#545=EDGE_CURVE('',#435,#435,#107,.T.);
#546=EDGE_CURVE('',#432,#436,#297,.T.);
#547=EDGE_CURVE('',#436,#436,#108,.T.);
#548=EDGE_CURVE('',#431,#437,#298,.T.);
#549=EDGE_CURVE('',#437,#437,#109,.T.);
#550=EDGE_CURVE('',#438,#438,#110,.T.);
#551=EDGE_CURVE('',#438,#439,#299,.T.);
#552=EDGE_CURVE('',#439,#439,#111,.T.);
#553=EDGE_CURVE('',#434,#440,#300,.T.);
#554=EDGE_CURVE('',#441,#440,#112,.T.);
#555=EDGE_CURVE('',#441,#442,#113,.T.);
#556=EDGE_CURVE('',#443,#442,#114,.T.);
#557=EDGE_CURVE('',#443,#444,#115,.T.);
#558=EDGE_CURVE('',#445,#444,#116,.T.);
#559=EDGE_CURVE('',#445,#446,#117,.T.);
#560=EDGE_CURVE('',#447,#446,#118,.T.);
#561=EDGE_CURVE('',#447,#448,#119,.T.);
#562=EDGE_CURVE('',#449,#448,#120,.T.);
#563=EDGE_CURVE('',#449,#450,#301,.T.);
#564=EDGE_CURVE('',#450,#414,#302,.T.);
#565=EDGE_CURVE('',#451,#451,#121,.T.);
#566=EDGE_CURVE('',#452,#452,#122,.T.);
#567=EDGE_CURVE('',#453,#453,#123,.T.);
#568=EDGE_CURVE('',#454,#455,#124,.T.);
#569=EDGE_CURVE('',#455,#438,#303,.T.);
#570=EDGE_CURVE('',#455,#454,#125,.T.);
#571=EDGE_CURVE('',#456,#456,#126,.T.);
#572=EDGE_CURVE('',#456,#451,#304,.T.);
#573=EDGE_CURVE('',#457,#458,#127,.T.);
#574=EDGE_CURVE('',#458,#456,#305,.T.);
#575=EDGE_CURVE('',#458,#457,#128,.T.);
#576=EDGE_CURVE('',#459,#459,#129,.T.);
#577=EDGE_CURVE('',#459,#453,#306,.T.);
#578=EDGE_CURVE('',#460,#461,#130,.T.);
#579=EDGE_CURVE('',#461,#459,#307,.T.);
#580=EDGE_CURVE('',#461,#460,#131,.T.);
#581=EDGE_CURVE('',#462,#462,#132,.T.);
#582=EDGE_CURVE('',#462,#452,#308,.T.);
#583=EDGE_CURVE('',#463,#464,#133,.T.);
#584=EDGE_CURVE('',#464,#462,#309,.T.);
#585=EDGE_CURVE('',#464,#463,#134,.T.);
#586=EDGE_CURVE('',#465,#466,#66,.T.);
#587=EDGE_CURVE('',#467,#466,#135,.T.);
#588=EDGE_CURVE('',#467,#468,#67,.T.);
#589=EDGE_CURVE('',#469,#468,#68,.F.);
#590=EDGE_CURVE('',#465,#469,#69,.F.);
#591=EDGE_CURVE('',#470,#471,#70,.T.);
#592=EDGE_CURVE('',#472,#471,#71,.T.);
#593=EDGE_CURVE('',#472,#473,#72,.T.);
#594=EDGE_CURVE('',#470,#473,#136,.T.);
#595=EDGE_CURVE('',#474,#475,#73,.T.);
#596=EDGE_CURVE('',#476,#475,#74,.T.);
#597=EDGE_CURVE('',#476,#477,#75,.T.);
#598=EDGE_CURVE('',#474,#477,#137,.T.);
#599=EDGE_CURVE('',#478,#479,#76,.T.);
#600=EDGE_CURVE('',#478,#480,#77,.T.);
#601=EDGE_CURVE('',#481,#480,#138,.T.);
#602=EDGE_CURVE('',#481,#482,#78,.T.);
#603=EDGE_CURVE('',#479,#482,#79,.T.);
#604=EDGE_CURVE('',#444,#480,#310,.T.);
#605=EDGE_CURVE('',#481,#443,#311,.T.);
#606=EDGE_CURVE('',#457,#483,#312,.T.);
#607=EDGE_CURVE('',#484,#483,#139,.T.);
#608=EDGE_CURVE('',#476,#484,#80,.T.);
#609=EDGE_CURVE('',#485,#475,#81,.T.);
#610=EDGE_CURVE('',#483,#485,#140,.T.);
#611=EDGE_CURVE('',#454,#486,#313,.T.);
#612=EDGE_CURVE('',#487,#486,#141,.T.);
#613=EDGE_CURVE('',#472,#487,#82,.T.);
#614=EDGE_CURVE('',#488,#471,#83,.T.);
#615=EDGE_CURVE('',#486,#488,#142,.T.);
#616=EDGE_CURVE('',#474,#447,#314,.T.);
#617=EDGE_CURVE('',#446,#473,#315,.T.);
#618=EDGE_CURVE('',#421,#487,#316,.T.);
#619=EDGE_CURVE('',#485,#420,#317,.T.);
#620=EDGE_CURVE('',#478,#489,#84,.T.);
#621=EDGE_CURVE('',#423,#489,#318,.T.);
#622=EDGE_CURVE('',#488,#422,#319,.T.);
#623=EDGE_CURVE('',#470,#445,#320,.T.);
#624=EDGE_CURVE('',#442,#466,#321,.T.);
#625=EDGE_CURVE('',#467,#441,#322,.T.);
#626=EDGE_CURVE('',#429,#400,#323,.T.);
#627=EDGE_CURVE('',#430,#404,#324,.T.);
#628=EDGE_CURVE('',#450,#417,#325,.T.);
#629=EDGE_CURVE('',#463,#479,#326,.T.);
#630=EDGE_CURVE('',#490,#482,#85,.T.);
#631=EDGE_CURVE('',#489,#490,#143,.T.);
#632=EDGE_CURVE('',#490,#424,#327,.T.);
#633=EDGE_CURVE('',#440,#427,#328,.T.);
#634=EDGE_CURVE('',#418,#449,#329,.T.);
#635=EDGE_CURVE('',#419,#484,#330,.T.);
#636=EDGE_CURVE('',#448,#477,#331,.T.);
#637=EDGE_CURVE('',#465,#491,#86,.T.);
#638=EDGE_CURVE('',#425,#491,#332,.T.);
#639=EDGE_CURVE('',#460,#469,#333,.T.);
#640=EDGE_CURVE('',#492,#468,#87,.T.);
#641=EDGE_CURVE('',#491,#492,#144,.T.);
#642=EDGE_CURVE('',#492,#426,#334,.T.);
#643=ORIENTED_EDGE('',*,*,#493,.T.);
#644=ORIENTED_EDGE('',*,*,#494,.F.);
#645=ORIENTED_EDGE('',*,*,#495,.T.);
#646=ORIENTED_EDGE('',*,*,#496,.T.);
#647=ORIENTED_EDGE('',*,*,#497,.T.);
#648=ORIENTED_EDGE('',*,*,#496,.F.);
#649=ORIENTED_EDGE('',*,*,#498,.T.);
#650=ORIENTED_EDGE('',*,*,#499,.T.);
#651=ORIENTED_EDGE('',*,*,#500,.T.);
#652=ORIENTED_EDGE('',*,*,#501,.T.);
#653=ORIENTED_EDGE('',*,*,#494,.T.);
#654=ORIENTED_EDGE('',*,*,#502,.T.);
#655=ORIENTED_EDGE('',*,*,#503,.T.);
#656=ORIENTED_EDGE('',*,*,#504,.F.);
#657=ORIENTED_EDGE('',*,*,#503,.F.);
#658=ORIENTED_EDGE('',*,*,#505,.F.);
#659=ORIENTED_EDGE('',*,*,#506,.F.);
#660=ORIENTED_EDGE('',*,*,#507,.T.);
#661=ORIENTED_EDGE('',*,*,#508,.T.);
#662=ORIENTED_EDGE('',*,*,#509,.T.);
#663=ORIENTED_EDGE('',*,*,#510,.T.);
#664=ORIENTED_EDGE('',*,*,#511,.T.);
#665=ORIENTED_EDGE('',*,*,#499,.F.);
#666=ORIENTED_EDGE('',*,*,#493,.F.);
#667=ORIENTED_EDGE('',*,*,#497,.F.);
#668=ORIENTED_EDGE('',*,*,#512,.F.);
#669=ORIENTED_EDGE('',*,*,#508,.F.);
#670=ORIENTED_EDGE('',*,*,#513,.F.);
#671=ORIENTED_EDGE('',*,*,#514,.F.);
#672=ORIENTED_EDGE('',*,*,#515,.T.);
#673=ORIENTED_EDGE('',*,*,#509,.F.);
#674=ORIENTED_EDGE('',*,*,#515,.F.);
#675=ORIENTED_EDGE('',*,*,#516,.F.);
#676=ORIENTED_EDGE('',*,*,#507,.F.);
#677=ORIENTED_EDGE('',*,*,#517,.F.);
#678=ORIENTED_EDGE('',*,*,#513,.T.);
#679=ORIENTED_EDGE('',*,*,#518,.F.);
#680=ORIENTED_EDGE('',*,*,#519,.T.);
#681=ORIENTED_EDGE('',*,*,#510,.F.);
#682=ORIENTED_EDGE('',*,*,#516,.T.);
#683=ORIENTED_EDGE('',*,*,#514,.T.);
#684=ORIENTED_EDGE('',*,*,#517,.T.);
#685=ORIENTED_EDGE('',*,*,#511,.F.);
#686=ORIENTED_EDGE('',*,*,#519,.F.);
#687=ORIENTED_EDGE('',*,*,#520,.F.);
#688=ORIENTED_EDGE('',*,*,#521,.F.);
#689=ORIENTED_EDGE('',*,*,#522,.F.);
#690=ORIENTED_EDGE('',*,*,#523,.F.);
#691=ORIENTED_EDGE('',*,*,#502,.F.);
#692=ORIENTED_EDGE('',*,*,#518,.T.);
#693=ORIENTED_EDGE('',*,*,#524,.T.);
#694=ORIENTED_EDGE('',*,*,#525,.T.);
#695=ORIENTED_EDGE('',*,*,#526,.T.);
#696=ORIENTED_EDGE('',*,*,#527,.T.);
#697=ORIENTED_EDGE('',*,*,#528,.T.);
#698=ORIENTED_EDGE('',*,*,#529,.T.);
#699=ORIENTED_EDGE('',*,*,#530,.T.);
#700=ORIENTED_EDGE('',*,*,#531,.T.);
#701=ORIENTED_EDGE('',*,*,#532,.T.);
#702=ORIENTED_EDGE('',*,*,#533,.T.);
#703=ORIENTED_EDGE('',*,*,#534,.T.);
#704=ORIENTED_EDGE('',*,*,#535,.T.);
#705=ORIENTED_EDGE('',*,*,#536,.T.);
#706=ORIENTED_EDGE('',*,*,#521,.T.);
#707=ORIENTED_EDGE('',*,*,#537,.T.);
#708=ORIENTED_EDGE('',*,*,#538,.T.);
#709=ORIENTED_EDGE('',*,*,#539,.T.);
#710=ORIENTED_EDGE('',*,*,#540,.T.);
#711=ORIENTED_EDGE('',*,*,#541,.T.);
#712=ORIENTED_EDGE('',*,*,#522,.T.);
#713=ORIENTED_EDGE('',*,*,#536,.F.);
#714=ORIENTED_EDGE('',*,*,#542,.F.);
#715=ORIENTED_EDGE('',*,*,#543,.F.);
#716=ORIENTED_EDGE('',*,*,#541,.F.);
#717=ORIENTED_EDGE('',*,*,#544,.T.);
#718=ORIENTED_EDGE('',*,*,#545,.F.);
#719=ORIENTED_EDGE('',*,*,#544,.F.);
#720=ORIENTED_EDGE('',*,*,#540,.F.);
#721=ORIENTED_EDGE('',*,*,#546,.T.);
#722=ORIENTED_EDGE('',*,*,#547,.F.);
#723=ORIENTED_EDGE('',*,*,#546,.F.);
#724=ORIENTED_EDGE('',*,*,#539,.F.);
#725=ORIENTED_EDGE('',*,*,#548,.T.);
#726=ORIENTED_EDGE('',*,*,#549,.F.);
#727=ORIENTED_EDGE('',*,*,#548,.F.);
#728=ORIENTED_EDGE('',*,*,#550,.T.);
#729=ORIENTED_EDGE('',*,*,#551,.T.);
#730=ORIENTED_EDGE('',*,*,#552,.T.);
#731=ORIENTED_EDGE('',*,*,#551,.F.);
#732=ORIENTED_EDGE('',*,*,#504,.T.);
#733=ORIENTED_EDGE('',*,*,#523,.T.);
#734=ORIENTED_EDGE('',*,*,#543,.T.);
#735=ORIENTED_EDGE('',*,*,#553,.T.);
#736=ORIENTED_EDGE('',*,*,#554,.F.);
#737=ORIENTED_EDGE('',*,*,#555,.T.);
#738=ORIENTED_EDGE('',*,*,#556,.F.);
#739=ORIENTED_EDGE('',*,*,#557,.T.);
#740=ORIENTED_EDGE('',*,*,#558,.F.);
#741=ORIENTED_EDGE('',*,*,#559,.T.);
#742=ORIENTED_EDGE('',*,*,#560,.F.);
#743=ORIENTED_EDGE('',*,*,#561,.T.);
#744=ORIENTED_EDGE('',*,*,#562,.F.);
#745=ORIENTED_EDGE('',*,*,#563,.T.);
#746=ORIENTED_EDGE('',*,*,#564,.T.);
#747=ORIENTED_EDGE('',*,*,#545,.T.);
#748=ORIENTED_EDGE('',*,*,#547,.T.);
#749=ORIENTED_EDGE('',*,*,#549,.T.);
#750=ORIENTED_EDGE('',*,*,#565,.F.);
#751=ORIENTED_EDGE('',*,*,#566,.F.);
#752=ORIENTED_EDGE('',*,*,#567,.F.);
#753=ORIENTED_EDGE('',*,*,#552,.F.);
#754=ORIENTED_EDGE('',*,*,#568,.T.);
#755=ORIENTED_EDGE('',*,*,#569,.T.);
#756=ORIENTED_EDGE('',*,*,#550,.F.);
#757=ORIENTED_EDGE('',*,*,#569,.F.);
#758=ORIENTED_EDGE('',*,*,#570,.T.);
#759=ORIENTED_EDGE('',*,*,#571,.T.);
#760=ORIENTED_EDGE('',*,*,#572,.T.);
#761=ORIENTED_EDGE('',*,*,#565,.T.);
#762=ORIENTED_EDGE('',*,*,#572,.F.);
#763=ORIENTED_EDGE('',*,*,#573,.T.);
#764=ORIENTED_EDGE('',*,*,#574,.T.);
#765=ORIENTED_EDGE('',*,*,#571,.F.);
#766=ORIENTED_EDGE('',*,*,#574,.F.);
#767=ORIENTED_EDGE('',*,*,#575,.T.);
#768=ORIENTED_EDGE('',*,*,#576,.T.);
#769=ORIENTED_EDGE('',*,*,#577,.T.);
#770=ORIENTED_EDGE('',*,*,#567,.T.);
#771=ORIENTED_EDGE('',*,*,#577,.F.);
#772=ORIENTED_EDGE('',*,*,#578,.T.);
#773=ORIENTED_EDGE('',*,*,#579,.T.);
#774=ORIENTED_EDGE('',*,*,#576,.F.);
#775=ORIENTED_EDGE('',*,*,#579,.F.);
#776=ORIENTED_EDGE('',*,*,#580,.T.);
#777=ORIENTED_EDGE('',*,*,#581,.T.);
#778=ORIENTED_EDGE('',*,*,#582,.T.);
#779=ORIENTED_EDGE('',*,*,#566,.T.);
#780=ORIENTED_EDGE('',*,*,#582,.F.);
#781=ORIENTED_EDGE('',*,*,#583,.T.);
#782=ORIENTED_EDGE('',*,*,#584,.T.);
#783=ORIENTED_EDGE('',*,*,#581,.F.);
#784=ORIENTED_EDGE('',*,*,#584,.F.);
#785=ORIENTED_EDGE('',*,*,#585,.T.);
#786=ORIENTED_EDGE('',*,*,#586,.T.);
#787=ORIENTED_EDGE('',*,*,#587,.F.);
#788=ORIENTED_EDGE('',*,*,#588,.T.);
#789=ORIENTED_EDGE('',*,*,#589,.F.);
#790=ORIENTED_EDGE('',*,*,#590,.F.);
#791=ORIENTED_EDGE('',*,*,#591,.T.);
#792=ORIENTED_EDGE('',*,*,#592,.F.);
#793=ORIENTED_EDGE('',*,*,#593,.T.);
#794=ORIENTED_EDGE('',*,*,#594,.F.);
#795=ORIENTED_EDGE('',*,*,#595,.T.);
#796=ORIENTED_EDGE('',*,*,#596,.F.);
#797=ORIENTED_EDGE('',*,*,#597,.T.);
#798=ORIENTED_EDGE('',*,*,#598,.F.);
#799=ORIENTED_EDGE('',*,*,#599,.F.);
#800=ORIENTED_EDGE('',*,*,#600,.T.);
#801=ORIENTED_EDGE('',*,*,#601,.F.);
#802=ORIENTED_EDGE('',*,*,#602,.T.);
#803=ORIENTED_EDGE('',*,*,#603,.F.);
#804=ORIENTED_EDGE('',*,*,#601,.T.);
#805=ORIENTED_EDGE('',*,*,#604,.F.);
#806=ORIENTED_EDGE('',*,*,#557,.F.);
#807=ORIENTED_EDGE('',*,*,#605,.F.);
#808=ORIENTED_EDGE('',*,*,#573,.F.);
#809=ORIENTED_EDGE('',*,*,#606,.T.);
#810=ORIENTED_EDGE('',*,*,#607,.F.);
#811=ORIENTED_EDGE('',*,*,#608,.F.);
#812=ORIENTED_EDGE('',*,*,#596,.T.);
#813=ORIENTED_EDGE('',*,*,#609,.F.);
#814=ORIENTED_EDGE('',*,*,#610,.F.);
#815=ORIENTED_EDGE('',*,*,#606,.F.);
#816=ORIENTED_EDGE('',*,*,#575,.F.);
#817=ORIENTED_EDGE('',*,*,#568,.F.);
#818=ORIENTED_EDGE('',*,*,#611,.T.);
#819=ORIENTED_EDGE('',*,*,#612,.F.);
#820=ORIENTED_EDGE('',*,*,#613,.F.);
#821=ORIENTED_EDGE('',*,*,#592,.T.);
#822=ORIENTED_EDGE('',*,*,#614,.F.);
#823=ORIENTED_EDGE('',*,*,#615,.F.);
#824=ORIENTED_EDGE('',*,*,#611,.F.);
#825=ORIENTED_EDGE('',*,*,#570,.F.);
#826=ORIENTED_EDGE('',*,*,#595,.F.);
#827=ORIENTED_EDGE('',*,*,#616,.T.);
#828=ORIENTED_EDGE('',*,*,#560,.T.);
#829=ORIENTED_EDGE('',*,*,#617,.T.);
#830=ORIENTED_EDGE('',*,*,#593,.F.);
#831=ORIENTED_EDGE('',*,*,#613,.T.);
#832=ORIENTED_EDGE('',*,*,#618,.F.);
#833=ORIENTED_EDGE('',*,*,#528,.F.);
#834=ORIENTED_EDGE('',*,*,#619,.F.);
#835=ORIENTED_EDGE('',*,*,#609,.T.);
#836=ORIENTED_EDGE('',*,*,#600,.F.);
#837=ORIENTED_EDGE('',*,*,#620,.T.);
#838=ORIENTED_EDGE('',*,*,#621,.F.);
#839=ORIENTED_EDGE('',*,*,#530,.F.);
#840=ORIENTED_EDGE('',*,*,#622,.F.);
#841=ORIENTED_EDGE('',*,*,#614,.T.);
#842=ORIENTED_EDGE('',*,*,#591,.F.);
#843=ORIENTED_EDGE('',*,*,#623,.T.);
#844=ORIENTED_EDGE('',*,*,#558,.T.);
#845=ORIENTED_EDGE('',*,*,#604,.T.);
#846=ORIENTED_EDGE('',*,*,#587,.T.);
#847=ORIENTED_EDGE('',*,*,#624,.F.);
#848=ORIENTED_EDGE('',*,*,#555,.F.);
#849=ORIENTED_EDGE('',*,*,#625,.F.);
#850=ORIENTED_EDGE('',*,*,#537,.F.);
#851=ORIENTED_EDGE('',*,*,#626,.T.);
#852=ORIENTED_EDGE('',*,*,#500,.F.);
#853=ORIENTED_EDGE('',*,*,#512,.T.);
#854=ORIENTED_EDGE('',*,*,#498,.F.);
#855=ORIENTED_EDGE('',*,*,#495,.F.);
#856=ORIENTED_EDGE('',*,*,#501,.F.);
#857=ORIENTED_EDGE('',*,*,#626,.F.);
#858=ORIENTED_EDGE('',*,*,#538,.F.);
#859=ORIENTED_EDGE('',*,*,#627,.T.);
#860=ORIENTED_EDGE('',*,*,#506,.T.);
#861=ORIENTED_EDGE('',*,*,#505,.T.);
#862=ORIENTED_EDGE('',*,*,#627,.F.);
#863=ORIENTED_EDGE('',*,*,#520,.T.);
#864=ORIENTED_EDGE('',*,*,#564,.F.);
#865=ORIENTED_EDGE('',*,*,#628,.T.);
#866=ORIENTED_EDGE('',*,*,#524,.F.);
#867=ORIENTED_EDGE('',*,*,#583,.F.);
#868=ORIENTED_EDGE('',*,*,#629,.T.);
#869=ORIENTED_EDGE('',*,*,#603,.T.);
#870=ORIENTED_EDGE('',*,*,#630,.F.);
#871=ORIENTED_EDGE('',*,*,#631,.F.);
#872=ORIENTED_EDGE('',*,*,#620,.F.);
#873=ORIENTED_EDGE('',*,*,#599,.T.);
#874=ORIENTED_EDGE('',*,*,#629,.F.);
#875=ORIENTED_EDGE('',*,*,#585,.F.);
#876=ORIENTED_EDGE('',*,*,#531,.F.);
#877=ORIENTED_EDGE('',*,*,#621,.T.);
#878=ORIENTED_EDGE('',*,*,#631,.T.);
#879=ORIENTED_EDGE('',*,*,#632,.T.);
#880=ORIENTED_EDGE('',*,*,#633,.F.);
#881=ORIENTED_EDGE('',*,*,#553,.F.);
#882=ORIENTED_EDGE('',*,*,#542,.T.);
#883=ORIENTED_EDGE('',*,*,#535,.F.);
#884=ORIENTED_EDGE('',*,*,#634,.F.);
#885=ORIENTED_EDGE('',*,*,#525,.F.);
#886=ORIENTED_EDGE('',*,*,#628,.F.);
#887=ORIENTED_EDGE('',*,*,#563,.F.);
#888=ORIENTED_EDGE('',*,*,#597,.F.);
#889=ORIENTED_EDGE('',*,*,#608,.T.);
#890=ORIENTED_EDGE('',*,*,#635,.F.);
#891=ORIENTED_EDGE('',*,*,#526,.F.);
#892=ORIENTED_EDGE('',*,*,#634,.T.);
#893=ORIENTED_EDGE('',*,*,#562,.T.);
#894=ORIENTED_EDGE('',*,*,#636,.T.);
#895=ORIENTED_EDGE('',*,*,#619,.T.);
#896=ORIENTED_EDGE('',*,*,#527,.F.);
#897=ORIENTED_EDGE('',*,*,#635,.T.);
#898=ORIENTED_EDGE('',*,*,#607,.T.);
#899=ORIENTED_EDGE('',*,*,#610,.T.);
#900=ORIENTED_EDGE('',*,*,#622,.T.);
#901=ORIENTED_EDGE('',*,*,#529,.F.);
#902=ORIENTED_EDGE('',*,*,#618,.T.);
#903=ORIENTED_EDGE('',*,*,#612,.T.);
#904=ORIENTED_EDGE('',*,*,#615,.T.);
#905=ORIENTED_EDGE('',*,*,#602,.F.);
#906=ORIENTED_EDGE('',*,*,#605,.T.);
#907=ORIENTED_EDGE('',*,*,#556,.T.);
#908=ORIENTED_EDGE('',*,*,#624,.T.);
#909=ORIENTED_EDGE('',*,*,#586,.F.);
#910=ORIENTED_EDGE('',*,*,#637,.T.);
#911=ORIENTED_EDGE('',*,*,#638,.F.);
#912=ORIENTED_EDGE('',*,*,#532,.F.);
#913=ORIENTED_EDGE('',*,*,#632,.F.);
#914=ORIENTED_EDGE('',*,*,#630,.T.);
#915=ORIENTED_EDGE('',*,*,#578,.F.);
#916=ORIENTED_EDGE('',*,*,#639,.T.);
#917=ORIENTED_EDGE('',*,*,#589,.T.);
#918=ORIENTED_EDGE('',*,*,#640,.F.);
#919=ORIENTED_EDGE('',*,*,#641,.F.);
#920=ORIENTED_EDGE('',*,*,#637,.F.);
#921=ORIENTED_EDGE('',*,*,#590,.T.);
#922=ORIENTED_EDGE('',*,*,#639,.F.);
#923=ORIENTED_EDGE('',*,*,#580,.F.);
#924=ORIENTED_EDGE('',*,*,#588,.F.);
#925=ORIENTED_EDGE('',*,*,#625,.T.);
#926=ORIENTED_EDGE('',*,*,#554,.T.);
#927=ORIENTED_EDGE('',*,*,#633,.T.);
#928=ORIENTED_EDGE('',*,*,#534,.F.);
#929=ORIENTED_EDGE('',*,*,#642,.F.);
#930=ORIENTED_EDGE('',*,*,#640,.T.);
#931=ORIENTED_EDGE('',*,*,#594,.T.);
#932=ORIENTED_EDGE('',*,*,#617,.F.);
#933=ORIENTED_EDGE('',*,*,#559,.F.);
#934=ORIENTED_EDGE('',*,*,#623,.F.);
#935=ORIENTED_EDGE('',*,*,#598,.T.);
#936=ORIENTED_EDGE('',*,*,#636,.F.);
#937=ORIENTED_EDGE('',*,*,#561,.F.);
#938=ORIENTED_EDGE('',*,*,#616,.F.);
#939=ORIENTED_EDGE('',*,*,#641,.T.);
#940=ORIENTED_EDGE('',*,*,#642,.T.);
#941=ORIENTED_EDGE('',*,*,#533,.F.);
#942=ORIENTED_EDGE('',*,*,#638,.T.);
#943=PLANE('',#1019);
#944=PLANE('',#1021);
#945=PLANE('',#1023);
#946=PLANE('',#1029);
#947=PLANE('',#1031);
#948=PLANE('',#1033);
#949=PLANE('',#1040);
#950=PLANE('',#1055);
#951=PLANE('',#1065);
#952=PLANE('',#1116);
#953=PLANE('',#1120);
#954=PLANE('',#1121);
#955=ADVANCED_FACE('',(#158),#943,.F.);
#956=ADVANCED_FACE('',(#159),#944,.F.);
#957=ADVANCED_FACE('',(#160),#945,.F.);
#958=ADVANCED_FACE('',(#161,#43,#44,#45),#145,.T.);
#959=ADVANCED_FACE('',(#162),#946,.F.);
#960=ADVANCED_FACE('',(#163),#947,.F.);
#961=ADVANCED_FACE('',(#164),#948,.F.);
#962=ADVANCED_FACE('',(#165),#19,.F.);
#963=ADVANCED_FACE('',(#166),#20,.F.);
#964=ADVANCED_FACE('',(#167,#46,#47,#48,#49,#50,#51,#52),#949,.T.);
#965=ADVANCED_FACE('',(#168),#950,.F.);
#966=ADVANCED_FACE('',(#169),#21,.F.);
#967=ADVANCED_FACE('',(#170),#22,.F.);
#968=ADVANCED_FACE('',(#171),#23,.F.);
#969=ADVANCED_FACE('',(#172),#146,.F.);
#970=ADVANCED_FACE('',(#173,#53,#54,#55,#56,#57,#58,#59,#60),#951,.T.);
#971=ADVANCED_FACE('',(#174),#24,.F.);
#972=ADVANCED_FACE('',(#175),#147,.F.);
#973=ADVANCED_FACE('',(#176),#25,.F.);
#974=ADVANCED_FACE('',(#177),#148,.F.);
#975=ADVANCED_FACE('',(#178),#26,.F.);
#976=ADVANCED_FACE('',(#179),#149,.F.);
#977=ADVANCED_FACE('',(#180),#27,.F.);
#978=ADVANCED_FACE('',(#181),#150,.F.);
#979=ADVANCED_FACE('',(#182),#151,.F.);
#980=ADVANCED_FACE('',(#183),#152,.F.);
#981=ADVANCED_FACE('',(#184),#153,.F.);
#982=ADVANCED_FACE('',(#185),#28,.F.);
#983=ADVANCED_FACE('',(#186),#154,.F.);
#984=ADVANCED_FACE('',(#187),#155,.F.);
#985=ADVANCED_FACE('',(#188),#29,.F.);
#986=ADVANCED_FACE('',(#189),#30,.F.);
#987=ADVANCED_FACE('',(#190),#31,.F.);
#988=ADVANCED_FACE('',(#191),#32,.F.);
#989=ADVANCED_FACE('',(#192),#33,.F.);
#990=ADVANCED_FACE('',(#193),#952,.F.);
#991=ADVANCED_FACE('',(#194),#156,.F.);
#992=ADVANCED_FACE('',(#195),#34,.F.);
#993=ADVANCED_FACE('',(#196),#953,.F.);
#994=ADVANCED_FACE('',(#197),#954,.F.);
#995=ADVANCED_FACE('',(#198),#35,.F.);
#996=ADVANCED_FACE('',(#199),#36,.F.);
#997=ADVANCED_FACE('',(#200),#37,.F.);
#998=ADVANCED_FACE('',(#201),#38,.F.);
#999=ADVANCED_FACE('',(#202),#157,.F.);
#1000=ADVANCED_FACE('',(#203),#39,.F.);
#1001=ADVANCED_FACE('',(#204),#40,.F.);
#1002=ADVANCED_FACE('',(#205),#41,.F.);
#1003=ADVANCED_FACE('',(#206),#42,.F.);
#1004=CLOSED_SHELL('',(#955,#956,#957,#958,#959,#960,#961,#962,#963,#964,
#965,#966,#967,#968,#969,#970,#971,#972,#973,#974,#975,#976,#977,#978,#979,
#980,#981,#982,#983,#984,#985,#986,#987,#988,#989,#990,#991,#992,#993,#994,
#995,#996,#997,#998,#999,#1000,#1001,#1002,#1003));
#1005=DERIVED_UNIT_ELEMENT(#1007,1.);
#1006=DERIVED_UNIT_ELEMENT(#1995,-3.);
#1007=(
MASS_UNIT()
NAMED_UNIT(*)
SI_UNIT(.KILO.,.GRAM.)
);
#1008=DERIVED_UNIT((#1005,#1006));
#1009=MEASURE_REPRESENTATION_ITEM('density measure',
POSITIVE_RATIO_MEASURE(7850.),#1008);
#1010=PROPERTY_DEFINITION_REPRESENTATION(#1015,#1012);
#1011=PROPERTY_DEFINITION_REPRESENTATION(#1016,#1013);
#1012=REPRESENTATION('material name',(#1014),#1992);
#1013=REPRESENTATION('density',(#1009),#1992);
#1014=DESCRIPTIVE_REPRESENTATION_ITEM('Steel','Steel');
#1015=PROPERTY_DEFINITION('material property','material name',#2007);
#1016=PROPERTY_DEFINITION('material property','density of part',#2007);
#1017=AXIS2_PLACEMENT_3D('',#1419,#1133,#1134);
#1018=AXIS2_PLACEMENT_3D('',#1420,#1135,#1136);
#1019=AXIS2_PLACEMENT_3D('',#1421,#1137,#1138);
#1020=AXIS2_PLACEMENT_3D('',#1430,#1140,#1141);
#1021=AXIS2_PLACEMENT_3D('',#1432,#1143,#1144);
#1022=AXIS2_PLACEMENT_3D('',#1437,#1145,#1146);
#1023=AXIS2_PLACEMENT_3D('',#1438,#1147,#1148);
#1024=AXIS2_PLACEMENT_3D('',#1444,#1149,#1150);
#1025=AXIS2_PLACEMENT_3D('',#1445,#1151,#1152);
#1026=AXIS2_PLACEMENT_3D('',#1446,#1153,#1154);
#1027=AXIS2_PLACEMENT_3D('',#1448,#1155,#1156);
#1028=AXIS2_PLACEMENT_3D('',#1451,#1158,#1159);
#1029=AXIS2_PLACEMENT_3D('',#1569,#1161,#1162);
#1030=AXIS2_PLACEMENT_3D('',#1573,#1164,#1165);
#1031=AXIS2_PLACEMENT_3D('',#1575,#1167,#1168);
#1032=AXIS2_PLACEMENT_3D('',#1576,#1169,#1170);
#1033=AXIS2_PLACEMENT_3D('',#1577,#1171,#1172);
#1034=AXIS2_PLACEMENT_3D('',#1578,#1173,#1174);
#1035=AXIS2_PLACEMENT_3D('',#1579,#1175,#1176);
#1036=AXIS2_PLACEMENT_3D('',#1581,#1177,#1178);
#1037=AXIS2_PLACEMENT_3D('',#1583,#1180,#1181);
#1038=AXIS2_PLACEMENT_3D('',#1588,#1183,#1184);
#1039=AXIS2_PLACEMENT_3D('',#1591,#1186,#1187);
#1040=AXIS2_PLACEMENT_3D('',#1592,#1188,#1189);
#1041=AXIS2_PLACEMENT_3D('',#1598,#1192,#1193);
#1042=AXIS2_PLACEMENT_3D('',#1600,#1194,#1195);
#1043=AXIS2_PLACEMENT_3D('',#1602,#1196,#1197);
#1044=AXIS2_PLACEMENT_3D('',#1604,#1198,#1199);
#1045=AXIS2_PLACEMENT_3D('',#1606,#1200,#1201);
#1046=AXIS2_PLACEMENT_3D('',#1608,#1202,#1203);
#1047=AXIS2_PLACEMENT_3D('',#1610,#1204,#1205);
#1048=AXIS2_PLACEMENT_3D('',#1612,#1206,#1207);
#1049=AXIS2_PLACEMENT_3D('',#1614,#1208,#1209);
#1050=AXIS2_PLACEMENT_3D('',#1619,#1212,#1213);
#1051=AXIS2_PLACEMENT_3D('',#1621,#1214,#1215);
#1052=AXIS2_PLACEMENT_3D('',#1623,#1216,#1217);
#1053=AXIS2_PLACEMENT_3D('',#1625,#1218,#1219);
#1054=AXIS2_PLACEMENT_3D('',#1627,#1220,#1221);
#1055=AXIS2_PLACEMENT_3D('',#1628,#1222,#1223);
#1056=AXIS2_PLACEMENT_3D('',#1632,#1226,#1227);
#1057=AXIS2_PLACEMENT_3D('',#1635,#1229,#1230);
#1058=AXIS2_PLACEMENT_3D('',#1636,#1231,#1232);
#1059=AXIS2_PLACEMENT_3D('',#1639,#1234,#1235);
#1060=AXIS2_PLACEMENT_3D('',#1640,#1236,#1237);
#1061=AXIS2_PLACEMENT_3D('',#1643,#1239,#1240);
#1062=AXIS2_PLACEMENT_3D('',#1644,#1241,#1242);
#1063=AXIS2_PLACEMENT_3D('',#1646,#1243,#1244);
#1064=AXIS2_PLACEMENT_3D('',#1649,#1246,#1247);
#1065=AXIS2_PLACEMENT_3D('',#1650,#1248,#1249);
#1066=AXIS2_PLACEMENT_3D('',#1654,#1251,#1252);
#1067=AXIS2_PLACEMENT_3D('',#1656,#1253,#1254);
#1068=AXIS2_PLACEMENT_3D('',#1658,#1255,#1256);
#1069=AXIS2_PLACEMENT_3D('',#1660,#1257,#1258);
#1070=AXIS2_PLACEMENT_3D('',#1662,#1259,#1260);
#1071=AXIS2_PLACEMENT_3D('',#1664,#1261,#1262);
#1072=AXIS2_PLACEMENT_3D('',#1666,#1263,#1264);
#1073=AXIS2_PLACEMENT_3D('',#1668,#1265,#1266);
#1074=AXIS2_PLACEMENT_3D('',#1670,#1267,#1268);
#1075=AXIS2_PLACEMENT_3D('',#1675,#1271,#1272);
#1076=AXIS2_PLACEMENT_3D('',#1677,#1273,#1274);
#1077=AXIS2_PLACEMENT_3D('',#1679,#1275,#1276);
#1078=AXIS2_PLACEMENT_3D('',#1680,#1277,#1278);
#1079=AXIS2_PLACEMENT_3D('',#1683,#1279,#1280);
#1080=AXIS2_PLACEMENT_3D('',#1685,#1282,#1283);
#1081=AXIS2_PLACEMENT_3D('',#1686,#1284,#1285);
#1082=AXIS2_PLACEMENT_3D('',#1688,#1286,#1287);
#1083=AXIS2_PLACEMENT_3D('',#1690,#1289,#1290);
#1084=AXIS2_PLACEMENT_3D('',#1693,#1291,#1292);
#1085=AXIS2_PLACEMENT_3D('',#1695,#1294,#1295);
#1086=AXIS2_PLACEMENT_3D('',#1696,#1296,#1297);
#1087=AXIS2_PLACEMENT_3D('',#1698,#1298,#1299);
#1088=AXIS2_PLACEMENT_3D('',#1700,#1301,#1302);
#1089=AXIS2_PLACEMENT_3D('',#1703,#1303,#1304);
#1090=AXIS2_PLACEMENT_3D('',#1705,#1306,#1307);
#1091=AXIS2_PLACEMENT_3D('',#1706,#1308,#1309);
#1092=AXIS2_PLACEMENT_3D('',#1708,#1310,#1311);
#1093=AXIS2_PLACEMENT_3D('',#1710,#1313,#1314);
#1094=AXIS2_PLACEMENT_3D('',#1713,#1315,#1316);
#1095=AXIS2_PLACEMENT_3D('',#1715,#1318,#1319);
#1096=AXIS2_PLACEMENT_3D('',#1716,#1320,#1321);
#1097=AXIS2_PLACEMENT_3D('',#1726,#1322,#1323);
#1098=AXIS2_PLACEMENT_3D('',#1750,#1324,#1325);
#1099=AXIS2_PLACEMENT_3D('',#1780,#1326,#1327);
#1100=AXIS2_PLACEMENT_3D('',#1781,#1328,#1329);
#1101=AXIS2_PLACEMENT_3D('',#1809,#1330,#1331);
#1102=AXIS2_PLACEMENT_3D('',#1810,#1332,#1333);
#1103=AXIS2_PLACEMENT_3D('',#1825,#1334,#1335);
#1104=AXIS2_PLACEMENT_3D('',#1844,#1336,#1337);
#1105=AXIS2_PLACEMENT_3D('',#1847,#1340,#1341);
#1106=AXIS2_PLACEMENT_3D('',#1851,#1343,#1344);
#1107=AXIS2_PLACEMENT_3D('',#1873,#1345,#1346);
#1108=AXIS2_PLACEMENT_3D('',#1874,#1347,#1348);
#1109=AXIS2_PLACEMENT_3D('',#1878,#1350,#1351);
#1110=AXIS2_PLACEMENT_3D('',#1900,#1352,#1353);
#1111=AXIS2_PLACEMENT_3D('',#1901,#1354,#1355);
#1112=AXIS2_PLACEMENT_3D('',#1906,#1360,#1361);
#1113=AXIS2_PLACEMENT_3D('',#1921,#1365,#1366);
#1114=AXIS2_PLACEMENT_3D('',#1924,#1369,#1370);
#1115=AXIS2_PLACEMENT_3D('',#1926,#1372,#1373);
#1116=AXIS2_PLACEMENT_3D('',#1928,#1375,#1376);
#1117=AXIS2_PLACEMENT_3D('',#1930,#1378,#1379);
#1118=AXIS2_PLACEMENT_3D('',#1943,#1381,#1382);
#1119=AXIS2_PLACEMENT_3D('',#1944,#1383,#1384);
#1120=AXIS2_PLACEMENT_3D('',#1946,#1386,#1387);
#1121=AXIS2_PLACEMENT_3D('',#1948,#1389,#1390);
#1122=AXIS2_PLACEMENT_3D('',#1950,#1392,#1393);
#1123=AXIS2_PLACEMENT_3D('',#1953,#1396,#1397);
#1124=AXIS2_PLACEMENT_3D('',#1954,#1398,#1399);
#1125=AXIS2_PLACEMENT_3D('',#1955,#1400,#1401);
#1126=AXIS2_PLACEMENT_3D('',#1968,#1403,#1404);
#1127=AXIS2_PLACEMENT_3D('',#1981,#1406,#1407);
#1128=AXIS2_PLACEMENT_3D('',#1982,#1408,#1409);
#1129=AXIS2_PLACEMENT_3D('',#1984,#1411,#1412);
#1130=AXIS2_PLACEMENT_3D('',#1985,#1413,#1414);
#1131=AXIS2_PLACEMENT_3D('',#1986,#1415,#1416);
#1132=AXIS2_PLACEMENT_3D('',#1987,#1417,#1418);
#1133=DIRECTION('axis',(0.,0.,1.));
#1134=DIRECTION('refdir',(1.,0.,0.));
#1135=DIRECTION('axis',(0.,0.,1.));
#1136=DIRECTION('refdir',(1.,0.,0.));
#1137=DIRECTION('center_axis',(-0.397492954663788,-0.688477993128352,-0.606627895806489));
#1138=DIRECTION('ref_axis',(0.303313947903245,0.525355168412719,-0.794985909327575));
#1139=DIRECTION('',(0.866025403784438,-0.5,0.));
#1140=DIRECTION('center_axis',(-0.397492954663788,-0.688477993128352,-0.606627895806489));
#1141=DIRECTION('ref_axis',(-0.303313947903245,-0.525355168412719,0.794985909327575));
#1142=DIRECTION('',(0.866025403784438,-0.5,0.));
#1143=DIRECTION('center_axis',(-0.456065033810607,-0.789927810115589,-0.409900890144581));
#1144=DIRECTION('ref_axis',(0.204950445072291,0.354984583899061,-0.912130067621214));
#1145=DIRECTION('center_axis',(-0.456065033810607,-0.789927810115589,-0.409900890144581));
#1146=DIRECTION('ref_axis',(-0.204950445072291,-0.354984583899061,0.912130067621214));
#1147=DIRECTION('center_axis',(0.397492954663788,0.688477993128353,-0.606627895806488));
#1148=DIRECTION('ref_axis',(0.303313947903244,0.525355168412718,0.794985909327576));
#1149=DIRECTION('center_axis',(0.397492954663788,0.688477993128353,-0.606627895806488));
#1150=DIRECTION('ref_axis',(-0.303313947903244,-0.525355168412718,-0.794985909327576));
#1151=DIRECTION('center_axis',(0.397492954663788,0.688477993128353,-0.606627895806488));
#1152=DIRECTION('ref_axis',(-0.303313947903244,-0.525355168412718,-0.794985909327576));
#1153=DIRECTION('center_axis',(0.,0.,-1.));
#1154=DIRECTION('ref_axis',(1.,0.,0.));
#1155=DIRECTION('center_axis',(0.,0.,1.));
#1156=DIRECTION('ref_axis',(0.,-1.,0.));
#1157=DIRECTION('',(0.713325593644792,-8.7357190500698E-17,0.70083278851043));
#1158=DIRECTION('center_axis',(0.,0.,-1.));
#1159=DIRECTION('ref_axis',(1.,0.,0.));
#1160=DIRECTION('',(0.29956042885018,-0.682578959761572,0.666595464399441));
#1161=DIRECTION('center_axis',(0.794985909327575,0.,-0.606627895806489));
#1162=DIRECTION('ref_axis',(-0.606627895806489,0.,-0.794985909327575));
#1163=DIRECTION('',(0.,1.,0.));
#1164=DIRECTION('center_axis',(-0.794985909327575,0.,0.606627895806489));
#1165=DIRECTION('ref_axis',(-0.606627895806489,0.,-0.794985909327575));
#1166=DIRECTION('',(0.,1.,0.));
#1167=DIRECTION('center_axis',(0.912130067621214,0.,-0.409900890144581));
#1168=DIRECTION('ref_axis',(-0.409900890144581,0.,-0.912130067621214));
#1169=DIRECTION('center_axis',(-0.912130067621214,0.,0.409900890144581));
#1170=DIRECTION('ref_axis',(-0.409900890144581,0.,-0.912130067621214));
#1171=DIRECTION('center_axis',(-0.794985909327576,0.,-0.606627895806488));
#1172=DIRECTION('ref_axis',(-0.606627895806488,0.,0.794985909327576));
#1173=DIRECTION('center_axis',(0.794985909327576,0.,0.606627895806488));
#1174=DIRECTION('ref_axis',(-0.606627895806488,0.,0.794985909327576));
#1175=DIRECTION('center_axis',(0.,0.,1.));
#1176=DIRECTION('ref_axis',(-1.,0.,0.));
#1177=DIRECTION('center_axis',(0.,0.,1.));
#1178=DIRECTION('ref_axis',(-1.,0.,0.));
#1179=DIRECTION('',(0.,0.,1.));
#1180=DIRECTION('center_axis',(-1.37762629795284E-16,-1.14779495915849E-16,
-1.));
#1181=DIRECTION('ref_axis',(-0.640109699484956,0.768283523593523,0.));
#1182=DIRECTION('',(1.37762629795284E-16,1.14779495915849E-16,1.));
#1183=DIRECTION('center_axis',(0.,0.,1.));
#1184=DIRECTION('ref_axis',(-0.640109699484956,0.768283523593523,0.));
#1185=DIRECTION('',(-1.37762629795284E-16,-1.14779495915849E-16,-1.));
#1186=DIRECTION('center_axis',(-1.8578294150819E-16,-4.4304202925479E-16,
-1.));
#1187=DIRECTION('ref_axis',(-0.640109699484956,0.768283523593523,-2.27497689899567E-16));
#1188=DIRECTION('center_axis',(0.,0.,-1.));
#1189=DIRECTION('ref_axis',(-1.,0.,0.));
#1190=DIRECTION('',(0.,-1.,0.));
#1191=DIRECTION('',(1.,0.,0.));
#1192=DIRECTION('center_axis',(0.,0.,1.));
#1193=DIRECTION('ref_axis',(-1.,0.,0.));
#1194=DIRECTION('center_axis',(0.,0.,1.));
#1195=DIRECTION('ref_axis',(1.,0.,0.));
#1196=DIRECTION('center_axis',(0.,0.,1.));
#1197=DIRECTION('ref_axis',(-1.,0.,0.));
#1198=DIRECTION('center_axis',(0.,0.,1.));
#1199=DIRECTION('ref_axis',(1.,0.,0.));
#1200=DIRECTION('center_axis',(0.,0.,1.));
#1201=DIRECTION('ref_axis',(-1.,0.,0.));
#1202=DIRECTION('center_axis',(0.,0.,1.));
#1203=DIRECTION('ref_axis',(1.,0.,0.));
#1204=DIRECTION('center_axis',(0.,0.,1.));
#1205=DIRECTION('ref_axis',(-1.,0.,0.));
#1206=DIRECTION('center_axis',(0.,0.,1.));
#1207=DIRECTION('ref_axis',(1.,0.,0.));
#1208=DIRECTION('center_axis',(0.,0.,1.));
#1209=DIRECTION('ref_axis',(-1.,0.,0.));
#1210=DIRECTION('',(1.,0.,0.));
#1211=DIRECTION('',(0.,1.,0.));
#1212=DIRECTION('center_axis',(0.,0.,1.));
#1213=DIRECTION('ref_axis',(-1.,0.,0.));
#1214=DIRECTION('center_axis',(0.,0.,1.));
#1215=DIRECTION('ref_axis',(-1.,0.,0.));
#1216=DIRECTION('center_axis',(0.,0.,1.));
#1217=DIRECTION('ref_axis',(-1.,0.,0.));
#1218=DIRECTION('center_axis',(0.,0.,1.));
#1219=DIRECTION('ref_axis',(-1.,0.,0.));
#1220=DIRECTION('center_axis',(0.,0.,1.));
#1221=DIRECTION('ref_axis',(-1.,0.,0.));
#1222=DIRECTION('center_axis',(1.,0.,0.));
#1223=DIRECTION('ref_axis',(0.,-1.,0.));
#1224=DIRECTION('',(0.,0.,-1.));
#1225=DIRECTION('',(0.,-1.,0.));
#1226=DIRECTION('center_axis',(0.,0.,1.));
#1227=DIRECTION('ref_axis',(-1.,0.,0.));
#1228=DIRECTION('',(0.,0.,1.));
#1229=DIRECTION('center_axis',(0.,0.,-1.));
#1230=DIRECTION('ref_axis',(-1.,0.,0.));
#1231=DIRECTION('center_axis',(0.,0.,1.));
#1232=DIRECTION('ref_axis',(-1.,0.,0.));
#1233=DIRECTION('',(0.,0.,1.));
#1234=DIRECTION('center_axis',(0.,0.,-1.));
#1235=DIRECTION('ref_axis',(-1.,0.,0.));
#1236=DIRECTION('center_axis',(0.,0.,1.));
#1237=DIRECTION('ref_axis',(-1.,0.,0.));
#1238=DIRECTION('',(0.,0.,1.));
#1239=DIRECTION('center_axis',(0.,0.,-1.));
#1240=DIRECTION('ref_axis',(-1.,0.,0.));
#1241=DIRECTION('center_axis',(0.,0.,1.));
#1242=DIRECTION('ref_axis',(-1.,0.,0.));
#1243=DIRECTION('center_axis',(0.,0.,-1.));
#1244=DIRECTION('ref_axis',(-1.,0.,0.));
#1245=DIRECTION('',(0.707106781186549,8.65956056235496E-17,0.707106781186546));
#1246=DIRECTION('center_axis',(0.,0.,1.));
#1247=DIRECTION('ref_axis',(-1.,0.,0.));
#1248=DIRECTION('center_axis',(0.,0.,1.));
#1249=DIRECTION('ref_axis',(1.,0.,0.));
#1250=DIRECTION('',(-1.,0.,0.));
#1251=DIRECTION('center_axis',(0.,0.,1.));
#1252=DIRECTION('ref_axis',(-1.,0.,0.));
#1253=DIRECTION('center_axis',(0.,0.,-1.));
#1254=DIRECTION('ref_axis',(1.,0.,0.));
#1255=DIRECTION('center_axis',(0.,0.,1.));
#1256=DIRECTION('ref_axis',(-1.,0.,0.));
#1257=DIRECTION('center_axis',(0.,0.,-1.));
#1258=DIRECTION('ref_axis',(1.,0.,0.));
#1259=DIRECTION('center_axis',(0.,0.,1.));
#1260=DIRECTION('ref_axis',(-1.,0.,0.));
#1261=DIRECTION('center_axis',(0.,0.,-1.));
#1262=DIRECTION('ref_axis',(1.,0.,0.));
#1263=DIRECTION('center_axis',(0.,0.,1.));
#1264=DIRECTION('ref_axis',(-1.,0.,0.));
#1265=DIRECTION('center_axis',(0.,0.,-1.));
#1266=DIRECTION('ref_axis',(1.,0.,0.));
#1267=DIRECTION('center_axis',(0.,0.,1.));
#1268=DIRECTION('ref_axis',(-1.,0.,0.));
#1269=DIRECTION('',(-1.,0.,0.));
#1270=DIRECTION('',(0.,1.,0.));
#1271=DIRECTION('center_axis',(0.,0.,1.));
#1272=DIRECTION('ref_axis',(-1.,0.,0.));
#1273=DIRECTION('center_axis',(0.,0.,1.));
#1274=DIRECTION('ref_axis',(-1.,0.,0.));
#1275=DIRECTION('center_axis',(0.,0.,1.));
#1276=DIRECTION('ref_axis',(-1.,0.,0.));
#1277=DIRECTION('center_axis',(0.,0.,1.));
#1278=DIRECTION('ref_axis',(-1.,0.,0.));
#1279=DIRECTION('center_axis',(0.,0.,-1.));
#1280=DIRECTION('ref_axis',(-1.,0.,0.));
#1281=DIRECTION('',(0.,0.,1.));
#1282=DIRECTION('center_axis',(0.,0.,-1.));
#1283=DIRECTION('ref_axis',(-1.,0.,0.));
#1284=DIRECTION('center_axis',(0.,0.,1.));
#1285=DIRECTION('ref_axis',(-1.,0.,0.));
#1286=DIRECTION('center_axis',(0.,0.,-1.));
#1287=DIRECTION('ref_axis',(-1.,0.,0.));
#1288=DIRECTION('',(0.707106781186549,8.65956056235496E-17,0.707106781186546));
#1289=DIRECTION('center_axis',(0.,0.,1.));
#1290=DIRECTION('ref_axis',(-1.,0.,0.));
#1291=DIRECTION('center_axis',(0.,0.,-1.));
#1292=DIRECTION('ref_axis',(-1.,0.,0.));
#1293=DIRECTION('',(0.,0.,1.));
#1294=DIRECTION('center_axis',(0.,0.,-1.));
#1295=DIRECTION('ref_axis',(-1.,0.,0.));
#1296=DIRECTION('center_axis',(0.,0.,1.));
#1297=DIRECTION('ref_axis',(-1.,0.,0.));
#1298=DIRECTION('center_axis',(0.,0.,-1.));
#1299=DIRECTION('ref_axis',(-1.,0.,0.));
#1300=DIRECTION('',(0.707106781186549,8.65956056235496E-17,0.707106781186546));
#1301=DIRECTION('center_axis',(0.,0.,1.));
#1302=DIRECTION('ref_axis',(-1.,0.,0.));
#1303=DIRECTION('center_axis',(0.,0.,-1.));
#1304=DIRECTION('ref_axis',(-1.,0.,0.));
#1305=DIRECTION('',(0.,0.,1.));
#1306=DIRECTION('center_axis',(0.,0.,-1.));
#1307=DIRECTION('ref_axis',(-1.,0.,0.));
#1308=DIRECTION('center_axis',(0.,0.,1.));
#1309=DIRECTION('ref_axis',(-1.,0.,0.));
#1310=DIRECTION('center_axis',(0.,0.,-1.));
#1311=DIRECTION('ref_axis',(-1.,0.,0.));
#1312=DIRECTION('',(0.707106781186549,8.65956056235496E-17,0.707106781186546));
#1313=DIRECTION('center_axis',(0.,0.,1.));
#1314=DIRECTION('ref_axis',(-1.,0.,0.));
#1315=DIRECTION('center_axis',(0.,0.,-1.));
#1316=DIRECTION('ref_axis',(-1.,0.,0.));
#1317=DIRECTION('',(0.,0.,1.));
#1318=DIRECTION('center_axis',(0.,0.,-1.));
#1319=DIRECTION('ref_axis',(-1.,0.,0.));
#1320=DIRECTION('center_axis',(0.,0.,-1.));
#1321=DIRECTION('ref_axis',(0.,-1.,0.));
#1322=DIRECTION('center_axis',(0.,0.,-1.));
#1323=DIRECTION('ref_axis',(1.,0.,0.));
#1324=DIRECTION('center_axis',(0.,0.,-1.));
#1325=DIRECTION('ref_axis',(0.,-1.,0.));
#1326=DIRECTION('center_axis',(0.,0.,-1.));
#1327=DIRECTION('ref_axis',(1.,0.,0.));
#1328=DIRECTION('center_axis',(0.,0.,-1.));
#1329=DIRECTION('ref_axis',(0.,-1.,0.));
#1330=DIRECTION('center_axis',(0.,0.,-1.));
#1331=DIRECTION('ref_axis',(1.,0.,0.));
#1332=DIRECTION('center_axis',(0.,0.,-1.));
#1333=DIRECTION('ref_axis',(0.,-1.,0.));
#1334=DIRECTION('center_axis',(0.,0.,-1.));
#1335=DIRECTION('ref_axis',(1.,0.,0.));
#1336=DIRECTION('center_axis',(0.,0.,1.));
#1337=DIRECTION('ref_axis',(1.,0.,0.));
#1338=DIRECTION('',(0.,0.,-1.));
#1339=DIRECTION('',(0.,0.,1.));
#1340=DIRECTION('center_axis',(0.,0.,-1.));
#1341=DIRECTION('ref_axis',(1.,0.,0.));
#1342=DIRECTION('',(-0.707106781186547,8.65956056235493E-17,-0.707106781186548));
#1343=DIRECTION('center_axis',(0.,0.,1.));
#1344=DIRECTION('ref_axis',(1.,0.,0.));
#1345=DIRECTION('center_axis',(0.,0.,1.));
#1346=DIRECTION('ref_axis',(1.,0.,0.));
#1347=DIRECTION('center_axis',(0.,0.,-1.));
#1348=DIRECTION('ref_axis',(1.,0.,0.));
#1349=DIRECTION('',(-0.707106781186547,8.65956056235493E-17,-0.707106781186548));
#1350=DIRECTION('center_axis',(0.,0.,1.));
#1351=DIRECTION('ref_axis',(1.,0.,0.));
#1352=DIRECTION('center_axis',(0.,0.,1.));
#1353=DIRECTION('ref_axis',(1.,0.,0.));
#1354=DIRECTION('center_axis',(0.,0.,1.));
#1355=DIRECTION('ref_axis',(-1.,0.,0.));
#1356=DIRECTION('',(0.,0.,1.));
#1357=DIRECTION('',(0.,0.,-1.));
#1358=DIRECTION('',(0.,0.,1.));
#1359=DIRECTION('',(0.,0.,-1.));
#1360=DIRECTION('center_axis',(0.,0.,1.));
#1361=DIRECTION('ref_axis',(1.83697019872103E-16,-1.,0.));
#1362=DIRECTION('',(0.,0.,1.));
#1363=DIRECTION('',(0.,0.,-1.));
#1364=DIRECTION('',(0.,0.,1.));
#1365=DIRECTION('center_axis',(0.,0.,1.));
#1366=DIRECTION('ref_axis',(1.,0.,0.));
#1367=DIRECTION('',(0.,0.,-1.));
#1368=DIRECTION('',(0.,0.,1.));
#1369=DIRECTION('center_axis',(0.,0.,1.));
#1370=DIRECTION('ref_axis',(-1.,0.,0.));
#1371=DIRECTION('',(0.,0.,1.));
#1372=DIRECTION('center_axis',(0.,0.,1.));
#1373=DIRECTION('ref_axis',(-1.,0.,0.));
#1374=DIRECTION('',(0.,0.,1.));
#1375=DIRECTION('center_axis',(-1.,0.,0.));
#1376=DIRECTION('ref_axis',(0.,1.,0.));
#1377=DIRECTION('',(0.,0.,-1.));
#1378=DIRECTION('center_axis',(0.,0.,-1.));
#1379=DIRECTION('ref_axis',(1.,0.,0.));
#1380=DIRECTION('',(-0.707106781186547,8.65956056235493E-17,-0.707106781186548));
#1381=DIRECTION('center_axis',(0.,0.,1.));
#1382=DIRECTION('ref_axis',(1.,0.,0.));
#1383=DIRECTION('center_axis',(0.,0.,-1.));
#1384=DIRECTION('ref_axis',(1.,0.,0.));
#1385=DIRECTION('',(0.,0.,-1.));
#1386=DIRECTION('center_axis',(0.,-1.,0.));
#1387=DIRECTION('ref_axis',(-1.,0.,0.));
#1388=DIRECTION('',(0.,0.,-1.));
#1389=DIRECTION('center_axis',(0.,-1.,0.));
#1390=DIRECTION('ref_axis',(-1.,0.,0.));
#1391=DIRECTION('',(0.,0.,1.));
#1392=DIRECTION('center_axis',(0.,0.,1.));
#1393=DIRECTION('ref_axis',(-1.,0.,0.));
#1394=DIRECTION('',(0.,0.,1.));
#1395=DIRECTION('',(0.,0.,-1.));
#1396=DIRECTION('center_axis',(0.,0.,-1.));
#1397=DIRECTION('ref_axis',(-0.714475021916789,0.699660948643701,0.));
#1398=DIRECTION('center_axis',(0.,0.,-1.));
#1399=DIRECTION('ref_axis',(-0.718458719073967,-0.695569600389921,0.));
#1400=DIRECTION('center_axis',(0.,0.,1.));
#1401=DIRECTION('ref_axis',(1.,-1.22464679914735E-16,0.));
#1402=DIRECTION('',(0.,0.,1.));
#1403=DIRECTION('center_axis',(0.,0.,-1.));
#1404=DIRECTION('ref_axis',(1.,0.,0.));
#1405=DIRECTION('',(-0.707106781186547,8.65956056235493E-17,-0.707106781186548));
#1406=DIRECTION('center_axis',(0.,0.,1.));
#1407=DIRECTION('ref_axis',(1.,0.,0.));
#1408=DIRECTION('center_axis',(0.,0.,1.));
#1409=DIRECTION('ref_axis',(0.994148015980705,0.108026488981302,0.));
#1410=DIRECTION('',(0.,0.,-1.));
#1411=DIRECTION('center_axis',(0.,0.,1.));
#1412=DIRECTION('ref_axis',(1.,0.,0.));
#1413=DIRECTION('center_axis',(0.,0.,1.));
#1414=DIRECTION('ref_axis',(1.,0.,0.));
#1415=DIRECTION('center_axis',(0.,0.,-1.));
#1416=DIRECTION('ref_axis',(1.,0.,0.));
#1417=DIRECTION('',(0.,0.,1.));
#1418=DIRECTION('',(1.,0.,0.));
#1419=CARTESIAN_POINT('',(0.,0.,0.));
#1420=CARTESIAN_POINT('',(0.,0.,0.));
#1421=CARTESIAN_POINT('Origin',(60.4235907505854,-35.9915855103719,-51.1150174440062));
#1422=CARTESIAN_POINT('',(61.1466192373077,-36.4090262018128,-51.1150174440062));
#1423=CARTESIAN_POINT('',(62.9122253346513,-36.2004936445816,-52.508600012091));
#1424=CARTESIAN_POINT('Ctrl Pts',(61.1466192373077,-36.4090262018128,-51.1150174440061));
#1425=CARTESIAN_POINT('Ctrl Pts',(62.0241328869499,-36.3077916482557,-51.8049020644058));
#1426=CARTESIAN_POINT('Ctrl Pts',(62.9122253346513,-36.2004936445817,-52.508600012091));
#1427=CARTESIAN_POINT('',(62.1244238155837,-35.74565622548,-52.508600012091));
#1428=CARTESIAN_POINT('',(60.9552895209605,-35.0706562257604,-52.508600012091));
#1429=CARTESIAN_POINT('',(61.1438005638976,-36.4073988399607,-51.1150174440062));
#1430=CARTESIAN_POINT('Origin',(60.9553089794777,-35.07062252262,-52.5086510128679));
#1431=CARTESIAN_POINT('',(60.4235907505854,-35.9915855103719,-51.1150174440062));
#1432=CARTESIAN_POINT('Origin',(60.4219546332402,-35.994419348741,-51.1077359188343));
#1433=CARTESIAN_POINT('',(61.1385259304945,-36.4081319801044,-51.1077359188343));
#1434=CARTESIAN_POINT('Ctrl Pts',(61.1385259304945,-36.4081319801044,-51.1077359188343));
#1435=CARTESIAN_POINT('Ctrl Pts',(61.1425724064902,-36.408579087513,-51.1113764906688));
#1436=CARTESIAN_POINT('Ctrl Pts',(61.1466192373077,-36.4090262018128,-51.1150174440062));
#1437=CARTESIAN_POINT('Origin',(60.9553089794777,-35.07062252262,-53.481424523063));
#1438=CARTESIAN_POINT('Origin',(60.9552895209605,-35.0706562257604,-52.508600012091));
#1439=CARTESIAN_POINT('',(62.2072842916209,-34.56559003081,-51.1150174440062));
#1440=CARTESIAN_POINT('Ctrl Pts',(62.9122253346513,-36.2004936445816,-52.508600012091));
#1441=CARTESIAN_POINT('Ctrl Pts',(62.559741499727,-35.3769349798327,-51.80488661766));
#1442=CARTESIAN_POINT('Ctrl Pts',(62.2072842916209,-34.56559003081,-51.1150174440062));
#1443=CARTESIAN_POINT('',(62.3053089794777,-35.07062252262,-51.6239614535943));
#1444=CARTESIAN_POINT('Origin',(60.9553089794777,-35.07062252262,-52.508549011314));
#1445=CARTESIAN_POINT('Origin',(60.9553089794777,-35.07062252262,-52.508549011314));
#1446=CARTESIAN_POINT('Origin',(0.,0.,-45.0591910591125));
#1447=CARTESIAN_POINT('',(-76.137545425351,-9.32416013000923E-15,-56.));
#1448=CARTESIAN_POINT('Origin',(0.,0.,-56.));
#1449=CARTESIAN_POINT('',(-60.5224531203114,7.41186284903351E-15,-40.658382118225));
#1450=CARTESIAN_POINT('',(-65.0017093733586,7.96041353231901E-15,-45.0591910591125));
#1451=CARTESIAN_POINT('Origin',(0.,0.,-40.6583821182251));
#1452=CARTESIAN_POINT('',(-61.2973657200047,-35.9673836500448,-51.021722107228));
#1453=CARTESIAN_POINT('',(-58.9382475503436,-35.0706225219798,-48.5780308966954));
#1454=CARTESIAN_POINT('Ctrl Pts',(-61.2973657200047,-35.9673836500447,-51.0217221072278));
#1455=CARTESIAN_POINT('Ctrl Pts',(-61.2944081337535,-35.9707117983476,-51.020870715628));
#1456=CARTESIAN_POINT('Ctrl Pts',(-61.291434881664,-35.9740240453209,-51.0199985475907));
#1457=CARTESIAN_POINT('Ctrl Pts',(-61.2252581200809,-36.047033300334,-51.0002402713749));
#1458=CARTESIAN_POINT('Ctrl Pts',(-61.1551698411794,-36.1094979780481,-50.972102933759));
#1459=CARTESIAN_POINT('Ctrl Pts',(-60.933779771672,-36.2702281729803,-50.8653845664466));
#1460=CARTESIAN_POINT('Ctrl Pts',(-60.7705027949388,-36.3409793273668,-50.7633486352083));
#1461=CARTESIAN_POINT('Ctrl Pts',(-60.4394026012841,-36.4251186763365,-50.5269551551793));
#1462=CARTESIAN_POINT('Ctrl Pts',(-60.2490061715247,-36.4321108391004,-50.3704528500626));
#1463=CARTESIAN_POINT('Ctrl Pts',(-59.8921286866585,-36.3738033149124,-50.0408999360751));
#1464=CARTESIAN_POINT('Ctrl Pts',(-59.7256580731832,-36.3084979068165,-49.8678390322398));
#1465=CARTESIAN_POINT('Ctrl Pts',(-59.4407271405408,-36.1352823323852,-49.540228354461));
#1466=CARTESIAN_POINT('Ctrl Pts',(-59.2999415983914,-36.0098501841546,-49.3579866054227));
#1467=CARTESIAN_POINT('Ctrl Pts',(-59.0783799442153,-35.699206395855,-49.0136709841817));
#1468=CARTESIAN_POINT('Ctrl Pts',(-58.9974208386352,-35.5141767151621,-48.8515507504194));
#1469=CARTESIAN_POINT('Ctrl Pts',(-58.9467245846369,-35.2403170823277,-48.670562333248));
#1470=CARTESIAN_POINT('Ctrl Pts',(-58.9382475502614,-35.157292534106,-48.6215741347254));
#1471=CARTESIAN_POINT('Ctrl Pts',(-58.9382475503436,-35.0706225213396,-48.5780308966954));
#1472=CARTESIAN_POINT('Ctrl Pts',(-58.9382475503436,-35.0706225213396,-48.5780308966954));
#1473=CARTESIAN_POINT('Ctrl Pts',(-58.9382475504087,-35.0019522331294,-48.5435307667233));
#1474=CARTESIAN_POINT('Ctrl Pts',(-58.9435472539997,-34.9310005012234,-48.5124346914876));
#1475=CARTESIAN_POINT('Ctrl Pts',(-58.980349432237,-34.6983596781755,-48.427223796076));
#1476=CARTESIAN_POINT('Ctrl Pts',(-59.0382096201732,-34.5346857971721,-48.3948588267345));
#1477=CARTESIAN_POINT('Ctrl Pts',(-59.2044410517179,-34.2489252096847,-48.3948588267345));
#1478=CARTESIAN_POINT('Ctrl Pts',(-59.3181166529102,-34.1177200330936,-48.427223796076));
#1479=CARTESIAN_POINT('Ctrl Pts',(-59.5733570152019,-33.9138561348669,-48.5454029070526));
#1480=CARTESIAN_POINT('Ctrl Pts',(-59.7147201377054,-33.8406725814647,-48.6307460481176));
#1481=CARTESIAN_POINT('Ctrl Pts',(-60.0357247366433,-33.7292776191958,-48.8515507504194));
#1482=CARTESIAN_POINT('Ctrl Pts',(-60.2365868221696,-33.7081877611676,-49.0136709841817));
#1483=CARTESIAN_POINT('Ctrl Pts',(-60.6161460265308,-33.7472254377775,-49.3579866054227));
#1484=CARTESIAN_POINT('Ctrl Pts',(-60.7947754317169,-33.8076019919268,-49.540228354461));
#1485=CARTESIAN_POINT('Ctrl Pts',(-60.944350785047,-33.8907799291307,-49.7083781489919));
#1486=CARTESIAN_POINT('Ctrl Pts',(-61.0861970360083,-33.9696597598809,-49.8678390322398));
#1487=CARTESIAN_POINT('Ctrl Pts',(-61.2252566612822,-34.0820861006382,-50.0408999360751));
#1488=CARTESIAN_POINT('Ctrl Pts',(-61.4523568727796,-34.3634875940941,-50.3704528500626));
#1489=CARTESIAN_POINT('Ctrl Pts',(-61.5403972706464,-34.532450842017,-50.5269551551793));
#1490=CARTESIAN_POINT('Ctrl Pts',(-61.6309295384064,-34.8618604301857,-50.7633486352083));
#1491=CARTESIAN_POINT('Ctrl Pts',(-61.6501399150883,-35.038767350361,-50.8653845664466));
#1492=CARTESIAN_POINT('Ctrl Pts',(-61.6198607763302,-35.3106697817505,-50.972102933759));
#1493=CARTESIAN_POINT('Ctrl Pts',(-61.6002084868653,-35.4024738683704,-51.0002402713748));
#1494=CARTESIAN_POINT('Ctrl Pts',(-61.5414816543999,-35.5812522902889,-51.0379724808842));
#1495=CARTESIAN_POINT('Ctrl Pts',(-61.5024122431499,-35.6682272328108,-51.0475724624665));
#1496=CARTESIAN_POINT('Ctrl Pts',(-61.4101613665285,-35.8268113492717,-51.0475724624665));
#1497=CARTESIAN_POINT('Ctrl Pts',(-61.3569500715573,-35.9003338527906,-51.038874478142));
#1498=CARTESIAN_POINT('Ctrl Pts',(-61.2973657200047,-35.9673836500447,-51.0217221072278));
#1499=CARTESIAN_POINT('',(-1.16896308233092,71.1558835123894,-51.1150174440062));
#1500=CARTESIAN_POINT('',(-0.105565541580856,72.5838321707098,-52.508600012091));
#1501=CARTESIAN_POINT('Ctrl Pts',(-1.16896308233092,71.1558835123894,-51.1150174440062));
#1502=CARTESIAN_POINT('Ctrl Pts',(-0.642546349299016,71.8667928828662,-51.8048866176587));
#1503=CARTESIAN_POINT('Ctrl Pts',(-0.105565541580859,72.5838321707098,-52.508600012091));
#1504=CARTESIAN_POINT('',(0.957831999169207,71.1590387159491,-51.1150174440062));
#1505=CARTESIAN_POINT('Ctrl Pts',(-0.105565541580852,72.5838321707098,-52.508600012091));
#1506=CARTESIAN_POINT('Ctrl Pts',(0.431403479232919,71.8683705519203,-51.8049020643979));
#1507=CARTESIAN_POINT('Ctrl Pts',(0.957831999169207,71.1590387159491,-51.1150174440062));
#1508=CARTESIAN_POINT('',(0.961104233859736,71.151582595794,-51.1077359188343));
#1509=CARTESIAN_POINT('',(0.959468116514473,71.1553106558717,-51.1113766814202));
#1510=CARTESIAN_POINT('',(1.24439554138474,70.3241573330674,-50.299240702065));
#1511=CARTESIAN_POINT('Ctrl Pts',(0.961104233859681,71.1515825957941,-51.1077359188342));
#1512=CARTESIAN_POINT('Ctrl Pts',(1.00486612817537,71.0951651824414,-51.0528923492355));
#1513=CARTESIAN_POINT('Ctrl Pts',(1.04314190724719,71.0365667680213,-50.9958737512432));
#1514=CARTESIAN_POINT('Ctrl Pts',(1.18994458524086,70.7708031100102,-50.7369810190347));
#1515=CARTESIAN_POINT('Ctrl Pts',(1.24439554138474,70.5452071512854,-50.5163851780661));
#1516=CARTESIAN_POINT('Ctrl Pts',(1.24439554138474,70.3241573330674,-50.299240702065));
#1517=CARTESIAN_POINT('Ctrl Pts',(1.24439554138474,70.3241573330674,-50.299240702065));
#1518=CARTESIAN_POINT('Ctrl Pts',(1.24439554138474,70.3161881814737,-50.2914123434582));
#1519=CARTESIAN_POINT('Ctrl Pts',(1.24432497659275,70.3082248924032,-50.2835885175185));
#1520=CARTESIAN_POINT('Ctrl Pts',(1.24418416467451,70.3002685817918,-50.2757703253643));
#1521=CARTESIAN_POINT('Ctrl Pts',(1.24115537282309,70.1291324375792,-50.1076050380422));
#1522=CARTESIAN_POINT('Ctrl Pts',(1.20382462962681,69.9442897205506,-49.9253471353048));
#1523=CARTESIAN_POINT('Ctrl Pts',(1.04726592948633,69.5962879331134,-49.5810034729127));
#1524=CARTESIAN_POINT('Ctrl Pts',(0.928287374153097,69.4330626446116,-49.4188712922148));
#1525=CARTESIAN_POINT('Ctrl Pts',(0.670911863237093,69.21117145465,-49.1980489226752));
#1526=CARTESIAN_POINT('Ctrl Pts',(0.536689410122503,69.1255575185314,-49.1126993157317));
#1527=CARTESIAN_POINT('Ctrl Pts',(0.232278772188894,69.0069565089331,-48.9945123091239));
#1528=CARTESIAN_POINT('Ctrl Pts',(0.0617377712254102,68.9744071055775,-48.962145581001));
#1529=CARTESIAN_POINT('Ctrl Pts',(-0.268892154031605,68.9739106048644,-48.962145581001));
#1530=CARTESIAN_POINT('Ctrl Pts',(-0.439530143269018,69.0059476661755,-48.9945123091239));
#1531=CARTESIAN_POINT('Ctrl Pts',(-0.74429560927378,69.1236338875261,-49.1126993157317));
#1532=CARTESIAN_POINT('Ctrl Pts',(-0.878774586115417,69.2088443197832,-49.1980489226752));
#1533=CARTESIAN_POINT('Ctrl Pts',(-1.13681535436062,69.4299615188548,-49.4188712922148));
#1534=CARTESIAN_POINT('Ctrl Pts',(-1.25628359665003,69.5928287363049,-49.5810034729127));
#1535=CARTESIAN_POINT('Ctrl Pts',(-1.4138867637616,69.9403587528008,-49.9253471353048));
#1536=CARTESIAN_POINT('Ctrl Pts',(-1.45177248697409,70.1250885186827,-50.1076050380422));
#1537=CARTESIAN_POINT('Ctrl Pts',(-1.45867430212183,70.4584674761414,-50.4352155577845));
#1538=CARTESIAN_POINT('Ctrl Pts',(-1.43166042219148,70.6352192200523,-50.608260043448));
#1539=CARTESIAN_POINT('Ctrl Pts',(-1.32020332557676,70.9281849662822,-50.8939269063673));
#1540=CARTESIAN_POINT('Ctrl Pts',(-1.25326611011145,71.0481024255071,-51.0104987726373));
#1541=CARTESIAN_POINT('Ctrl Pts',(-1.16896308233093,71.1558835123894,-51.1150174440061));
#1542=CARTESIAN_POINT('Ctrl Pts',(61.1385259304946,-36.4081319801044,-51.1077359188342));
#1543=CARTESIAN_POINT('Ctrl Pts',(61.0061434361828,-36.4262662197092,-51.0051017249604));
#1544=CARTESIAN_POINT('Ctrl Pts',(60.8721447898903,-36.4242760022798,-50.8911268134039));
#1545=CARTESIAN_POINT('Ctrl Pts',(60.5655864318673,-36.3757279788781,-50.608260043448));
#1546=CARTESIAN_POINT('Ctrl Pts',(60.3988135812566,-36.3112474005336,-50.4352155577845));
#1547=CARTESIAN_POINT('Ctrl Pts',(60.2597264023635,-36.2276293844904,-50.2757703253643));
#1548=CARTESIAN_POINT('Ctrl Pts',(60.1130325498954,-36.139438301698,-50.1076050380422));
#1549=CARTESIAN_POINT('Ctrl Pts',(59.9716194328422,-36.0146875712335,-49.9253471353048));
#1550=CARTESIAN_POINT('Ctrl Pts',(59.7485203944294,-35.7051028660098,-49.5810034729127));
#1551=CARTESIAN_POINT('Ctrl Pts',(59.6666524257134,-35.5204517703348,-49.4188712922148));
#1552=CARTESIAN_POINT('Ctrl Pts',(59.6031767737887,-35.1866124445887,-49.1980489226752));
#1553=CARTESIAN_POINT('Ctrl Pts',(59.5961441567493,-35.0275654223739,-49.1126993157317));
#1554=CARTESIAN_POINT('Ctrl Pts',(59.6456379884896,-34.704637571942,-48.9945123091239));
#1555=CARTESIAN_POINT('Ctrl Pts',(59.7027198787873,-34.540670031043,-48.962145581001));
#1556=CARTESIAN_POINT('Ctrl Pts',(59.8676048591853,-34.2540878661626,-48.962145581001));
#1557=CARTESIAN_POINT('Ctrl Pts',(59.980668762762,-34.1223295632878,-48.9945123091239));
#1558=CARTESIAN_POINT('Ctrl Pts',(60.2349707531294,-33.9172380382067,-49.1126993157317));
#1559=CARTESIAN_POINT('Ctrl Pts',(60.3760046405523,-33.8433810441155,-49.1980489226752));
#1560=CARTESIAN_POINT('Ctrl Pts',(60.6965181362846,-33.7304697831389,-49.4188712922148));
#1561=CARTESIAN_POINT('Ctrl Pts',(60.8972994051848,-33.7084408590959,-49.5810034729127));
#1562=CARTESIAN_POINT('Ctrl Pts',(61.2770708116036,-33.7457175209083,-49.9253471353048));
#1563=CARTESIAN_POINT('Ctrl Pts',(61.4559943432987,-33.8052724051065,-50.1076050380422));
#1564=CARTESIAN_POINT('Ctrl Pts',(61.748159897119,-33.9659847365857,-50.4352155577845));
#1565=CARTESIAN_POINT('Ctrl Pts',(61.8877244575439,-34.0777553148156,-50.608260043448));
#1566=CARTESIAN_POINT('Ctrl Pts',(62.0857116879103,-34.320762865031,-50.8939269063674));
#1567=CARTESIAN_POINT('Ctrl Pts',(62.1560946462237,-34.4386909236949,-51.0104987726373));
#1568=CARTESIAN_POINT('Ctrl Pts',(62.2072842916209,-34.56559003081,-51.1150174440062));
#1569=CARTESIAN_POINT('Origin',(0.957831999169207,70.3241573330674,-51.1150174440062));
#1570=CARTESIAN_POINT('',(-0.105565541580856,71.6741573325064,-52.508600012091));
#1571=CARTESIAN_POINT('',(-0.105565541580856,70.3241573330674,-52.508600012091));
#1572=CARTESIAN_POINT('',(0.957831999169207,71.1557839922449,-51.1150174440062));
#1573=CARTESIAN_POINT('Origin',(-0.105604458615263,70.3241573330674,-52.5086510128679));
#1574=CARTESIAN_POINT('',(0.957831999169207,70.3241573330674,-51.1150174440062));
#1575=CARTESIAN_POINT('Origin',(0.961104233859736,70.3241573330674,-51.1077359188343));
#1576=CARTESIAN_POINT('Origin',(-0.105604458615263,70.3241573330674,-53.4814245230629));
#1577=CARTESIAN_POINT('Origin',(-0.105565541580856,70.3241573330674,-52.508600012091));
#1578=CARTESIAN_POINT('Origin',(-0.105604458615263,70.3241573330674,-52.5085490113141));
#1579=CARTESIAN_POINT('Origin',(-0.105604458615263,70.3241573330674,-56.));
#1580=CARTESIAN_POINT('',(1.24439554138474,70.3241573330674,-56.));
#1581=CARTESIAN_POINT('Origin',(-0.105604458615263,70.3241573330674,-56.));
#1582=CARTESIAN_POINT('',(1.24439554138474,70.3241573330674,-56.));
#1583=CARTESIAN_POINT('Origin',(1.36474569173388E-14,1.13706324264654E-14,
-48.3291910591126));
#1584=CARTESIAN_POINT('',(-27.6240836951583,27.5885079912292,-56.));
#1585=CARTESIAN_POINT('',(-27.6240836951583,27.5885079912292,-40.6583821182251));
#1586=CARTESIAN_POINT('',(-27.6240836951583,27.5885079912292,-48.3291910591126));
#1587=CARTESIAN_POINT('',(24.0642888944825,30.7428979307761,-56.));
#1588=CARTESIAN_POINT('Origin',(8.88178419700125E-15,4.44089209850063E-14,
-56.));
#1589=CARTESIAN_POINT('',(24.0642888944825,30.7428979307761,-40.6583821182251));
#1590=CARTESIAN_POINT('',(24.0642888944825,30.7428979307761,-48.3291910591126));
#1591=CARTESIAN_POINT('Origin',(9.71445146547012E-15,0.,-40.6583821182251));
#1592=CARTESIAN_POINT('Origin',(0.,-81.9999999999584,-56.));
#1593=CARTESIAN_POINT('',(-27.6240836951583,21.,-56.));
#1594=CARTESIAN_POINT('',(-27.6240836951583,-30.4999999999792,-56.));
#1595=CARTESIAN_POINT('',(-4.51498405385168,21.,-56.));
#1596=CARTESIAN_POINT('',(12.0321444472412,21.,-56.));
#1597=CARTESIAN_POINT('',(-7.00799048207469,17.8666865888504,-56.));
#1598=CARTESIAN_POINT('Origin',(-1.11022302462516E-15,14.8492424049175,
-56.));
#1599=CARTESIAN_POINT('',(-17.496592548407,7.15600707222724,-56.));
#1600=CARTESIAN_POINT('Origin',(-12.0664692854331,12.3293774773799,-56.));
#1601=CARTESIAN_POINT('',(-17.3950757581541,-7.1927486079765,-56.));
#1602=CARTESIAN_POINT('Origin',(-14.8492424049175,-1.11022302462516E-15,
-56.));
#1603=CARTESIAN_POINT('',(-6.96382545286149,-17.9672602146932,-56.));
#1604=CARTESIAN_POINT('Origin',(-12.0664692854331,-12.4706225226201,-56.));
#1605=CARTESIAN_POINT('',(7.1591138811119,-17.4881793949328,-56.));
#1606=CARTESIAN_POINT('Origin',(1.11022302462516E-15,-14.8492424049175,
-56.));
#1607=CARTESIAN_POINT('',(17.8707163809391,-7.00625399284271,-56.));
#1608=CARTESIAN_POINT('Origin',(12.733530714567,-12.4706225226201,-56.));
#1609=CARTESIAN_POINT('',(17.9717705985244,6.96180419719847,-56.));
#1610=CARTESIAN_POINT('Origin',(14.8492424049175,1.11022302462516E-15,-56.));
#1611=CARTESIAN_POINT('',(7.19555663707529,17.3871282736361,-56.));
#1612=CARTESIAN_POINT('Origin',(12.733530714567,12.3293774773799,-56.));
#1613=CARTESIAN_POINT('',(4.51498405385168,21.,-56.));
#1614=CARTESIAN_POINT('Origin',(-1.11022302462516E-15,14.8492424049175,
-56.));
#1615=CARTESIAN_POINT('',(24.0642888944825,21.,-56.));
#1616=CARTESIAN_POINT('',(12.0321444472412,21.,-56.));
#1617=CARTESIAN_POINT('',(24.0642888944825,-17.4760723780533,-56.));
#1618=CARTESIAN_POINT('',(62.3053089794777,-35.07062252262,-56.));
#1619=CARTESIAN_POINT('Origin',(60.9553089794777,-35.07062252262,-56.));
#1620=CARTESIAN_POINT('',(-58.9382475503436,-35.0706225226201,-56.));
#1621=CARTESIAN_POINT('Origin',(-60.2882475503436,-35.0706225226201,-56.));
#1622=CARTESIAN_POINT('',(-42.8493464005753,26.5,-56.));
#1623=CARTESIAN_POINT('Origin',(-45.8993464005753,26.5,-56.));
#1624=CARTESIAN_POINT('',(48.9493464005753,26.5,-56.));
#1625=CARTESIAN_POINT('Origin',(45.8993464005753,26.5,-56.));
#1626=CARTESIAN_POINT('',(3.05,-53.,-56.));
#1627=CARTESIAN_POINT('Origin',(2.06785729896719E-15,-53.,-56.));
#1628=CARTESIAN_POINT('Origin',(24.0642888944825,47.0478552438519,-35.6183821182251));
#1629=CARTESIAN_POINT('',(24.0642888944825,21.,-40.6583821182251));
#1630=CARTESIAN_POINT('',(24.0642888944825,21.,-35.6183821182251));
#1631=CARTESIAN_POINT('',(24.0642888944825,23.5239276219259,-40.6583821182251));
#1632=CARTESIAN_POINT('Origin',(2.06785729896719E-15,-53.,-46.));
#1633=CARTESIAN_POINT('',(3.05,-53.,-40.6583821182251));
#1634=CARTESIAN_POINT('',(3.05,-53.,-46.));
#1635=CARTESIAN_POINT('Origin',(2.06785729896719E-15,-53.,-40.6583821182251));
#1636=CARTESIAN_POINT('Origin',(45.8993464005753,26.5,-46.));
#1637=CARTESIAN_POINT('',(48.9493464005753,26.5,-40.6583821182251));
#1638=CARTESIAN_POINT('',(48.9493464005753,26.5,-46.));
#1639=CARTESIAN_POINT('Origin',(45.8993464005753,26.5,-40.6583821182251));
#1640=CARTESIAN_POINT('Origin',(-45.8993464005753,26.5,-46.));
#1641=CARTESIAN_POINT('',(-42.8493464005753,26.5,-40.6583821182251));
#1642=CARTESIAN_POINT('',(-42.8493464005753,26.5,-46.));
#1643=CARTESIAN_POINT('Origin',(-45.8993464005753,26.5,-40.6583821182251));
#1644=CARTESIAN_POINT('Origin',(-12.0664692854331,-12.4706225226201,-41.1583821182251));
#1645=CARTESIAN_POINT('',(-10.4664692854331,-12.4706225226201,-41.6583821182251));
#1646=CARTESIAN_POINT('Origin',(-12.0664692854331,-12.4706225226201,-41.6583821182251));
#1647=CARTESIAN_POINT('',(-9.46646928543307,-12.4706225226201,-40.6583821182251));
#1648=CARTESIAN_POINT('',(-9.9664692854331,-12.4706225226201,-41.1583821182251));
#1649=CARTESIAN_POINT('Origin',(-12.0664692854331,-12.4706225226201,-40.6583821182251));
#1650=CARTESIAN_POINT('Origin',(0.,0.,-40.6583821182251));
#1651=CARTESIAN_POINT('',(4.51498405385168,21.,-40.6583821182251));
#1652=CARTESIAN_POINT('',(12.0321444472412,21.,-40.6583821182251));
#1653=CARTESIAN_POINT('',(5.73071968851632,9.81180735802593,-40.6583821182251));
#1654=CARTESIAN_POINT('Origin',(-1.11022302462516E-15,14.8492424049175,
-40.6583821182251));
#1655=CARTESIAN_POINT('',(9.81180735802593,5.73071968851632,-40.6583821182251));
#1656=CARTESIAN_POINT('Origin',(0.,0.,-40.6583821182251));
#1657=CARTESIAN_POINT('',(9.81180735802593,-5.73071968851632,-40.6583821182251));
#1658=CARTESIAN_POINT('Origin',(14.8492424049175,1.11022302462516E-15,-40.6583821182251));
#1659=CARTESIAN_POINT('',(5.73071968851632,-9.81180735802593,-40.6583821182251));
#1660=CARTESIAN_POINT('Origin',(0.,0.,-40.6583821182251));
#1661=CARTESIAN_POINT('',(-5.73071968851632,-9.81180735802593,-40.6583821182251));
#1662=CARTESIAN_POINT('Origin',(1.11022302462516E-15,-14.8492424049175,
-40.6583821182251));
#1663=CARTESIAN_POINT('',(-9.81180735802593,-5.73071968851632,-40.6583821182251));
#1664=CARTESIAN_POINT('Origin',(0.,0.,-40.6583821182251));
#1665=CARTESIAN_POINT('',(-9.81180735802593,5.73071968851632,-40.6583821182251));
#1666=CARTESIAN_POINT('Origin',(-14.8492424049175,-1.11022302462516E-15,
-40.6583821182251));
#1667=CARTESIAN_POINT('',(-5.73071968851632,9.81180735802593,-40.6583821182251));
#1668=CARTESIAN_POINT('Origin',(0.,0.,-40.6583821182251));
#1669=CARTESIAN_POINT('',(-4.51498405385168,21.,-40.6583821182251));
#1670=CARTESIAN_POINT('Origin',(-1.11022302462516E-15,14.8492424049175,
-40.6583821182251));
#1671=CARTESIAN_POINT('',(-27.6240836951583,21.,-40.6583821182251));
#1672=CARTESIAN_POINT('',(12.0321444472412,21.,-40.6583821182251));
#1673=CARTESIAN_POINT('',(-27.6240836951583,10.5,-40.6583821182251));
#1674=CARTESIAN_POINT('',(-9.46646928543307,12.3293774773799,-40.6583821182251));
#1675=CARTESIAN_POINT('Origin',(-12.0664692854331,12.3293774773799,-40.6583821182251));
#1676=CARTESIAN_POINT('',(15.333530714567,-12.4706225226201,-40.6583821182251));
#1677=CARTESIAN_POINT('Origin',(12.733530714567,-12.4706225226201,-40.6583821182251));
#1678=CARTESIAN_POINT('',(15.333530714567,12.3293774773799,-40.6583821182251));
#1679=CARTESIAN_POINT('Origin',(12.733530714567,12.3293774773799,-40.6583821182251));
#1680=CARTESIAN_POINT('Origin',(-12.0664692854331,-12.4706225226201,-35.9083821182251));
#1681=CARTESIAN_POINT('',(-13.6664692854331,-12.4706225226201,-47.7583821182251));
#1682=CARTESIAN_POINT('',(-10.4664692854331,-12.4706225226201,-47.7583821182251));
#1683=CARTESIAN_POINT('Origin',(-12.0664692854331,-12.4706225226201,-47.7583821182251));
#1684=CARTESIAN_POINT('',(-10.4664692854331,-12.4706225226201,-35.9083821182251));
#1685=CARTESIAN_POINT('Origin',(-12.0664692854331,-12.4706225226201,-47.7583821182251));
#1686=CARTESIAN_POINT('Origin',(-12.0664692854331,12.3293774773799,-41.1583821182251));
#1687=CARTESIAN_POINT('',(-10.4664692854331,12.3293774773799,-41.6583821182251));
#1688=CARTESIAN_POINT('Origin',(-12.0664692854331,12.3293774773799,-41.6583821182251));
#1689=CARTESIAN_POINT('',(-9.9664692854331,12.3293774773799,-41.1583821182251));
#1690=CARTESIAN_POINT('Origin',(-12.0664692854331,12.3293774773799,-35.9083821182251));
#1691=CARTESIAN_POINT('',(-13.6664692854331,12.3293774773799,-47.7583821182251));
#1692=CARTESIAN_POINT('',(-10.4664692854331,12.3293774773799,-47.7583821182251));
#1693=CARTESIAN_POINT('Origin',(-12.0664692854331,12.3293774773799,-47.7583821182251));
#1694=CARTESIAN_POINT('',(-10.4664692854331,12.3293774773799,-35.9083821182251));
#1695=CARTESIAN_POINT('Origin',(-12.0664692854331,12.3293774773799,-47.7583821182251));
#1696=CARTESIAN_POINT('Origin',(12.733530714567,12.3293774773799,-41.1583821182251));
#1697=CARTESIAN_POINT('',(14.333530714567,12.3293774773799,-41.6583821182251));
#1698=CARTESIAN_POINT('Origin',(12.733530714567,12.3293774773799,-41.6583821182251));
#1699=CARTESIAN_POINT('',(14.833530714567,12.3293774773799,-41.1583821182251));
#1700=CARTESIAN_POINT('Origin',(12.733530714567,12.3293774773799,-35.9083821182251));
#1701=CARTESIAN_POINT('',(11.133530714567,12.3293774773799,-47.7583821182251));
#1702=CARTESIAN_POINT('',(14.333530714567,12.3293774773799,-47.7583821182251));
#1703=CARTESIAN_POINT('Origin',(12.733530714567,12.3293774773799,-47.7583821182251));
#1704=CARTESIAN_POINT('',(14.333530714567,12.3293774773799,-35.9083821182251));
#1705=CARTESIAN_POINT('Origin',(12.733530714567,12.3293774773799,-47.7583821182251));
#1706=CARTESIAN_POINT('Origin',(12.733530714567,-12.4706225226201,-41.1583821182251));
#1707=CARTESIAN_POINT('',(14.333530714567,-12.4706225226201,-41.6583821182251));
#1708=CARTESIAN_POINT('Origin',(12.733530714567,-12.4706225226201,-41.6583821182251));
#1709=CARTESIAN_POINT('',(14.833530714567,-12.4706225226201,-41.1583821182251));
#1710=CARTESIAN_POINT('Origin',(12.733530714567,-12.4706225226201,-35.9083821182251));
#1711=CARTESIAN_POINT('',(11.133530714567,-12.4706225226201,-47.7583821182251));
#1712=CARTESIAN_POINT('',(14.333530714567,-12.4706225226201,-47.7583821182251));
#1713=CARTESIAN_POINT('Origin',(12.733530714567,-12.4706225226201,-47.7583821182251));
#1714=CARTESIAN_POINT('',(14.333530714567,-12.4706225226201,-35.9083821182251));
#1715=CARTESIAN_POINT('Origin',(12.733530714567,-12.4706225226201,-47.7583821182251));
#1716=CARTESIAN_POINT('Origin',(0.,0.,-44.5294876892186));
#1717=CARTESIAN_POINT('',(12.6465671171388,7.30514350214763,-51.1833686551759));
#1718=CARTESIAN_POINT('',(9.81180735802593,5.73071968851632,-45.2899702475587));
#1719=CARTESIAN_POINT('Ctrl Pts',(12.6465671182039,7.30514350175963,-51.1833686546629));
#1720=CARTESIAN_POINT('Ctrl Pts',(12.0214800791672,7.11666482607047,-50.0280664668672));
#1721=CARTESIAN_POINT('Ctrl Pts',(11.444427545363,6.85459759647478,-48.8845021416411));
#1722=CARTESIAN_POINT('Ctrl Pts',(10.5518458251049,6.3199890727992,-46.9931923725526));
#1723=CARTESIAN_POINT('Ctrl Pts',(10.1727778095889,6.04802105770373,-46.1474788318353));
#1724=CARTESIAN_POINT('Ctrl Pts',(9.81180735802593,5.73071968851631,-45.2899702475587));
#1725=CARTESIAN_POINT('',(5.73071968851632,9.81180735802593,-45.2899702475587));
#1726=CARTESIAN_POINT('Origin',(0.,0.,-45.2899702475587));
#1727=CARTESIAN_POINT('',(7.36300193525038,12.8484669271773,-51.5539389213296));
#1728=CARTESIAN_POINT('Ctrl Pts',(5.73071968851631,9.81180735802593,-45.2899702475587));
#1729=CARTESIAN_POINT('Ctrl Pts',(6.04802105770373,10.1727778095889,-46.1474788318353));
#1730=CARTESIAN_POINT('Ctrl Pts',(6.3199890727992,10.5518458251049,-46.9931923725526));
#1731=CARTESIAN_POINT('Ctrl Pts',(6.54571193157101,10.9287124268547,-47.7917427678336));
#1732=CARTESIAN_POINT('Ctrl Pts',(6.88758880303917,11.4995096224428,-49.0012166879044));
#1733=CARTESIAN_POINT('Ctrl Pts',(7.17202371201455,12.1456529242709,-50.2728611800489));
#1734=CARTESIAN_POINT('Ctrl Pts',(7.36300193476921,12.8484669281123,-51.5539389208884));
#1735=CARTESIAN_POINT('',(7.76771819713676,12.3293774771501,-51.1241946356553));
#1736=CARTESIAN_POINT('Ctrl Pts',(7.36300193613718,12.8484669277179,-51.5539389215027));
#1737=CARTESIAN_POINT('Ctrl Pts',(7.49698482920495,12.6766485948017,-51.4040474280913));
#1738=CARTESIAN_POINT('Ctrl Pts',(7.63147092991525,12.5038019230404,-51.2604419028607));
#1739=CARTESIAN_POINT('Ctrl Pts',(7.76771819713677,12.3293774769203,-51.1241946356553));
#1740=CARTESIAN_POINT('Ctrl Pts',(7.76771819713677,12.3293774769203,-51.1241946356553));
#1741=CARTESIAN_POINT('Ctrl Pts',(8.00854995778267,12.02106342912,-50.883362875038));
#1742=CARTESIAN_POINT('Ctrl Pts',(8.25453522406261,11.7079802131367,-50.6649720742731));
#1743=CARTESIAN_POINT('Ctrl Pts',(8.94622492669392,10.8549013430951,-50.1762735019606));
#1744=CARTESIAN_POINT('Ctrl Pts',(9.41372845214916,10.301211874398,-49.9542008443238));
#1745=CARTESIAN_POINT('Ctrl Pts',(10.5993801628538,9.07669486186148,-49.9542008443238));
#1746=CARTESIAN_POINT('Ctrl Pts',(11.1377081653808,8.59158195154635,-50.1762735019606));
#1747=CARTESIAN_POINT('Ctrl Pts',(11.9935487368022,7.85066421891323,-50.6799845181537));
#1748=CARTESIAN_POINT('Ctrl Pts',(12.3225791787883,7.57521216333521,-50.9189474527594));
#1749=CARTESIAN_POINT('Ctrl Pts',(12.6465671178281,7.30514350298432,-51.183368655185));
#1750=CARTESIAN_POINT('Origin',(0.,0.,-44.5294876892186));
#1751=CARTESIAN_POINT('',(-5.73071968851632,-9.81180735802593,-45.2899702475587));
#1752=CARTESIAN_POINT('',(-7.2673869650227,-12.5250249642613,-50.9577727810833));
#1753=CARTESIAN_POINT('Ctrl Pts',(-5.73071968851631,-9.81180735802593,-45.2899702475587));
#1754=CARTESIAN_POINT('Ctrl Pts',(-6.04802105770373,-10.1727778095889,-46.1474788318353));
#1755=CARTESIAN_POINT('Ctrl Pts',(-6.3199890727992,-10.5518458251049,-46.9931923725526));
#1756=CARTESIAN_POINT('Ctrl Pts',(-6.54571193157101,-10.9287124268547,-47.7917427678336));
#1757=CARTESIAN_POINT('Ctrl Pts',(-6.83447868427035,-11.4108370347933,-48.813326517777));
#1758=CARTESIAN_POINT('Ctrl Pts',(-7.08236152054625,-11.9464855062303,-49.8793371075743));
#1759=CARTESIAN_POINT('Ctrl Pts',(-7.26738696459429,-12.525024965252,-50.9577727806253));
#1760=CARTESIAN_POINT('',(-12.7323751051437,-7.3304688011548,-51.3414903393441));
#1761=CARTESIAN_POINT('Ctrl Pts',(-12.7323751056191,-7.33046880195592,-51.3414903394969));
#1762=CARTESIAN_POINT('Ctrl Pts',(-12.7310758396793,-7.33145889462664,-51.3403415274285));
#1763=CARTESIAN_POINT('Ctrl Pts',(-12.7297764954545,-7.33244906019688,-51.3391930840441));
#1764=CARTESIAN_POINT('Ctrl Pts',(-12.2431793948534,-7.70323061051939,-50.9092345880352));
#1765=CARTESIAN_POINT('Ctrl Pts',(-11.7519438224211,-8.07375362081382,-50.5272048494655));
#1766=CARTESIAN_POINT('Ctrl Pts',(-10.7230923993313,-8.89429036359867,-49.9333039406611));
#1767=CARTESIAN_POINT('Ctrl Pts',(-10.1869918017963,-9.34107590534938,-49.7143740445027));
#1768=CARTESIAN_POINT('Ctrl Pts',(-9.0005176678561,-10.4890982810714,-49.7143740445027));
#1769=CARTESIAN_POINT('Ctrl Pts',(-8.53631892580354,-11.0101939525864,-49.9333039406611));
#1770=CARTESIAN_POINT('Ctrl Pts',(-7.81351050216496,-11.8576737362535,-50.4359843755833));
#1771=CARTESIAN_POINT('Ctrl Pts',(-7.53782585640014,-12.1937289704515,-50.6835959321433));
#1772=CARTESIAN_POINT('Ctrl Pts',(-7.26738696586749,-12.5250249648682,-50.9577727811832));
#1773=CARTESIAN_POINT('',(-9.81180735802593,-5.73071968851632,-45.2899702475587));
#1774=CARTESIAN_POINT('Ctrl Pts',(-12.7323751059745,-7.33046880074295,-51.3414903389566));
#1775=CARTESIAN_POINT('Ctrl Pts',(-12.0743102969772,-7.14043513269019,-50.1324387787768));
#1776=CARTESIAN_POINT('Ctrl Pts',(-11.4679436139707,-6.86868245888645,-48.9343308231824));
#1777=CARTESIAN_POINT('Ctrl Pts',(-10.5518458251049,-6.3199890727992,-46.9931923725526));
#1778=CARTESIAN_POINT('Ctrl Pts',(-10.1727778095889,-6.04802105770373,-46.1474788318353));
#1779=CARTESIAN_POINT('Ctrl Pts',(-9.81180735802593,-5.73071968851631,-45.2899702475587));
#1780=CARTESIAN_POINT('Origin',(0.,0.,-45.2899702475587));
#1781=CARTESIAN_POINT('Origin',(0.,0.,-44.5294876892186));
#1782=CARTESIAN_POINT('',(-9.81180735802593,5.73071968851632,-45.2899702475587));
#1783=CARTESIAN_POINT('',(-12.6626455199515,7.30997223469605,-51.2130685658804));
#1784=CARTESIAN_POINT('Ctrl Pts',(-9.81180735802593,5.73071968851631,-45.2899702475587));
#1785=CARTESIAN_POINT('Ctrl Pts',(-10.1727778095889,6.04802105770373,-46.1474788318353));
#1786=CARTESIAN_POINT('Ctrl Pts',(-10.5518458251049,6.3199890727992,-46.9931923725526));
#1787=CARTESIAN_POINT('Ctrl Pts',(-10.9287124268547,6.54571193157101,-47.7917427678336));
#1788=CARTESIAN_POINT('Ctrl Pts',(-11.4488461669823,6.85724411356889,-48.8938648498893));
#1789=CARTESIAN_POINT('Ctrl Pts',(-12.0313860979994,7.12114663514722,-50.0476621518801));
#1790=CARTESIAN_POINT('Ctrl Pts',(-12.6626455207517,7.30997223429449,-51.213068565512));
#1791=CARTESIAN_POINT('',(-7.26793578191499,12.5267417093428,-50.9609727123558));
#1792=CARTESIAN_POINT('Ctrl Pts',(-7.26793578276252,12.526741709874,-50.9609727125315));
#1793=CARTESIAN_POINT('Ctrl Pts',(-7.55622197879136,12.1668788909353,-50.6581413571398));
#1794=CARTESIAN_POINT('Ctrl Pts',(-7.84939912573567,11.8020274412538,-50.3855138239957));
#1795=CARTESIAN_POINT('Ctrl Pts',(-8.58486819483461,10.9257730545385,-49.8671360078941));
#1796=CARTESIAN_POINT('Ctrl Pts',(-9.04026058384488,10.4068259732793,-49.6490711009173));
#1797=CARTESIAN_POINT('Ctrl Pts',(-10.2095821712563,9.26243867187826,-49.6490711009173));
#1798=CARTESIAN_POINT('Ctrl Pts',(-10.7382228963772,8.81833588551055,-49.8671360078941));
#1799=CARTESIAN_POINT('Ctrl Pts',(-11.7339328887029,8.01853784294845,-50.445848197831));
#1800=CARTESIAN_POINT('Ctrl Pts',(-12.2010983022227,7.66340776512146,-50.8076626809867));
#1801=CARTESIAN_POINT('Ctrl Pts',(-12.6626455204066,7.30997223546823,-51.2130685660354));
#1802=CARTESIAN_POINT('',(-5.73071968851632,9.81180735802593,-45.2899702475587));
#1803=CARTESIAN_POINT('Ctrl Pts',(-7.26793578145233,12.5267417102599,-50.9609727119431));
#1804=CARTESIAN_POINT('Ctrl Pts',(-7.08285132935449,11.9475462270953,-49.8814453978926));
#1805=CARTESIAN_POINT('Ctrl Pts',(-6.83476427526895,11.4113138571662,-48.8143368665121));
#1806=CARTESIAN_POINT('Ctrl Pts',(-6.3199890727992,10.5518458251049,-46.9931923725526));
#1807=CARTESIAN_POINT('Ctrl Pts',(-6.04802105770373,10.1727778095889,-46.1474788318353));
#1808=CARTESIAN_POINT('Ctrl Pts',(-5.73071968851631,9.81180735802593,-45.2899702475587));
#1809=CARTESIAN_POINT('Origin',(0.,0.,-45.2899702475587));
#1810=CARTESIAN_POINT('Origin',(0.,0.,-44.5294876892186));
#1811=CARTESIAN_POINT('',(7.36142238252339,-12.8426630888719,-51.5433577057225));
#1812=CARTESIAN_POINT('',(7.65648287648679,-12.4706225225434,-51.2354299563053));
#1813=CARTESIAN_POINT('Ctrl Pts',(7.36142238517546,-12.842663090276,-51.5433577065356));
#1814=CARTESIAN_POINT('Ctrl Pts',(7.45924504704635,-12.7193081030801,-51.4372463627182));
#1815=CARTESIAN_POINT('Ctrl Pts',(7.55744353059128,-12.595361071223,-51.334469302197));
#1816=CARTESIAN_POINT('Ctrl Pts',(7.65648287648679,-12.4706225224667,-51.2354299563053));
#1817=CARTESIAN_POINT('',(5.73071968851632,-9.81180735802593,-45.2899702475587));
#1818=CARTESIAN_POINT('Ctrl Pts',(7.36142238016206,-12.8426630915463,-51.5433577040069));
#1819=CARTESIAN_POINT('Ctrl Pts',(7.17045978238476,-12.1420895673979,-50.2658617243222));
#1820=CARTESIAN_POINT('Ctrl Pts',(6.88664757308562,-11.4979381460935,-48.9978868543397));
#1821=CARTESIAN_POINT('Ctrl Pts',(6.3199890727992,-10.5518458251049,-46.9931923725526));
#1822=CARTESIAN_POINT('Ctrl Pts',(6.04802105770373,-10.1727778095889,-46.1474788318353));
#1823=CARTESIAN_POINT('Ctrl Pts',(5.73071968851631,-9.81180735802593,-45.2899702475587));
#1824=CARTESIAN_POINT('',(9.81180735802593,-5.73071968851632,-45.2899702475587));
#1825=CARTESIAN_POINT('Origin',(0.,0.,-45.2899702475587));
#1826=CARTESIAN_POINT('',(12.7122182855049,-7.32461793695001,-51.304430836103));
#1827=CARTESIAN_POINT('Ctrl Pts',(9.81180735802593,-5.73071968851631,-45.2899702475587));
#1828=CARTESIAN_POINT('Ctrl Pts',(10.1727778095889,-6.04802105770372,-46.1474788318353));
#1829=CARTESIAN_POINT('Ctrl Pts',(10.5518458251049,-6.3199890727992,-46.9931923725526));
#1830=CARTESIAN_POINT('Ctrl Pts',(10.9287124268547,-6.54571193157101,-47.7917427678336));
#1831=CARTESIAN_POINT('Ctrl Pts',(11.4624339144966,-6.86538244474222,-48.9226562076222));
#1832=CARTESIAN_POINT('Ctrl Pts',(12.0619081050369,-7.13488400721903,-50.1079664604833));
#1833=CARTESIAN_POINT('Ctrl Pts',(12.7122182862763,-7.32461793654425,-51.304430835748));
#1834=CARTESIAN_POINT('Ctrl Pts',(7.65648287648679,-12.4706225224667,-51.2354299563053));
#1835=CARTESIAN_POINT('Ctrl Pts',(7.91524598246844,-12.1447143289102,-50.9766668503335));
#1836=CARTESIAN_POINT('Ctrl Pts',(8.17927003666284,-11.8136247503033,-50.7426671291085));
#1837=CARTESIAN_POINT('Ctrl Pts',(8.89901712780486,-10.9396857791806,-50.2406685776835));
#1838=CARTESIAN_POINT('Ctrl Pts',(9.37503292428194,-10.3840914780693,-50.0177709115683));
#1839=CARTESIAN_POINT('Ctrl Pts',(10.5773953506065,-9.15638060334163,-50.0177709115683));
#1840=CARTESIAN_POINT('Ctrl Pts',(11.1229390580597,-8.66887867598004,-50.2406685776835));
#1841=CARTESIAN_POINT('Ctrl Pts',(12.0112487822908,-7.90564723729426,-50.7599559754839));
#1842=CARTESIAN_POINT('Ctrl Pts',(12.3645211086543,-7.61246975457709,-51.0180214803997));
#1843=CARTESIAN_POINT('Ctrl Pts',(12.7122182859596,-7.32461793764147,-51.304430836245));
#1844=CARTESIAN_POINT('Origin',(0.,0.,-56.));
#1845=CARTESIAN_POINT('',(5.73071968851632,-9.81180735802593,-56.));
#1846=CARTESIAN_POINT('',(9.81180735802593,-5.73071968851632,-56.));
#1847=CARTESIAN_POINT('Origin',(-12.0664692854331,12.3293774773799,-53.6583821182251));
#1848=CARTESIAN_POINT('',(-19.5664692854331,12.3293774773799,-53.6583821182251));
#1849=CARTESIAN_POINT('',(-19.5664692854331,12.3293774773799,-53.6583821182251));
#1850=CARTESIAN_POINT('',(-7.00799048207469,17.8666865888504,-53.6583821182251));
#1851=CARTESIAN_POINT('Origin',(-12.0664692854331,12.3293774773799,-53.6583821182251));
#1852=CARTESIAN_POINT('Ctrl Pts',(-7.26793578135702,12.5267417099617,-50.9609727139394));
#1853=CARTESIAN_POINT('Ctrl Pts',(-7.34753102609485,12.7758237139035,-50.8916808258533));
#1854=CARTESIAN_POINT('Ctrl Pts',(-7.4152084828045,13.0325126738753,-50.8551578632987));
#1855=CARTESIAN_POINT('Ctrl Pts',(-7.57369116860993,13.7914130576403,-50.8551578632987));
#1856=CARTESIAN_POINT('Ctrl Pts',(-7.62681497459548,14.3119949654158,-51.0016130228391));
#1857=CARTESIAN_POINT('Ctrl Pts',(-7.63289157234932,15.2918531647322,-51.4733101542656));
#1858=CARTESIAN_POINT('Ctrl Pts',(-7.58702736483256,15.7546276287711,-51.7912345118618));
#1859=CARTESIAN_POINT('Ctrl Pts',(-7.41522459998489,16.7430924318286,-52.558984122254));
#1860=CARTESIAN_POINT('Ctrl Pts',(-7.24246097917017,17.3221306959123,-53.0981903385929));
#1861=CARTESIAN_POINT('Ctrl Pts',(-7.0079904820747,17.8666865888504,-53.6583821182251));
#1862=CARTESIAN_POINT('',(-17.496592548407,7.15600707222724,-53.6583821182251));
#1863=CARTESIAN_POINT('Ctrl Pts',(-17.496592548407,7.15600707222723,-53.6583821182251));
#1864=CARTESIAN_POINT('Ctrl Pts',(-17.0481837096462,7.3218950026965,-53.2193001213265));
#1865=CARTESIAN_POINT('Ctrl Pts',(-16.58131015816,7.4462284617389,-52.8016090227025));
#1866=CARTESIAN_POINT('Ctrl Pts',(-15.6966532044098,7.59430427396419,-52.1187284194632));
#1867=CARTESIAN_POINT('Ctrl Pts',(-15.2210351064569,7.63751311873508,-51.7948104519854));
#1868=CARTESIAN_POINT('Ctrl Pts',(-14.2153239423262,7.62023540735512,-51.315710805885));
#1869=CARTESIAN_POINT('Ctrl Pts',(-13.6817599247361,7.55842471015908,-51.1678985335888));
#1870=CARTESIAN_POINT('Ctrl Pts',(-12.9995946134596,7.4044581944329,-51.1678985335888));
#1871=CARTESIAN_POINT('Ctrl Pts',(-12.8299827305242,7.36002701013178,-51.1830997970469));
#1872=CARTESIAN_POINT('Ctrl Pts',(-12.6626455203627,7.30997223417812,-51.2130685673114));
#1873=CARTESIAN_POINT('Origin',(-12.0664692854331,12.3293774773799,-53.6583821182251));
#1874=CARTESIAN_POINT('Origin',(-12.0664692854331,-12.4706225226201,-53.6583821182251));
#1875=CARTESIAN_POINT('',(-19.5664692854331,-12.4706225226201,-53.6583821182251));
#1876=CARTESIAN_POINT('',(-19.5664692854331,-12.4706225226201,-53.6583821182251));
#1877=CARTESIAN_POINT('',(-17.3950757581541,-7.1927486079765,-53.6583821182251));
#1878=CARTESIAN_POINT('Origin',(-12.0664692854331,-12.4706225226201,-53.6583821182251));
#1879=CARTESIAN_POINT('Ctrl Pts',(-12.7323751055319,-7.33046880061513,-51.3414903408154));
#1880=CARTESIAN_POINT('Ctrl Pts',(-12.8829708553218,-7.37395731776564,-51.3177101935109));
#1881=CARTESIAN_POINT('Ctrl Pts',(-13.0351777145175,-7.41285563477591,-51.3057156560257));
#1882=CARTESIAN_POINT('Ctrl Pts',(-13.7053029853351,-7.56239160115898,-51.3057156560257));
#1883=CARTESIAN_POINT('Ctrl Pts',(-14.2448666724357,-7.62299817317633,-51.454090749292));
#1884=CARTESIAN_POINT('Ctrl Pts',(-15.2615834388089,-7.63579347867319,-51.9362695602386));
#1885=CARTESIAN_POINT('Ctrl Pts',(-15.7422051965057,-7.58933351351625,-52.2626879387273));
#1886=CARTESIAN_POINT('Ctrl Pts',(-16.5783995487105,-7.44370018161592,-52.9075008679844));
#1887=CARTESIAN_POINT('Ctrl Pts',(-16.9935730662814,-7.33485825202138,-53.2731172347516));
#1888=CARTESIAN_POINT('Ctrl Pts',(-17.3950757581541,-7.19274860797651,-53.6583821182251));
#1889=CARTESIAN_POINT('',(-6.96382545286149,-17.9672602146932,-53.6583821182251));
#1890=CARTESIAN_POINT('Ctrl Pts',(-6.96382545286149,-17.9672602146932,-53.6583821182251));
#1891=CARTESIAN_POINT('Ctrl Pts',(-7.21022572016182,-17.4169463429641,-53.0874262816783));
#1892=CARTESIAN_POINT('Ctrl Pts',(-7.39339485878078,-16.8297504832972,-52.5370502033655));
#1893=CARTESIAN_POINT('Ctrl Pts',(-7.57709466950285,-15.8338904516224,-51.7617535983907));
#1894=CARTESIAN_POINT('Ctrl Pts',(-7.62769049000421,-15.3727812185814,-51.4443908095579));
#1895=CARTESIAN_POINT('Ctrl Pts',(-7.63215065947155,-14.3953318382389,-50.9733888536049));
#1896=CARTESIAN_POINT('Ctrl Pts',(-7.58487934117748,-13.8754803533489,-50.8270614603643));
#1897=CARTESIAN_POINT('Ctrl Pts',(-7.42948358655766,-13.0871752886507,-50.8270614603643));
#1898=CARTESIAN_POINT('Ctrl Pts',(-7.35564966337046,-12.8010056783687,-50.8726440732024));
#1899=CARTESIAN_POINT('Ctrl Pts',(-7.26738696447974,-12.5250249648939,-50.9577727825712));
#1900=CARTESIAN_POINT('Origin',(-12.0664692854331,-12.4706225226201,-53.6583821182251));
#1901=CARTESIAN_POINT('Origin',(-14.8492424049175,-1.11022302462516E-15,
-51.));
#1902=CARTESIAN_POINT('',(-9.81180735802593,5.73071968851632,-56.));
#1903=CARTESIAN_POINT('',(-9.81180735802593,-5.73071968851632,-56.));
#1904=CARTESIAN_POINT('',(-17.3950757581541,-7.1927486079765,-51.));
#1905=CARTESIAN_POINT('',(-17.496592548407,7.15600707222724,-51.));
#1906=CARTESIAN_POINT('Origin',(1.11022302462516E-15,-14.8492424049175,
-51.));
#1907=CARTESIAN_POINT('',(7.1591138811119,-17.4881793949328,-53.6583821182251));
#1908=CARTESIAN_POINT('Ctrl Pts',(7.36142237977635,-12.8426630901313,-51.5433577119118));
#1909=CARTESIAN_POINT('Ctrl Pts',(7.41586234176602,-13.0423838545146,-51.5028462660881));
#1910=CARTESIAN_POINT('Ctrl Pts',(7.46237723252355,-13.2453725572026,-51.4821706375457));
#1911=CARTESIAN_POINT('Ctrl Pts',(7.59888376965046,-13.9761367268714,-51.4821706375457));
#1912=CARTESIAN_POINT('Ctrl Pts',(7.64048564991725,-14.5247447149628,-51.6312377018612));
#1913=CARTESIAN_POINT('Ctrl Pts',(7.61475592026291,-15.5547973549577,-52.1172088755893));
#1914=CARTESIAN_POINT('Ctrl Pts',(7.5486981628013,-16.0397486210905,-52.4467125610909));
#1915=CARTESIAN_POINT('Ctrl Pts',(7.38302655203495,-16.8077309072306,-53.0419819155246));
#1916=CARTESIAN_POINT('Ctrl Pts',(7.28276623596693,-17.1527256522234,-53.3420557181618));
#1917=CARTESIAN_POINT('Ctrl Pts',(7.1591138811119,-17.4881793949328,-53.6583821182251));
#1918=CARTESIAN_POINT('',(7.1591138811119,-17.4881793949328,-51.));
#1919=CARTESIAN_POINT('',(-6.96382545286149,-17.9672602146932,-51.));
#1920=CARTESIAN_POINT('',(-5.73071968851632,-9.81180735802593,-56.));
#1921=CARTESIAN_POINT('Origin',(0.,0.,-56.));
#1922=CARTESIAN_POINT('',(9.81180735802593,5.73071968851632,-56.));
#1923=CARTESIAN_POINT('',(5.73071968851632,9.81180735802593,-56.));
#1924=CARTESIAN_POINT('Origin',(60.9553089794777,-35.07062252262,-50.2865));
#1925=CARTESIAN_POINT('',(62.3053089794777,-35.07062252262,-50.2865));
#1926=CARTESIAN_POINT('Origin',(-60.2882475503436,-35.0706225226201,-50.2865));
#1927=CARTESIAN_POINT('',(-58.9382475503436,-35.0706225226201,-50.2865));
#1928=CARTESIAN_POINT('Origin',(-27.6240836951583,21.,-35.6183821182251));
#1929=CARTESIAN_POINT('',(-27.6240836951583,21.,-35.6183821182251));
#1930=CARTESIAN_POINT('Origin',(12.733530714567,-12.4706225226201,-53.6583821182251));
#1931=CARTESIAN_POINT('',(5.233530714567,-12.4706225226201,-53.6583821182251));
#1932=CARTESIAN_POINT('',(17.8707163809391,-7.00625399284271,-53.6583821182251));
#1933=CARTESIAN_POINT('Ctrl Pts',(17.8707163809391,-7.0062539928427,-53.6583821182251));
#1934=CARTESIAN_POINT('Ctrl Pts',(17.434897831957,-7.1942024179729,-53.2229287498954));
#1935=CARTESIAN_POINT('Ctrl Pts',(16.9787919318445,-7.34220829072363,-52.8087795627845));
#1936=CARTESIAN_POINT('Ctrl Pts',(16.1066049268888,-7.53729796436618,-52.1284538779468));
#1937=CARTESIAN_POINT('Ctrl Pts',(15.6336654968731,-7.60624040885743,-51.8043645048544));
#1938=CARTESIAN_POINT('Ctrl Pts',(14.6277431285616,-7.64337325109622,-51.3250536124397));
#1939=CARTESIAN_POINT('Ctrl Pts',(14.0912231180883,-7.61042607011681,-51.1772026979616));
#1940=CARTESIAN_POINT('Ctrl Pts',(13.2832244701289,-7.47334452649906,-51.1772026979616));
#1941=CARTESIAN_POINT('Ctrl Pts',(12.9929630776464,-7.40652779117598,-51.2213589769261));
#1942=CARTESIAN_POINT('Ctrl Pts',(12.7122182860318,-7.32461793647292,-51.3044308374132));
#1943=CARTESIAN_POINT('Origin',(12.733530714567,-12.4706225226201,-53.6583821182251));
#1944=CARTESIAN_POINT('Origin',(12.733530714567,-12.4706225226201,-84.7550317185251));
#1945=CARTESIAN_POINT('',(17.8707163809391,-7.00625399284271,-51.));
#1946=CARTESIAN_POINT('Origin',(24.0642888944825,21.,-35.6183821182251));
#1947=CARTESIAN_POINT('',(4.51498405385168,21.,-51.));
#1948=CARTESIAN_POINT('Origin',(24.0642888944825,21.,-35.6183821182251));
#1949=CARTESIAN_POINT('',(-4.51498405385168,21.,-51.));
#1950=CARTESIAN_POINT('Origin',(-1.11022302462516E-15,14.8492424049175,
-51.));
#1951=CARTESIAN_POINT('',(-7.00799048207469,17.8666865888504,-51.));
#1952=CARTESIAN_POINT('',(-5.73071968851632,9.81180735802593,-56.));
#1953=CARTESIAN_POINT('Origin',(-12.0664692854331,12.3293774773799,-84.7550317185251));
#1954=CARTESIAN_POINT('Origin',(-12.0664692854331,-12.4706225226201,-84.7550317185251));
#1955=CARTESIAN_POINT('Origin',(14.8492424049175,1.11022302462516E-15,-51.));
#1956=CARTESIAN_POINT('',(17.9717705985244,6.96180419719847,-53.6583821182251));
#1957=CARTESIAN_POINT('Ctrl Pts',(12.6465671177369,7.30514350161883,-51.1833686565519));
#1958=CARTESIAN_POINT('Ctrl Pts',(12.9430365748286,7.39453612565079,-51.0888586502941));
#1959=CARTESIAN_POINT('Ctrl Pts',(13.2511086941114,7.46728407833119,-51.0379698387061));
#1960=CARTESIAN_POINT('Ctrl Pts',(14.0714648905119,7.60805657054829,-51.0379698387061));
#1961=CARTESIAN_POINT('Ctrl Pts',(14.6018554788868,7.64220782952309,-51.1852323224407));
#1962=CARTESIAN_POINT('Ctrl Pts',(15.5965879052043,7.6095999788661,-51.6613291493928));
#1963=CARTESIAN_POINT('Ctrl Pts',(16.064467173831,7.543947937305,-51.9828128012837));
#1964=CARTESIAN_POINT('Ctrl Pts',(16.9846163615029,7.34410766058576,-52.7011720241773));
#1965=CARTESIAN_POINT('Ctrl Pts',(17.4914684626064,7.17723067550378,-53.168748089757));
#1966=CARTESIAN_POINT('Ctrl Pts',(17.9717705985244,6.96180419719846,-53.6583821182251));
#1967=CARTESIAN_POINT('',(17.9717705985244,6.96180419719847,-51.));
#1968=CARTESIAN_POINT('Origin',(12.733530714567,12.3293774773799,-53.6583821182251));
#1969=CARTESIAN_POINT('',(5.233530714567,12.3293774773799,-53.6583821182251));
#1970=CARTESIAN_POINT('',(7.19555663707529,17.3871282736361,-53.6583821182251));
#1971=CARTESIAN_POINT('Ctrl Pts',(7.1955566370753,17.3871282736361,-53.6583821182251));
#1972=CARTESIAN_POINT('Ctrl Pts',(7.31098097356666,17.0598707082911,-53.3524615588777));
#1973=CARTESIAN_POINT('Ctrl Pts',(7.40423325074383,16.7239863571852,-53.0621961673412));
#1974=CARTESIAN_POINT('Ctrl Pts',(7.56031769100918,15.9638994401296,-52.4745079547106));
#1975=CARTESIAN_POINT('Ctrl Pts',(7.62160392162186,15.477340263185,-52.1445486729916));
#1976=CARTESIAN_POINT('Ctrl Pts',(7.63675311915203,14.4450651046224,-51.6580181457633));
#1977=CARTESIAN_POINT('Ctrl Pts',(7.58929825073773,13.8958576194721,-51.5088491249185));
#1978=CARTESIAN_POINT('Ctrl Pts',(7.45044164886995,13.1941792138237,-51.5088491249185));
#1979=CARTESIAN_POINT('Ctrl Pts',(7.40968480975401,13.0202633654087,-51.5240005845084));
#1980=CARTESIAN_POINT('Ctrl Pts',(7.36300193463873,12.8484669276322,-51.5539389229859));
#1981=CARTESIAN_POINT('Origin',(12.733530714567,12.3293774773799,-53.6583821182251));
#1982=CARTESIAN_POINT('Origin',(-1.11022302462516E-15,14.8492424049175,
-51.));
#1983=CARTESIAN_POINT('',(7.19555663707529,17.3871282736361,-51.));
#1984=CARTESIAN_POINT('Origin',(0.,0.,-56.));
#1985=CARTESIAN_POINT('Origin',(0.,0.,-56.));
#1986=CARTESIAN_POINT('Origin',(12.733530714567,12.3293774773799,-84.7550317185251));
#1987=CARTESIAN_POINT('',(0.,0.,0.));
#1988=UNCERTAINTY_MEASURE_WITH_UNIT(LENGTH_MEASURE(0.01),#1994,
'DISTANCE_ACCURACY_VALUE',
'Maximum model space distance between geometric entities at asserted c
onnectivities');
#1989=UNCERTAINTY_MEASURE_WITH_UNIT(LENGTH_MEASURE(0.01),#1994,
'DISTANCE_ACCURACY_VALUE',
'Maximum model space distance between geometric entities at asserted c
onnectivities');
#1990=UNCERTAINTY_MEASURE_WITH_UNIT(LENGTH_MEASURE(0.01),#1994,
'DISTANCE_ACCURACY_VALUE',
'Maximum model space distance between geometric entities at asserted c
onnectivities');
#1991=(
GEOMETRIC_REPRESENTATION_CONTEXT(3)
GLOBAL_UNCERTAINTY_ASSIGNED_CONTEXT((#1988))
GLOBAL_UNIT_ASSIGNED_CONTEXT((#1994,#1996,#1997))
REPRESENTATION_CONTEXT('','3D')
);
#1992=(
GEOMETRIC_REPRESENTATION_CONTEXT(3)
GLOBAL_UNCERTAINTY_ASSIGNED_CONTEXT((#1989))
GLOBAL_UNIT_ASSIGNED_CONTEXT((#1994,#1996,#1997))
REPRESENTATION_CONTEXT('','3D')
);
#1993=(
GEOMETRIC_REPRESENTATION_CONTEXT(3)
GLOBAL_UNCERTAINTY_ASSIGNED_CONTEXT((#1990))
GLOBAL_UNIT_ASSIGNED_CONTEXT((#1994,#1996,#1997))
REPRESENTATION_CONTEXT('','3D')
);
#1994=(
LENGTH_UNIT()
NAMED_UNIT(*)
SI_UNIT(.MILLI.,.METRE.)
);
#1995=(
LENGTH_UNIT()
NAMED_UNIT(*)
SI_UNIT($,.METRE.)
);
#1996=(
NAMED_UNIT(*)
PLANE_ANGLE_UNIT()
SI_UNIT($,.RADIAN.)
);
#1997=(
NAMED_UNIT(*)
SI_UNIT($,.STERADIAN.)
SOLID_ANGLE_UNIT()
);
#1998=SHAPE_DEFINITION_REPRESENTATION(#2000,#2003);
#1999=SHAPE_DEFINITION_REPRESENTATION(#2001,#2004);
#2000=PRODUCT_DEFINITION_SHAPE('',$,#2006);
#2001=PRODUCT_DEFINITION_SHAPE('',$,#2007);
#2002=PRODUCT_DEFINITION_SHAPE($,$,#14);
#2003=SHAPE_REPRESENTATION('',(#1017,#1132),#1991);
#2004=SHAPE_REPRESENTATION('',(#1018),#1992);
#2005=PRODUCT_DEFINITION_CONTEXT('part definition',#2013,'design');
#2006=PRODUCT_DEFINITION('bqap_bqfb_num_10_thickerblades_rescued',
'bqap_bqfb_num_10_thickerblades_rescued v2',#2008,#2005);
#2007=PRODUCT_DEFINITION('1','motor mount 15.34mm thick v1',#2009,#2005);
#2008=PRODUCT_DEFINITION_FORMATION('',$,#2015);
#2009=PRODUCT_DEFINITION_FORMATION('',$,#2016);
#2010=PRODUCT_RELATED_PRODUCT_CATEGORY(
'bqap_bqfb_num_10_thickerblades_rescued v2',
'bqap_bqfb_num_10_thickerblades_rescued v2',(#2015));
#2011=PRODUCT_RELATED_PRODUCT_CATEGORY('motor mount 15.34mm thick v1',
'motor mount 15.34mm thick v1',(#2016));
#2012=APPLICATION_PROTOCOL_DEFINITION('international standard',
'automotive_design',2009,#2013);
#2013=APPLICATION_CONTEXT(
'Core Data for Automotive Mechanical Design Process');
#2014=PRODUCT_CONTEXT('part definition',#2013,'mechanical');
#2015=PRODUCT('bqap_bqfb_num_10_thickerblades_rescued',
'bqap_bqfb_num_10_thickerblades_rescued v2',$,(#2014));
#2016=PRODUCT('1','motor mount 15.34mm thick v1','STEP AP214',(#2014));
#2017=PRESENTATION_STYLE_ASSIGNMENT((#2023));
#2018=PRESENTATION_STYLE_ASSIGNMENT((#2024));
#2019=PRESENTATION_STYLE_ASSIGNMENT((#2025));
#2020=PRESENTATION_STYLE_ASSIGNMENT((#2026));
#2021=PRESENTATION_STYLE_ASSIGNMENT((#2027));
#2022=PRESENTATION_STYLE_ASSIGNMENT((#2028));
#2023=SURFACE_STYLE_USAGE(.BOTH.,#2029);
#2024=SURFACE_STYLE_USAGE(.BOTH.,#2030);
#2025=SURFACE_STYLE_USAGE(.BOTH.,#2031);
#2026=SURFACE_STYLE_USAGE(.BOTH.,#2032);
#2027=SURFACE_STYLE_USAGE(.BOTH.,#2033);
#2028=SURFACE_STYLE_USAGE(.BOTH.,#2034);
#2029=SURFACE_SIDE_STYLE('',(#2035));
#2030=SURFACE_SIDE_STYLE('',(#2036));
#2031=SURFACE_SIDE_STYLE('',(#2037));
#2032=SURFACE_SIDE_STYLE('',(#2038));
#2033=SURFACE_SIDE_STYLE('',(#2039));
#2034=SURFACE_SIDE_STYLE('',(#2040));
#2035=SURFACE_STYLE_FILL_AREA(#2041);
#2036=SURFACE_STYLE_FILL_AREA(#2042);
#2037=SURFACE_STYLE_FILL_AREA(#2043);
#2038=SURFACE_STYLE_FILL_AREA(#2044);
#2039=SURFACE_STYLE_FILL_AREA(#2045);
#2040=SURFACE_STYLE_FILL_AREA(#2046);
#2041=FILL_AREA_STYLE('Steel - Satin',(#2047));
#2042=FILL_AREA_STYLE('Opaque(160,160,160) (1)',(#2048));
#2043=FILL_AREA_STYLE('3D Cherry - Glossy',(#2049));
#2044=FILL_AREA_STYLE('Opaque(160,160,160)',(#2050));
#2045=FILL_AREA_STYLE('ABS (White)',(#2051));
#2046=FILL_AREA_STYLE('Opaque(160,160,160) (2)',(#2052));
#2047=FILL_AREA_STYLE_COLOUR('Steel - Satin',#2053);
#2048=FILL_AREA_STYLE_COLOUR('Opaque(160,160,160) (1)',#2054);
#2049=FILL_AREA_STYLE_COLOUR('3D Cherry - Glossy',#2055);
#2050=FILL_AREA_STYLE_COLOUR('Opaque(160,160,160)',#2056);
#2051=FILL_AREA_STYLE_COLOUR('ABS (White)',#2057);
#2052=FILL_AREA_STYLE_COLOUR('Opaque(160,160,160) (2)',#2058);
#2053=COLOUR_RGB('Steel - Satin',0.627450980392157,0.627450980392157,0.627450980392157);
#2054=COLOUR_RGB('Opaque(160,160,160) (1)',0.,0.,0.);
#2055=COLOUR_RGB('3D Cherry - Glossy',0.67843137254902,0.419607843137255,
0.262745098039216);
#2056=COLOUR_RGB('Opaque(160,160,160)',0.627450980392157,0.627450980392157,
0.627450980392157);
#2057=COLOUR_RGB('ABS (White)',0.964705882352941,0.964705882352941,0.952941176470588);
#2058=COLOUR_RGB('Opaque(160,160,160) (2)',0.627450980392157,0.627450980392157,
0.627450980392157);
ENDSEC;
END-ISO-10303-21;
